CODIGO_PROCESO,CODIGO_UNIDAD_COMPRA,UNIDAD_COMPRA,MODALIDAD,TIPO_EXCEPCION,CARATULA,ESTADO_PROCESO,MONEDA,MONTO_ESTIMADO,FECHA_PUBLICACION,HORA_PUBLICACION,DIRIGIDO_MIPYMES,DIRIGIDO_MIPYMES_MUJERES,OBJETO_PROCESO,DECRETO_PRESIDENCIAL,COMPRA_VERDE,COMPRA_CONJUNTA,URL
MIDEREC-UC-CD-2015-006 (Presentación de ofertas),225,"Ministerio de Deportes, Educación Física y Recreación",Compras por Debajo del Umbral,Proceso ordinario,ADQUISICION DE BATERIA (Presentación de ofertas),Proceso adjudicado y celebrado,DOP,7000.0,2015-04-06,10:46:27,No,No,Bienes,No,No,No,https://comunidad.comprasdominicana.gob.do//Public/Tendering/OpportunityDetail/Index?noticeUID=DO1.NTC.705
INAPA-DAF-CM-2015-003 (Presentación de ofertas),635,Instituto Nacional de Aguas Potables y Alcantarillados,Contratación Menor,Proceso ordinario,ARRANCADOR MAGNETICO (Presentación de ofertas),Proceso con etapa cerrada,DOP,53100.0,2015-04-21,15:42:49,No,No,Bienes,No,No,No,https://comunidad.comprasdominicana.gob.do//Public/Tendering/OpportunityDetail/Index?noticeUID=DO1.NTC.3603
PROCURADURIA-DAF-CM-2015-012 (Presentación de ofertas),6,Procuraduría General de la República,Contratación Menor,Proceso ordinario,Impresión de libros Plan Estratégico del Ministerio Publico (Presentación de ofertas),Proceso con etapa cerrada,DOP,400000.0,2015-05-27,16:39:24,No,No,Bienes,No,No,No,https://comunidad.comprasdominicana.gob.do//Public/Tendering/OpportunityDetail/Index?noticeUID=DO1.NTC.9705
DGCP-UC-CD-2015-011,7,Dirección General de Contrataciones Públicas,Compras por Debajo del Umbral,Proceso ordinario,Adquisición de uniformes y artículos deportivos,Proceso con etapa cerrada,DOP,85760.0,2015-06-03,10:41:16,No,No,Bienes,No,No,No,https://comunidad.comprasdominicana.gob.do//Public/Tendering/OpportunityDetail/Index?noticeUID=DO1.NTC.10701
MINIST. PRESIDENCIA-DAF-CM-2015-015,197,Ministerio de la Presidencia,Contratación Menor,Proceso ordinario,ADQUISICIÓN DE RADIOS DE TELECOMUNICACIONES  Y HEADSETS,Proceso con etapa cerrada,DOP,303000.0,2015-07-30,12:55:56,No,No,Bienes,No,No,No,https://comunidad.comprasdominicana.gob.do//Public/Tendering/OpportunityDetail/Index?noticeUID=DO1.NTC.18803
MINISTERIO HACIENDA-DAF-CM-2015-0031,4,Ministerio de Hacienda,Contratación Menor,Proceso ordinario,Ramón Calcaño,Proceso adjudicado y celebrado,DOP,300000.0,2015-11-10,15:00:02,No,No,Bienes,No,No,No,https://comunidad.comprasdominicana.gob.do//Public/Tendering/OpportunityDetail/Index?noticeUID=DO1.NTC.30802
MINISTERIO HACIENDA-UC-CD-2016-0006,4,Ministerio de Hacienda,Compras por Debajo del Umbral,Proceso ordinario,Servicio de Catering para inauguración de Galeria Virtual del Salón de Ex Viceministros,Proceso adjudicado y celebrado,DOP,90000.0,2016-02-25,11:20:02,No,No,Servicios,No,No,No,https://comunidad.comprasdominicana.gob.do//Public/Tendering/OpportunityDetail/Index?noticeUID=DO1.NTC.44303
MIDEREC-UC-CD-2016-0127,225,"Ministerio de Deportes, Educación Física y Recreación",Compras por Debajo del Umbral,Proceso ordinario,ADQUISICION MATERIALES ELECTRICOS,Proceso adjudicado y celebrado,DOP,15930.0,2016-03-23,15:30:03,No,No,Bienes,No,No,No,https://comunidad.comprasdominicana.gob.do//Public/Tendering/OpportunityDetail/Index?noticeUID=DO1.NTC.48903
AGRICULTURA-UC-CD-2016-0192,226,Ministerio de Agricultura,Compras por Debajo del Umbral,Proceso ordinario,HONORARIOS PROFESIONALES.,Proceso adjudicado y celebrado,DOP,33040.0,2016-06-16,11:20:11,No,No,Servicios,No,No,No,https://comunidad.comprasdominicana.gob.do//Public/Tendering/OpportunityDetail/Index?noticeUID=DO1.NTC.91203
CONANI-UC-CD-2016-0035,843,Consejo Nacional para la Niñez y la Adolescencia,Compras por Debajo del Umbral,Proceso ordinario,Servicio de reparación de 4 ventanas  de cristal e instalación de Brazo automático para Puerta Principal.,Proceso adjudicado y celebrado,DOP,10000.0,2016-06-22,14:35:07,No,No,Servicios,No,No,No,https://comunidad.comprasdominicana.gob.do//Public/Tendering/OpportunityDetail/Index?noticeUID=DO1.NTC.94009
DIGECOG-DAF-CM-2016-0017,2,Dirección Gral de Contabilidad Gubernamental,Contratación Menor,Proceso ordinario,Adquisición de materiales ferreteros para ser usados en ésta Institución. Ddirigda a MIPYMES,Proceso con etapa cerrada,DOP,281499.0,2016-07-15,11:00:07,Si,No,Bienes,No,No,No,https://comunidad.comprasdominicana.gob.do//Public/Tendering/OpportunityDetail/Index?noticeUID=DO1.NTC.106401
MINISTERIO HACIENDA-UC-CD-2016-0053,4,Ministerio de Hacienda,Compras por Debajo del Umbral,Proceso ordinario,"'Maestría en Gerencia de Recurso Humanos',a favor de la Licda.Evelyn Aybar,corresp.,al periodo sept.-dic.2016",Proceso adjudicado y celebrado,DOP,29375.0,2016-08-31,09:34:00,No,No,Servicios,No,No,No,https://comunidad.comprasdominicana.gob.do//Public/Tendering/OpportunityDetail/Index?noticeUID=DO1.NTC.128602
ARS SENASA-UC-CD-2016-0098,690,Seguro Nacional de Salud (SENASA),Compras por Debajo del Umbral,Proceso ordinario,"Adquisición de un TV LED para proyectar las imágenes correspondientes al Sistema de Turnos, ubicadas en el Área de Caja del Edificio Administrativo Financiero.",Proceso adjudicado y celebrado,DOP,20000.0,2016-11-09,16:33:02,No,No,Bienes,No,No,No,https://comunidad.comprasdominicana.gob.do//Public/Tendering/OpportunityDetail/Index?noticeUID=DO1.NTC.161816
MINISTERIO HACIENDA-CCC-PE15-2016-0018,4,Ministerio de Hacienda,Procesos de Excepción,"Pasajes aéreos, Reparaciones y Combustibles","Adq. de Boleto aéreo y Seguro de viaje,a favor de los Sres.Pablo Tejeda, Eduardo Klinger y Ricardo Alvarez",Proceso adjudicado y celebrado,DOP,187000.0,2016-11-14,14:17:01,No,No,Servicios,No,No,No,https://comunidad.comprasdominicana.gob.do//Public/Tendering/OpportunityDetail/Index?noticeUID=DO1.NTC.164105
INDRHI-UC-CD-2016-0101,640,Instituto Nacional de Recursos Hidráulicos,Compras por Debajo del Umbral,Proceso ordinario,Compra de Materiales Informáticos ,Proceso adjudicado y celebrado,DOP,68253.98,2016-11-17,14:45:05,No,No,Bienes,No,No,No,https://comunidad.comprasdominicana.gob.do//Public/Tendering/OpportunityDetail/Index?noticeUID=DO1.NTC.165613
DGBN-CCC-PEOR-2016-0001,122,Dirección General de Bienes Nacionales,Procesos de Excepción,"Obras Científicas, Técnicas, Artísticas, Restauración de monumentos",Servicio presentación de orquesta musical.,Proceso adjudicado y celebrado,DOP,450000.0,2016-11-29,13:45:02,No,No,Servicios,No,No,No,https://comunidad.comprasdominicana.gob.do//Public/Tendering/OpportunityDetail/Index?noticeUID=DO1.NTC.170914
MIDEREC-CCC-CP-2016-0014,225,"Ministerio de Deportes, Educación Física y Recreación",Comparación de Precios,Proceso ordinario,ADQUISICION DE UTILIERIA DEPORTIVA,Proceso desierto,DOP,3114.0,2016-12-07,14:00:05,No,No,Bienes,No,No,No,https://comunidad.comprasdominicana.gob.do//Public/Tendering/OpportunityDetail/Index?noticeUID=DO1.NTC.178407
INVI-MAE-PEEN-2016-0003,692,Instituto Nacional de la Vivienda (INVI) (Inactiva),Procesos de Excepción,Emergencia,INVI-EMN-004-2016,Proceso con etapa cerrada,DOP,84709790.0,2016-12-13,11:00:03,No,No,Bienes,No,No,No,https://comunidad.comprasdominicana.gob.do//Public/Tendering/OpportunityDetail/Index?noticeUID=DO1.NTC.177609
INAPA-DAF-CM-2016-0160,635,Instituto Nacional de Aguas Potables y Alcantarillados,Contratación Menor,Proceso ordinario,COMPRA DE CAMISETAS PARA FIESTA DE NAVIDAD,Proceso adjudicado y celebrado,DOP,397500.0,2016-12-14,16:55:01,No,No,Bienes,No,No,No,https://comunidad.comprasdominicana.gob.do//Public/Tendering/OpportunityDetail/Index?noticeUID=DO1.NTC.177816
INABIMA-UC-CD-2017-0006,812,Instituto Nacional de Bienestar Magisterial,Compras por Debajo del Umbral,Proceso ordinario,Servicio de protocolo para actividad institucional,Proceso adjudicado y celebrado,DOP,30000.0,2017-01-11,10:25:02,No,No,Servicios,No,No,No,https://comunidad.comprasdominicana.gob.do//Public/Tendering/OpportunityDetail/Index?noticeUID=DO1.NTC.190703
MIDEREC-UC-CD-2017-0035,225,"Ministerio de Deportes, Educación Física y Recreación",Compras por Debajo del Umbral,Proceso ordinario,ADQUISICION DE BOLETO AEREO,Proceso adjudicado y celebrado,DOP,25500.0,2017-01-18,14:30:03,No,No,Bienes,No,No,No,https://comunidad.comprasdominicana.gob.do//Public/Tendering/OpportunityDetail/Index?noticeUID=DO1.NTC.193512
AGRICULTURA-CCC-PE15-2017-0089,226,Ministerio de Agricultura,Procesos de Excepción,"Pasajes aéreos, Reparaciones y Combustibles",MANTENIMIENTO DE VEHICULO,Proceso adjudicado y celebrado,DOP,15882.0,2017-02-14,17:00:01,No,No,Servicios,No,No,No,https://comunidad.comprasdominicana.gob.do//Public/Tendering/OpportunityDetail/Index?noticeUID=DO1.NTC.205023
MISPAS-UC-CD-2017-0041,240,Ministerio de Salud Pública y Asistencia Social,Compras por Debajo del Umbral,Proceso ordinario,Servicio de Almuerzo para 250 personas,Proceso con etapa cerrada,DOP,50000.0,2017-02-15,15:01:16,No,No,Servicios,No,No,No,https://comunidad.comprasdominicana.gob.do//Public/Tendering/OpportunityDetail/Index?noticeUID=DO1.NTC.205420
DEPRIDAM-UC-CD-2017-0111,632,Despacho de la Primera Dama (Inactiva),Compras por Debajo del Umbral,Proceso ordinario,REQ-4213 CD-2017-130 MANTENIMIENTO MOTOR YAMAHA PLACA K0316532 ,Proceso adjudicado y celebrado,DOP,5600.0,2017-02-21,09:15:03,No,No,Bienes,No,No,No,https://comunidad.comprasdominicana.gob.do//Public/Tendering/OpportunityDetail/Index?noticeUID=DO1.NTC.208201
CEIRD-DAF-CM-2017-0010,623,Centro de Exportación e Inversión de la Republica Dominicana,Contratación Menor,Proceso ordinario,ADQUISICION DE ALIMENTOS Y BEBIDAS,Proceso adjudicado y celebrado,DOP,427975.0,2017-02-23,12:00:04,No,No,Bienes,No,No,No,https://comunidad.comprasdominicana.gob.do//Public/Tendering/OpportunityDetail/Index?noticeUID=DO1.NTC.209604
DIGEIG-UC-CD-2017-0036,720,Dirección nacional de Ética e Integridad Gubernamental,Compras por Debajo del Umbral,Proceso ordinario,Solicitud 056-2017,Proceso adjudicado y celebrado,DOP,15000.0,2017-02-28,12:30:05,No,No,Servicios,No,No,No,https://comunidad.comprasdominicana.gob.do//Public/Tendering/OpportunityDetail/Index?noticeUID=DO1.NTC.211011
DGAP-CCC-CP-2017-0019,223,Dirección General de Aduanas y Puertos,Comparación de Precios,Proceso ordinario,Adq. Mobiliario y Estaciones de oficina para diftes. Deptos. y Adms de esta DGA,Proceso adjudicado y celebrado,DOP,923000.0,2017-03-14,12:00:02,No,No,Bienes,No,No,No,https://comunidad.comprasdominicana.gob.do//Public/Tendering/OpportunityDetail/Index?noticeUID=DO1.NTC.242302
CRBE-UC-CD-2017-0033,886,Unidad Ejecutora para la Readecuación de Barrios y Entornos (URBE),Compras por Debajo del Umbral,Proceso ordinario,notificacion de alguacil,Proceso adjudicado y celebrado,DOP,96000.0,2017-03-16,15:59:01,No,No,Servicios,No,No,No,https://comunidad.comprasdominicana.gob.do//Public/Tendering/OpportunityDetail/Index?noticeUID=DO1.NTC.218409
CRBE-UC-CD-2017-0037,886,Unidad Ejecutora para la Readecuación de Barrios y Entornos (URBE),Compras por Debajo del Umbral,Proceso ordinario,MONTURA DE ESPEJO RETOVISOR PARA CAMIONETA VOLKSWGEN AMAROK 2013,Proceso adjudicado y celebrado,DOP,36000.0,2017-03-21,14:00:01,No,No,Bienes,No,No,No,https://comunidad.comprasdominicana.gob.do//Public/Tendering/OpportunityDetail/Index?noticeUID=DO1.NTC.220509
AMET-CCC-PE15-2017-0051,180,Dirección General de Seguridad de Tránsito y Transporte Terrestre,Procesos de Excepción,"Pasajes aéreos, Reparaciones y Combustibles",adquisicion de combustibles,Proceso con etapa cerrada,DOP,4484000.0,2017-04-10,13:40:00,No,No,Bienes,No,No,No,https://comunidad.comprasdominicana.gob.do//Public/Tendering/OpportunityDetail/Index?noticeUID=DO1.NTC.229213
MESCYT-DAF-CM-2017-0015,264,"Ministerio de Educación Superior, Ciencia y Tecnología (MESCYT)",Contratación Menor,Proceso ordinario,ALQUILER DE SALON DE EVENTOS  EN UN HOTEL DEL DISTRITO NACIONAL,Proceso adjudicado y celebrado,DOP,323900.0,2017-04-12,08:00:03,No,No,Servicios,No,No,No,https://comunidad.comprasdominicana.gob.do//Public/Tendering/OpportunityDetail/Index?noticeUID=DO1.NTC.230101
DGAP-CCC-PE15-2017-0129,223,Dirección General de Aduanas y Puertos,Procesos de Excepción,"Pasajes aéreos, Reparaciones y Combustibles",Adq. Boleto Aéreo y Serv. de Hospedaje,Proceso adjudicado y celebrado,DOP,258854.0,2017-04-18,10:01:52,No,No,Bienes,No,No,No,https://comunidad.comprasdominicana.gob.do//Public/Tendering/OpportunityDetail/Index?noticeUID=DO1.NTC.231704
MINISTERIO HACIENDA-DAF-CM-2017-0034,4,Ministerio de Hacienda,Contratación Menor,Proceso ordinario,"Servicio de Transporte de pasajeros ( ida y vuelta),para el personal de este MH. y el personal de Santiago en 8 Autobuses hacia el Club de Casa de España,para realizar el día de Integración 2017.a cel",Proceso con etapa cerrada,DOP,144500.0,2017-04-19,16:35:05,No,No,Servicios,No,No,No,https://comunidad.comprasdominicana.gob.do//Public/Tendering/OpportunityDetail/Index?noticeUID=DO1.NTC.232430
INDRHI-CCC-PE15-2017-0044,640,Instituto Nacional de Recursos Hidráulicos,Procesos de Excepción,"Pasajes aéreos, Reparaciones y Combustibles",Compra de Gasoil Optimo ,Proceso adjudicado y celebrado,DOP,344560.0,2017-04-24,12:10:05,No,No,Bienes,No,No,No,https://comunidad.comprasdominicana.gob.do//Public/Tendering/OpportunityDetail/Index?noticeUID=DO1.NTC.235307
DEPRIDAM-UC-CD-2017-0237,632,Despacho de la Primera Dama (Inactiva),Compras por Debajo del Umbral,Proceso ordinario,MANTENIMIENTO MOTOR YAMAHA CRUX PLACA K-0533607 CHASIS ME1FE43F6D2020266 REQUISICION 4454,Proceso adjudicado y celebrado,DOP,1200.0,2017-05-03,12:50:03,No,No,Bienes,No,No,No,https://comunidad.comprasdominicana.gob.do//Public/Tendering/OpportunityDetail/Index?noticeUID=DO1.NTC.238913
PASAPORTES-CCC-CP-2017-0009,236,Dirección General de Pasaportes,Comparación de Precios,Proceso ordinario,ADQUISICION DE 480 TABLETS PARA SER OBSEQUIADAS A LOS EMPLEADOS Y UNA GRABADORA DIGITAL USO DE ESTA DGP,Proceso adjudicado y celebrado,DOP,1690000.0,2017-05-04,15:01:43,No,No,Bienes,No,No,No,https://comunidad.comprasdominicana.gob.do//Public/Tendering/OpportunityDetail/Index?noticeUID=DO1.NTC.245614
MINISTERIO HACIENDA-DAF-CM-2017-0039,4,Ministerio de Hacienda,Contratación Menor,Proceso ordinario,Adquisicion de mobiliario,Proceso adjudicado y celebrado,DOP,803000.0,2017-05-08,17:50:01,No,No,Bienes,No,No,No,https://comunidad.comprasdominicana.gob.do//Public/Tendering/OpportunityDetail/Index?noticeUID=DO1.NTC.240623
DEPRIDAM-UC-CD-2017-0272,632,Despacho de la Primera Dama (Inactiva),Compras por Debajo del Umbral,Proceso ordinario,"Carro para Transportar Alimentos,Caja Hermética y Zafacon",Proceso adjudicado y celebrado,DOP,36200.0,2017-05-22,10:00:02,No,No,Bienes,No,No,No,https://comunidad.comprasdominicana.gob.do//Public/Tendering/OpportunityDetail/Index?noticeUID=DO1.NTC.246506
MAP-CCC-PE15-2017-0058,175,Ministerio de Administración Pública,Procesos de Excepción,"Pasajes aéreos, Reparaciones y Combustibles",ADQUISICION DE BOLETO AEREO ,Proceso adjudicado y celebrado,DOP,67000.0,2017-05-25,11:00:04,No,No,Bienes,No,No,No,https://comunidad.comprasdominicana.gob.do//Public/Tendering/OpportunityDetail/Index?noticeUID=DO1.NTC.248604
DIGEPEP-CCC-PE15-2017-0034,924,Direccion General de Proyectos Estrategicos y Especiales de la Presidencia de la Republica (PROPEEP),Procesos de Excepción,"Pasajes aéreos, Reparaciones y Combustibles","Mantenimiento General para el vehículo Toyota Prius C Azul ,2015 placa EA01326,ChasisJTDKD3B3701572182",Proceso adjudicado y celebrado,DOP,5432.01,2017-05-30,17:45:00,No,No,Servicios,No,No,No,https://comunidad.comprasdominicana.gob.do//Public/Tendering/OpportunityDetail/Index?noticeUID=DO1.NTC.250336
DGAP-UC-CD-2017-0343,223,Dirección General de Aduanas y Puertos,Compras por Debajo del Umbral,Proceso ordinario,"ADQ. DE (16) NEUNATICOS JUEGOS DE (4) P/DIF. ADMINISTRACIONES, DGA.",Proceso adjudicado y celebrado,DOP,42901.16,2017-05-31,14:15:00,No,No,Bienes,No,No,No,https://comunidad.comprasdominicana.gob.do//Public/Tendering/OpportunityDetail/Index?noticeUID=DO1.NTC.251119
HOSPNEYARIAS-UC-CD-2017-0277,862,Hospital Traumatológico Dr. Ney Arias Lora,Compras por Debajo del Umbral,Proceso ordinario,DVD CON CARATULA,Proceso adjudicado y celebrado,DOP,5000.0,2017-06-02,15:40:01,No,No,Bienes,No,No,No,https://comunidad.comprasdominicana.gob.do//Public/Tendering/OpportunityDetail/Index?noticeUID=DO1.NTC.252520
DGAP-UC-CD-2017-0409,223,Dirección General de Aduanas y Puertos,Compras por Debajo del Umbral,Proceso ordinario,Serv. Reparación de Copiadora,Proceso adjudicado y celebrado,DOP,932.2,2017-06-21,11:15:04,No,No,Servicios,No,No,No,https://comunidad.comprasdominicana.gob.do//Public/Tendering/OpportunityDetail/Index?noticeUID=DO1.NTC.259602
AEISS-DAF-CM-2017-0019,744,Administradora de Estancias Infantiles Salud Segura (Inactiva),Contratación Menor,Proceso ordinario,Adquisición de Colchones y Cubrecolchones,Proceso adjudicado y celebrado,DOP,806530.0,2017-06-22,09:00:03,No,No,Bienes,No,No,No,https://comunidad.comprasdominicana.gob.do//Public/Tendering/OpportunityDetail/Index?noticeUID=DO1.NTC.259803
CDEEE-CCC-CP-2017-0006,577,Corporación Dominicana de Empresas Eléctricas Estatales,Comparación de Precios,Proceso ordinario,PROCESO NO. CDEEE-CP-010-2017 ADECUACIÓN DEL GRAN SALÓN  DEL CLUB Y IMPERMEABILIZACION DE LOS TECHOS DEL ALMACEN,Proceso con etapa cerrada,DOP,4262654.98,2017-06-30,17:00:05,No,No,Obras,No,No,No,https://comunidad.comprasdominicana.gob.do//Public/Tendering/OpportunityDetail/Index?noticeUID=DO1.NTC.263925
DGAP-CCC-PE15-2017-0208,223,Dirección General de Aduanas y Puertos,Procesos de Excepción,"Pasajes aéreos, Reparaciones y Combustibles",Adq. de Combustible ( Club de Aduanas),Proceso adjudicado y celebrado,DOP,138000.0,2017-07-07,14:30:03,No,No,Bienes,No,No,No,https://comunidad.comprasdominicana.gob.do//Public/Tendering/OpportunityDetail/Index?noticeUID=DO1.NTC.266512
ADESS-UC-CD-2017-0208,208,Administradora de Subsidios Sociales,Compras por Debajo del Umbral,Proceso ordinario,"Almuerzo a personal por capacitación Norma 14001:2015, durante los dias  05 y 06 de Julio 2017",Proceso adjudicado y celebrado,DOP,83900.0,2017-07-14,14:30:02,No,No,Servicios,No,No,No,https://comunidad.comprasdominicana.gob.do//Public/Tendering/OpportunityDetail/Index?noticeUID=DO1.NTC.269715
HOSP RAMON DE LARA-UC-CD-2017-0086,151,Hospital Ramón de Lara FFAA,Compras por Debajo del Umbral,Proceso ordinario,Reparación y mantenimiento de aire acondicionado.,Proceso adjudicado y celebrado,DOP,35650.0,2017-07-19,12:18:03,No,No,Servicios,No,No,No,https://comunidad.comprasdominicana.gob.do//Public/Tendering/OpportunityDetail/Index?noticeUID=DO1.NTC.271315
MOPC-CCC-PEPB-2017-0035,5,Ministerio de Obras Públicas y Comunicaciones,Procesos de Excepción,Publicidad,Publicación Acto Inauguración de Escuelas en Santo Domingo,Proceso adjudicado y celebrado,DOP,1035800.76,2017-08-02,16:30:05,No,No,Servicios,No,No,No,https://comunidad.comprasdominicana.gob.do//Public/Tendering/OpportunityDetail/Index?noticeUID=DO1.NTC.278328
AGRICULTURA-CCC-PE15-2017-0395,226,Ministerio de Agricultura,Procesos de Excepción,"Pasajes aéreos, Reparaciones y Combustibles",MANTENIMIENTO DE VEHICULO,Proceso adjudicado y celebrado,DOP,11261.0,2017-08-07,14:00:54,No,No,Servicios,No,No,No,https://comunidad.comprasdominicana.gob.do//Public/Tendering/OpportunityDetail/Index?noticeUID=DO1.NTC.280918
CNE-UC-CD-2017-0172,909,Comisión Nacional de Energía,Compras por Debajo del Umbral,Proceso ordinario,Servicio de desayuno para 19 personas el 11/08/2017,Proceso adjudicado y celebrado,DOP,20000.0,2017-08-10,10:00:46,No,No,Servicios,No,No,No,https://comunidad.comprasdominicana.gob.do//Public/Tendering/OpportunityDetail/Index?noticeUID=DO1.NTC.282503
HOSP RAMON DE LARA-UC-CD-2017-0116,151,Hospital Ramón de Lara FFAA,Compras por Debajo del Umbral,Proceso ordinario,Adquisición de Reactivos Médicos.,Proceso adjudicado y celebrado,DOP,15050.0,2017-08-11,17:27:05,No,No,Bienes,No,No,No,https://comunidad.comprasdominicana.gob.do//Public/Tendering/OpportunityDetail/Index?noticeUID=DO1.NTC.283024
PROMESECAL-CCC-PEPU-2017-0025,582,Programa de Medicamentos Esenciales,Procesos de Excepción,Proveedor único,Diplomado en Regulacion Sanitaria de Establecimientos Farmaceuticos,Proceso adjudicado y celebrado,DOP,120000.0,2017-08-29,12:02:16,No,No,Servicios,No,No,No,https://comunidad.comprasdominicana.gob.do//Public/Tendering/OpportunityDetail/Index?noticeUID=DO1.NTC.289915
INABIE-UC-CD-2017-0061,856,INSTITUTO NACIONAL DE BIENESTAR ESTUDIANTIL,Compras por Debajo del Umbral,Proceso ordinario,Servicio de Remodelación para la oficina asignada a la Subdirectora del INABIE en Santiago.,Proceso adjudicado y celebrado,DOP,100000.0,2017-09-08,14:30:06,No,No,Servicios,No,No,No,https://comunidad.comprasdominicana.gob.do//Public/Tendering/OpportunityDetail/Index?noticeUID=DO1.NTC.294803
HOSPNEYARIAS-UC-CD-2017-0505,862,Hospital Traumatológico Dr. Ney Arias Lora,Compras por Debajo del Umbral,Proceso ordinario,REQ. ACIDOS CITRICO Y FILTRO ,Proceso adjudicado y celebrado,DOP,80050.0,2017-09-12,09:50:02,No,No,Bienes,No,No,No,https://comunidad.comprasdominicana.gob.do//Public/Tendering/OpportunityDetail/Index?noticeUID=DO1.NTC.296202
DIGEPEP-UC-CD-2017-0138,924,Direccion General de Proyectos Estrategicos y Especiales de la Presidencia de la Republica (PROPEEP),Compras por Debajo del Umbral,Proceso ordinario,Contratacion de Maestria  de ceremonia para acto de Dominicana Limpia,Proceso adjudicado y celebrado,DOP,30000.0,2017-09-14,14:30:04,No,No,Servicios,No,No,No,https://comunidad.comprasdominicana.gob.do//Public/Tendering/OpportunityDetail/Index?noticeUID=DO1.NTC.297525
DGCINE-UC-CD-2017-0143,814,Dirección General de Cine,Compras por Debajo del Umbral,Proceso ordinario,Reposición de suministro de cocina ,Proceso adjudicado y celebrado,DOP,3000.0,2017-09-14,15:00:04,No,No,Bienes,No,No,No,https://comunidad.comprasdominicana.gob.do//Public/Tendering/OpportunityDetail/Index?noticeUID=DO1.NTC.297127
DGAP-DAF-CM-2017-0133,223,Dirección General de Aduanas y Puertos,Contratación Menor,Proceso ordinario,Adq. Cloro Granulado y Pastillas de Cloro,Proceso adjudicado y celebrado,DOP,133600.0,2017-09-25,12:01:26,No,No,Bienes,No,No,No,https://comunidad.comprasdominicana.gob.do//Public/Tendering/OpportunityDetail/Index?noticeUID=DO1.NTC.301509
AGRICULTURA-CCC-PE15-2017-0437,226,Ministerio de Agricultura,Procesos de Excepción,"Pasajes aéreos, Reparaciones y Combustibles",SERVICIO BOLETOS AEREOS,Proceso adjudicado y celebrado,DOP,112400.0,2017-09-26,14:01:09,No,No,Servicios,No,No,No,https://comunidad.comprasdominicana.gob.do//Public/Tendering/OpportunityDetail/Index?noticeUID=DO1.NTC.302013
HOSPNEYARIAS-DAF-CM-2017-0279,862,Hospital Traumatológico Dr. Ney Arias Lora,Contratación Menor,Proceso ordinario,REQ. TELA VERDE,Proceso adjudicado y celebrado,DOP,112000.0,2017-10-04,16:10:01,No,No,Bienes,No,No,No,https://comunidad.comprasdominicana.gob.do//Public/Tendering/OpportunityDetail/Index?noticeUID=DO1.NTC.305823
MISPAS-CCC-PE15-2017-0248,240,Ministerio de Salud Pública y Asistencia Social,Procesos de Excepción,"Pasajes aéreos, Reparaciones y Combustibles",Ing. Maria Antonia Jimenez,Proceso con etapa cerrada,DOP,25000.0,2017-10-05,15:30:01,No,No,Servicios,No,No,No,https://comunidad.comprasdominicana.gob.do//Public/Tendering/OpportunityDetail/Index?noticeUID=DO1.NTC.306419
CONANI-UC-CD-2017-0349,843,Consejo Nacional para la Niñez y la Adolescencia,Compras por Debajo del Umbral,Proceso ordinario,"Contratación de los serv. de notario público para acto de apertura sobres A y B, procesos CP-30, CP-31, CP-32",Sobres abiertos o aperturados,DOP,88500.0,2017-10-10,14:10:02,No,No,Servicios,No,No,No,https://comunidad.comprasdominicana.gob.do//Public/Tendering/OpportunityDetail/Index?noticeUID=DO1.NTC.307923
DGAP-CCC-PE15-2017-0310,223,Dirección General de Aduanas y Puertos,Procesos de Excepción,"Pasajes aéreos, Reparaciones y Combustibles",Adq. Boletos Aereo,Proceso adjudicado y celebrado,DOP,304844.0,2017-10-11,08:00:02,No,No,Bienes,No,No,No,https://comunidad.comprasdominicana.gob.do//Public/Tendering/OpportunityDetail/Index?noticeUID=DO1.NTC.308601
SIV-UC-CD-2017-0133,809,Superintendencia de Valores,Compras por Debajo del Umbral,Proceso ordinario,Radio de Comunicación.,Proceso adjudicado y celebrado,DOP,7800.0,2017-10-20,14:42:02,No,No,Bienes,No,No,No,https://comunidad.comprasdominicana.gob.do//Public/Tendering/OpportunityDetail/Index?noticeUID=DO1.NTC.313032
MESCYT-UC-CD-2017-0182,264,"Ministerio de Educación Superior, Ciencia y Tecnología (MESCYT)",Compras por Debajo del Umbral,Proceso ordinario,COMPRA DE PAPEL TIMBRADO ,Proceso adjudicado y celebrado,DOP,106200.0,2017-10-20,11:26:03,No,No,Bienes,No,No,No,https://comunidad.comprasdominicana.gob.do//Public/Tendering/OpportunityDetail/Index?noticeUID=DO1.NTC.312911
IDEICE-CCC-PE15-2017-0008,869,Instituto Dom.de Evaluacion e Investigacion de la Calidad Educativa,Procesos de Excepción,"Pasajes aéreos, Reparaciones y Combustibles",COMPRA DE BATERÍA ,Cancelado,DOP,5900.0,2017-10-24,13:07:51,No,No,Bienes,No,No,No,https://comunidad.comprasdominicana.gob.do//Public/Tendering/OpportunityDetail/Index?noticeUID=DO1.NTC.314323
HOSPNEYARIAS-UC-CD-2017-0612,862,Hospital Traumatológico Dr. Ney Arias Lora,Compras por Debajo del Umbral,Proceso ordinario,PINTURA,Proceso adjudicado y celebrado,DOP,24000.0,2017-10-24,12:19:00,No,No,Bienes,No,No,No,https://comunidad.comprasdominicana.gob.do//Public/Tendering/OpportunityDetail/Index?noticeUID=DO1.NTC.314401
DIGEPRES-CCC-PE15-2017-0035,217,Dirección General de Presupuesto,Procesos de Excepción,"Pasajes aéreos, Reparaciones y Combustibles",Reparacion de camioneta ,Proceso adjudicado y celebrado,DOP,6000.0,2017-10-27,11:30:03,No,No,Servicios,No,No,No,https://comunidad.comprasdominicana.gob.do//Public/Tendering/OpportunityDetail/Index?noticeUID=DO1.NTC.317102
DEPRIDAM-UC-CD-2017-0737,632,Despacho de la Primera Dama (Inactiva),Compras por Debajo del Umbral,Proceso ordinario,REQ-5451 ADQUISICION DE PLANTAS ARTIFICIALES,Proceso adjudicado y celebrado,DOP,88500.0,2017-11-07,12:00:47,No,No,Bienes,No,No,No,https://comunidad.comprasdominicana.gob.do//Public/Tendering/OpportunityDetail/Index?noticeUID=DO1.NTC.322514
DIGEV-DAF-CM-2017-0139,154,Dirección General de Escuelas Vocacionales de las FFAA,Contratación Menor,Proceso ordinario,Servicio de mantenimiento y reparacion de motor,Proceso adjudicado y celebrado,DOP,121500.0,2017-11-08,14:40:02,No,No,Servicios,No,No,No,https://comunidad.comprasdominicana.gob.do//Public/Tendering/OpportunityDetail/Index?noticeUID=DO1.NTC.322923
BAGRICOLA-UC-CD-2017-0159,652,Banco Agrícola de la República Dominicana,Compras por Debajo del Umbral,Proceso ordinario,ADQUISICIÓN FORMAS TABULARES TAM. 9 1/2 X 5 1/2 DE 3 PULGADA,Proceso adjudicado y celebrado,DOP,28468.5,2017-11-13,16:19:08,No,No,Bienes,No,No,No,https://comunidad.comprasdominicana.gob.do//Public/Tendering/OpportunityDetail/Index?noticeUID=DO1.NTC.326035
MIMARENA-DAF-CM-2017-0198,260,Ministerio de Medio Ambiente,Contratación Menor,Proceso ordinario,EQUIPOS PARA INTERCONEXION PVN,Proceso adjudicado y celebrado,DOP,700000.0,2017-11-14,17:40:06,No,No,Bienes,No,No,No,https://comunidad.comprasdominicana.gob.do//Public/Tendering/OpportunityDetail/Index?noticeUID=DO1.NTC.326433
MITUR-UC-CD-2017-0022,257,Ministerio de Turismo,Compras por Debajo del Umbral,Proceso ordinario,servicio de transporte al personal de este ministerio,Proceso adjudicado y celebrado,DOP,35000.0,2017-11-15,13:00:38,No,No,Servicios,Si,No,No,https://comunidad.comprasdominicana.gob.do//Public/Tendering/OpportunityDetail/Index?noticeUID=DO1.NTC.327130
MISPAS-CCC-PE15-2017-0387,240,Ministerio de Salud Pública y Asistencia Social,Procesos de Excepción,"Pasajes aéreos, Reparaciones y Combustibles",Servicio de Reparación Motor Yamaha ficha 02,Proceso adjudicado y celebrado,DOP,9569.8,2017-11-17,15:50:08,No,No,Servicios,No,No,No,https://comunidad.comprasdominicana.gob.do//Public/Tendering/OpportunityDetail/Index?noticeUID=DO1.NTC.328933
ONAPI-UC-CD-2017-0135,717,Oficina Nacional de la Propiedad Industrial,Compras por Debajo del Umbral,Proceso ordinario,Compra de pinitos decorados con envolturas para ser utilizados en las oficinas y áreas de servicio al cliente de ONAPI central,Proceso adjudicado y celebrado,DOP,11732.0,2017-11-24,11:01:01,No,No,Bienes,No,No,No,https://comunidad.comprasdominicana.gob.do//Public/Tendering/OpportunityDetail/Index?noticeUID=DO1.NTC.332514
HOSPNEYARIAS-UC-CD-2017-0758,862,Hospital Traumatológico Dr. Ney Arias Lora,Compras por Debajo del Umbral,Proceso ordinario,REQ. MATERIALES DE MANTENIMIENTO,Proceso adjudicado y celebrado,DOP,11021.96,2017-11-28,12:01:53,No,No,Bienes,No,No,No,https://comunidad.comprasdominicana.gob.do//Public/Tendering/OpportunityDetail/Index?noticeUID=DO1.NTC.334412
POLICIA NACIONAL-CCC-PEEX-2017-0002,144,Policia Nacional,Procesos de Excepción,Exclusividad,MANTENIMIENTO Y REPARACION DE VEHICULO,Proceso adjudicado y celebrado,DOP,128760.0,2017-11-29,16:40:03,No,No,Bienes,No,No,No,https://comunidad.comprasdominicana.gob.do//Public/Tendering/OpportunityDetail/Index?noticeUID=DO1.NTC.336413
EN-DAF-CM-2017-0037,171,Ejército de República Dominicana,Contratación Menor,Proceso ordinario,Adquisición de Laptops,Proceso adjudicado y celebrado,DOP,129500.0,2017-11-29,17:30:04,No,No,Bienes,No,No,No,https://comunidad.comprasdominicana.gob.do//Public/Tendering/OpportunityDetail/Index?noticeUID=DO1.NTC.336524
ETED-DAF-CM-2017-0599,612,Empresa de Transmisión Eléctrica Dominicana,Contratación Menor,Proceso ordinario,ADQUISICIÓN DE SWITCH DE RED DE DATOS,Proceso con etapa cerrada,DOP,550000.0,2017-12-08,12:02:47,No,No,Bienes,No,No,No,https://comunidad.comprasdominicana.gob.do//Public/Tendering/OpportunityDetail/Index?noticeUID=DO1.NTC.341728
MMUJER-UC-CD-2017-0081,174,Ministerio de la Mujer,Compras por Debajo del Umbral,Proceso ordinario,"Impresion de afiches y Brochures para promover el 1er, Festival de Cortos "" 1 MINUTO CONTRA LA VIOLENCIA HACIA LAS MUJERES"" durantes los meses de Diciembre 2017 y Enero 2018  Santo Domingo,oeste",Proceso adjudicado y celebrado,DOP,107380.0,2017-12-15,08:01:25,No,No,Bienes,No,No,No,https://comunidad.comprasdominicana.gob.do//Public/Tendering/OpportunityDetail/Index?noticeUID=DO1.NTC.346403
PPS-UC-CD-2017-0999,207,Programa Supérate,Compras por Debajo del Umbral,Proceso ordinario,Solicitud servicio de almuerzo  y refrigerio,Proceso desierto,DOP,42000.0,2017-12-15,14:06:04,No,No,Bienes,No,No,No,https://comunidad.comprasdominicana.gob.do//Public/Tendering/OpportunityDetail/Index?noticeUID=DO1.NTC.346724
MEM-UC-CD-2017-0071,916,Ministerio de Energía y Minas,Compras por Debajo del Umbral,Proceso ordinario,Servicio de Soporte Técnico para el Sistema de Contabilidad.,Proceso adjudicado y celebrado,DOP,26620.8,2017-12-19,11:15:06,No,No,Servicios,No,No,No,https://comunidad.comprasdominicana.gob.do//Public/Tendering/OpportunityDetail/Index?noticeUID=DO1.NTC.348015
INPOSDOM-UC-CD-2017-0069,622,Instituto Postal Dominicano,Compras por Debajo del Umbral,Proceso ordinario,frutas navideñas,Proceso desierto,DOP,106100.0,2017-12-21,14:50:04,No,No,Bienes,No,No,No,https://comunidad.comprasdominicana.gob.do//Public/Tendering/OpportunityDetail/Index?noticeUID=DO1.NTC.348831
DIGEV-DAF-CM-2017-0223,154,Dirección General de Escuelas Vocacionales de las FFAA,Contratación Menor,Proceso ordinario,"Solicitud Compra de Materiales, para ser utilizados en el Taller de Bisutería",Proceso adjudicado y celebrado,DOP,251830.0,2017-12-26,08:02:39,No,No,Bienes,No,No,No,https://comunidad.comprasdominicana.gob.do//Public/Tendering/OpportunityDetail/Index?noticeUID=DO1.NTC.350804
SIV-CCC-PEPB-2017-0041,809,Superintendencia de Valores,Procesos de Excepción,Publicidad,Colocacion Publicidad,Proceso adjudicado y celebrado,DOP,50000.0,2017-12-28,11:00:06,No,No,Servicios,No,No,No,https://comunidad.comprasdominicana.gob.do//Public/Tendering/OpportunityDetail/Index?noticeUID=DO1.NTC.351910
DGII-UC-CD-2018-0013,224,Dirección General Impuestos Internos,Compras por Debajo del Umbral,Proceso ordinario,MOTOR FAN PARA UNIDAD EVAPORADORA DE ACONDICIONADOR DE AIRE.,Proceso adjudicado y celebrado,DOP,42300.0,2018-01-23,08:00:04,No,No,Bienes,No,No,No,https://comunidad.comprasdominicana.gob.do//Public/Tendering/OpportunityDetail/Index?noticeUID=DO1.NTC.363301
DEPRIDAM-CCC-PE15-2018-0005,632,Despacho de la Primera Dama (Inactiva),Procesos de Excepción,"Pasajes aéreos, Reparaciones y Combustibles",REPOSICIÓN DE FONDO TICKETS COMBUSTIBLE PARA ASIGNACIÓN  REQ 5865,Proceso adjudicado y celebrado,DOP,598000.0,2018-01-23,12:40:02,No,No,Bienes,No,No,No,https://comunidad.comprasdominicana.gob.do//Public/Tendering/OpportunityDetail/Index?noticeUID=DO1.NTC.363614
ARD-DAF-CM-2018-0004,172,Armada de República Dominicana,Contratación Menor,Proceso ordinario,ADQUISICIÓN DE MEDICAMENTOS ,Proceso adjudicado y celebrado,DOP,581785.0,2018-02-02,17:00:03,No,No,Bienes,No,No,No,https://comunidad.comprasdominicana.gob.do//Public/Tendering/OpportunityDetail/Index?noticeUID=DO1.NTC.367833
DGCD-UC-CD-2018-0002,202,Comunidad Digna,Compras por Debajo del Umbral,Proceso ordinario,"Pago servicios de alquiler camión, correspondiente al mes de enero 2018 ",Proceso adjudicado y celebrado,DOP,50847.46,2018-02-02,15:40:04,No,No,Servicios,No,No,No,https://comunidad.comprasdominicana.gob.do//Public/Tendering/OpportunityDetail/Index?noticeUID=DO1.NTC.367930
DGAP-CCC-PEPB-2018-0010,223,Dirección General de Aduanas y Puertos,Procesos de Excepción,Publicidad,Serv. de Publicidad,Proceso adjudicado y celebrado,DOP,3000000.0,2018-02-07,11:15:03,No,No,Servicios,No,No,No,https://comunidad.comprasdominicana.gob.do//Public/Tendering/OpportunityDetail/Index?noticeUID=DO1.NTC.369416
AMET-CCC-PE15-2018-0010,180,Dirección General de Seguridad de Tránsito y Transporte Terrestre,Procesos de Excepción,"Pasajes aéreos, Reparaciones y Combustibles",ADQUISICIÓN TICKETS DE COMBUSTIBLE (BONAO-COTUI),Proceso adjudicado y celebrado,DOP,40000.0,2018-02-07,11:25:05,No,No,Bienes,No,No,No,https://comunidad.comprasdominicana.gob.do//Public/Tendering/OpportunityDetail/Index?noticeUID=DO1.NTC.369610
AYUNTAMIENTO STGO-CCC-PE15-2018-0012,731,Ayuntamiento Santiago de los Caballeros,Procesos de Excepción,"Pasajes aéreos, Reparaciones y Combustibles","Compra de 3,000 Galones de Gasoil ",Sobres abiertos o aperturados,DOP,538500.0,2018-02-08,12:02:32,No,No,Bienes,No,No,No,https://comunidad.comprasdominicana.gob.do//Public/Tendering/OpportunityDetail/Index?noticeUID=DO1.NTC.370223
IDEICE-UC-CD-2018-0006,869,Instituto Dom.de Evaluacion e Investigacion de la Calidad Educativa,Compras por Debajo del Umbral,Proceso ordinario,SERVICIO DE CATERING,Proceso adjudicado y celebrado,DOP,15660.0,2018-02-08,12:02:32,No,No,Servicios,No,No,No,https://comunidad.comprasdominicana.gob.do//Public/Tendering/OpportunityDetail/Index?noticeUID=DO1.NTC.370316
DEPRIDAM-UC-CD-2018-0136,632,Despacho de la Primera Dama (Inactiva),Compras por Debajo del Umbral,Proceso ordinario,"INSPECCION, REPARACION Y CAMBIO PIEZAS EQUIPO ODONTOPEDIÁTRICO CAID SANTO DOMINGO OESTE REQ. 5962 ",Proceso adjudicado y celebrado,DOP,39800.0,2018-02-13,14:50:03,No,No,Servicios,No,No,No,https://comunidad.comprasdominicana.gob.do//Public/Tendering/OpportunityDetail/Index?noticeUID=DO1.NTC.372027
BAGRICOLA-UC-CD-2018-0019,652,Banco Agrícola de la República Dominicana,Compras por Debajo del Umbral,Proceso ordinario,ADQUISICIÓN DE TELÉFONOS IP CISCO,Proceso adjudicado y celebrado,DOP,20000.0,2018-02-15,11:30:32,No,No,Bienes,No,No,No,https://comunidad.comprasdominicana.gob.do//Public/Tendering/OpportunityDetail/Index?noticeUID=DO1.NTC.373410
MAP-CCC-LPN-2018-0001,175,Ministerio de Administración Pública,Licitación Pública Nacional,Proceso ordinario,"CONTRATACIÓN DE UNA EMPRESA QUE SE ENCARGUE DE LA IDENTIFICACION, DOCUMENTACION Y MEJORA DE CINCUENTA (50) TRAMITES SELECCIONADOS COMO PRIORITARIOS DENTRO DEL PROYECTO REPÚBLICA DIGITAL.",Proceso adjudicado y celebrado,DOP,13000000.0,2018-02-20,10:30:04,No,No,Servicios,No,No,No,https://comunidad.comprasdominicana.gob.do//Public/Tendering/OpportunityDetail/Index?noticeUID=DO1.NTC.375205
MAP-DAF-CM-2018-0020,175,Ministerio de Administración Pública,Contratación Menor,Proceso ordinario,SOLICITUD DE CONTRATACIÓN DE UNA EMPRESA PARA LA CONFECCIÓN DE UNIFORMES PARA SER UTILIZADOS POR EL PERSONAL DEL MAP.,Proceso desierto,DOP,635551.0,2018-02-23,14:04:08,No,No,Bienes,No,No,No,https://comunidad.comprasdominicana.gob.do//Public/Tendering/OpportunityDetail/Index?noticeUID=DO1.NTC.377136
HOSPNEYARIAS-UC-CD-2018-0231,862,Hospital Traumatológico Dr. Ney Arias Lora,Compras por Debajo del Umbral,Proceso ordinario,MATERIALES DE SUMINISTRO DE OFICINA,Proceso adjudicado y celebrado,DOP,10556.23,2018-03-05,10:00:29,No,No,Bienes,No,No,No,https://comunidad.comprasdominicana.gob.do//Public/Tendering/OpportunityDetail/Index?noticeUID=DO1.NTC.381209
PPS-DAF-CM-2018-0184,207,Programa Supérate,Contratación Menor,Proceso ordinario,Adquisición de Neumáticos y Batería-Prosoli,Proceso adjudicado y celebrado,DOP,157800.0,2018-03-07,12:55:02,No,No,Bienes,No,No,No,https://comunidad.comprasdominicana.gob.do//Public/Tendering/OpportunityDetail/Index?noticeUID=DO1.NTC.382719
POLICIA NACIONAL-CCC-PE15-2018-0035,144,Policia Nacional,Procesos de Excepción,"Pasajes aéreos, Reparaciones y Combustibles",SOLICITUD MANTENIMIENTO Y REPARACION DE VEHICULO,Proceso adjudicado y celebrado,DOP,28440.68,2018-03-09,10:45:06,No,No,Bienes,No,No,No,https://comunidad.comprasdominicana.gob.do//Public/Tendering/OpportunityDetail/Index?noticeUID=DO1.NTC.386201
DGDRAGAS-DAF-CM-2018-0004,183,"DIRECCION GENERAL DE DRAGAS, PRESAS Y BALIZAMIENTO MG",Contratación Menor,Proceso ordinario,Adquisición de Raciones Secas para el mes de Marzo 2018.,Proceso adjudicado y celebrado,DOP,149159.47,2018-03-13,15:10:01,No,No,Bienes,No,No,No,https://comunidad.comprasdominicana.gob.do//Public/Tendering/OpportunityDetail/Index?noticeUID=DO1.NTC.386048
MIDEREC-UC-CD-2018-0080,225,"Ministerio de Deportes, Educación Física y Recreación",Compras por Debajo del Umbral,Proceso ordinario,PUBLICACION EN PERIODICO DE CIRCULACION NACIONAL ,Proceso adjudicado y celebrado,DOP,31320.0,2018-03-14,18:00:04,No,No,Servicios,No,No,No,https://comunidad.comprasdominicana.gob.do//Public/Tendering/OpportunityDetail/Index?noticeUID=DO1.NTC.386565
MIDEREC-MAE-PEUR-2018-0078,225,"Ministerio de Deportes, Educación Física y Recreación",Procesos de Excepción,Urgencia,ADQUISICION DE PASAJE AEREO,Proceso adjudicado y celebrado,DOP,51616.18,2018-03-26,16:31:43,No,No,Bienes,No,No,No,https://comunidad.comprasdominicana.gob.do//Public/Tendering/OpportunityDetail/Index?noticeUID=DO1.NTC.391358
MISPAS-CCC-PE15-2018-0322,240,Ministerio de Salud Pública y Asistencia Social,Procesos de Excepción,"Pasajes aéreos, Reparaciones y Combustibles",Compra de Tickets de Combustibles ,Proceso adjudicado y celebrado,DOP,100000.0,2018-04-02,14:01:12,No,No,Servicios,No,No,No,https://comunidad.comprasdominicana.gob.do//Public/Tendering/OpportunityDetail/Index?noticeUID=DO1.NTC.394136
PROMESECAL-UC-CD-2018-0059,582,Programa de Medicamentos Esenciales,Compras por Debajo del Umbral,Proceso ordinario,Sev. de Capacitación Taller en Requerimientos y Adaptación de la Norma ISO 9001:2015,Proceso adjudicado y celebrado,DOP,100000.0,2018-04-05,09:30:01,No,No,Servicios,No,No,No,https://comunidad.comprasdominicana.gob.do//Public/Tendering/OpportunityDetail/Index?noticeUID=DO1.NTC.395507
MITUR-CCC-PE15-2018-0086,257,Ministerio de Turismo,Procesos de Excepción,"Pasajes aéreos, Reparaciones y Combustibles","SEGURO DE VIAJE A FAVOR DE MANUEL PACHECO, CIUDAD DE MADRID, ESPAÑA",Proceso adjudicado y celebrado,DOP,3360.0,2018-04-10,14:20:01,No,No,Servicios,Si,No,No,https://comunidad.comprasdominicana.gob.do//Public/Tendering/OpportunityDetail/Index?noticeUID=DO1.NTC.397247
DGCP-UC-CD-2018-0036,7,Dirección General de Contrataciones Públicas,Compras por Debajo del Umbral,Proceso ordinario,Servicios de Alguacil,Proceso adjudicado y celebrado,DOP,17700.0,2018-04-11,09:20:06,No,No,Servicios,No,No,No,https://comunidad.comprasdominicana.gob.do//Public/Tendering/OpportunityDetail/Index?noticeUID=DO1.NTC.397804
AGRICULTURA-UC-CD-2018-0206,226,Ministerio de Agricultura,Compras por Debajo del Umbral,Proceso ordinario,ADQUISICION REPUESTOS Y BATERIA PARA VEHICULO,Proceso adjudicado y celebrado,DOP,39693.68,2018-04-12,10:49:06,No,No,Bienes,No,No,No,https://comunidad.comprasdominicana.gob.do//Public/Tendering/OpportunityDetail/Index?noticeUID=DO1.NTC.398421
MIDEREC-UC-CD-2018-0186,225,"Ministerio de Deportes, Educación Física y Recreación",Compras por Debajo del Umbral,Proceso ordinario,ADQUISICION DE ZAFACONES PARA SER UTILIZADOS EN ESTE EDIFICIO ADMINISTRATIVO,Proceso adjudicado y celebrado,DOP,15000.0,2018-04-13,09:00:25,No,No,Bienes,No,No,No,https://comunidad.comprasdominicana.gob.do//Public/Tendering/OpportunityDetail/Index?noticeUID=DO1.NTC.399004
INAFOCAM-UC-CD-2018-0051,878,Instituto Nacional de Formacion y Capacitacion del Magisterio,Compras por Debajo del Umbral,Proceso ordinario,SERVICIO DE REFRIGERIO PARA IZAMIENTO DE BANDERA,Proceso adjudicado y celebrado,DOP,48000.0,2018-04-16,11:15:03,No,No,Bienes,No,No,No,https://comunidad.comprasdominicana.gob.do//Public/Tendering/OpportunityDetail/Index?noticeUID=DO1.NTC.399815
DIGEV-UC-CD-2018-0080,154,Dirección General de Escuelas Vocacionales de las FFAA,Compras por Debajo del Umbral,Proceso ordinario,Compra de productos y materiales de belleza,Proceso adjudicado y celebrado,DOP,101865.0,2018-04-20,15:45:03,No,No,Bienes,No,No,No,https://comunidad.comprasdominicana.gob.do//Public/Tendering/OpportunityDetail/Index?noticeUID=DO1.NTC.402443
AYUNTAMIENTO LA VEGA-UC-CD-2018-0321,683,Ayuntamiento Municipal Concepción de la Vega,Compras por Debajo del Umbral,Proceso ordinario,PIÑA TRASERA Y VALVULA DE AIRE,Proceso adjudicado y celebrado,DOP,64400.0,2018-04-23,15:00:57,No,No,Bienes,No,No,No,https://comunidad.comprasdominicana.gob.do//Public/Tendering/OpportunityDetail/Index?noticeUID=DO1.NTC.402634
DGII-UC-CD-2018-0140,224,Dirección General Impuestos Internos,Compras por Debajo del Umbral,Proceso ordinario,Escalera tipo tijera,Proceso adjudicado y celebrado,DOP,5800.0,2018-04-25,15:30:04,No,No,Bienes,No,No,No,https://comunidad.comprasdominicana.gob.do//Public/Tendering/OpportunityDetail/Index?noticeUID=DO1.NTC.404852
INVI-DAF-CM-2018-0016,692,Instituto Nacional de la Vivienda (INVI) (Inactiva),Contratación Menor,Proceso ordinario,SERVICIO DE MONTAJE PARA EVENTO DE CELEBRACIÓN  DEL DÍA DE LA SECRETARIAS,Proceso adjudicado y celebrado,DOP,340000.0,2018-04-25,12:30:02,No,No,Servicios,No,No,No,https://comunidad.comprasdominicana.gob.do//Public/Tendering/OpportunityDetail/Index?noticeUID=DO1.NTC.404833
INFOTEP-DAF-CM-2018-0033,581,Instituto Nacional de formación Técnico Profesional,Contratación Menor,Proceso ordinario,Adquisición de Equipo de Audio y Video para uso Didácticos de la Gerencias Regionales Este & Sur y la ONA del INFOTEP,Proceso adjudicado y celebrado,DOP,548900.0,2018-05-08,17:00:02,No,No,Bienes,No,No,No,https://comunidad.comprasdominicana.gob.do//Public/Tendering/OpportunityDetail/Index?noticeUID=DO1.NTC.410046
DICOM-UC-CD-2018-0077,846,DIRECCION GENERAL DE COMUNICACION (Inactiva),Compras por Debajo del Umbral,Proceso ordinario,Adquisición de neumáticos REF 265/65R17 Toyota Prado Land Cruicer 2008. ,Proceso adjudicado y celebrado,DOP,66958.64,2018-05-08,09:30:05,No,No,Bienes,No,No,No,https://comunidad.comprasdominicana.gob.do//Public/Tendering/OpportunityDetail/Index?noticeUID=DO1.NTC.410103
ONE-UC-CD-2018-0100,218,Oficina Nacional de Estadísticas,Compras por Debajo del Umbral,Proceso ordinario,ADQUISICIÓN DE MOUSE Y MATERIALES PARA TERMINACIÓN DE REDES,Cancelado,DOP,5099.95,2018-05-10,05:24:56,No,No,Bienes,No,No,No,https://comunidad.comprasdominicana.gob.do//Public/Tendering/OpportunityDetail/Index?noticeUID=DO1.NTC.410935
DGM-DAF-CM-2018-0022,143,Dirección General de Migración,Contratación Menor,Proceso ordinario,"Adquisición de Mobiliarios, Equipos y Artículos  para Oficina.",Proceso adjudicado y celebrado,DOP,641289.0,2018-05-14,14:02:37,No,No,Bienes,No,No,No,https://comunidad.comprasdominicana.gob.do//Public/Tendering/OpportunityDetail/Index?noticeUID=DO1.NTC.413712
ETED-DAF-CM-2018-0309,612,Empresa de Transmisión Eléctrica Dominicana,Contratación Menor,Proceso ordinario,ADECUACION DE FURGÓN OFICINA SAN PEDRO,Proceso adjudicado y celebrado,DOP,198242.95,2018-05-16,16:02:05,No,No,Bienes,No,No,No,https://comunidad.comprasdominicana.gob.do//Public/Tendering/OpportunityDetail/Index?noticeUID=DO1.NTC.415467
CONIAF-UC-CD-2018-0043,699,Consejo Nacional de Investigaciones Agropecuarias y Forestales,Compras por Debajo del Umbral,Proceso ordinario,CONFECCIÓN DE ADHESIVO PARA LA PUERTA PRINCIPAL DEL CONIAF,Proceso adjudicado y celebrado,DOP,15000.0,2018-05-21,12:45:04,No,No,Servicios,No,No,No,https://comunidad.comprasdominicana.gob.do//Public/Tendering/OpportunityDetail/Index?noticeUID=DO1.NTC.417638
DEPRIDAM-UC-CD-2018-0437,632,Despacho de la Primera Dama (Inactiva),Compras por Debajo del Umbral,Proceso ordinario,Impresión de Tarjetas de Presentación ,Proceso adjudicado y celebrado,DOP,4970.0,2018-05-21,15:04:08,No,No,Bienes,No,No,No,https://comunidad.comprasdominicana.gob.do//Public/Tendering/OpportunityDetail/Index?noticeUID=DO1.NTC.417351
FAD-UC-CD-2018-0227,173,Fuerza Aérea Dominicana,Compras por Debajo del Umbral,Proceso ordinario,Adquisición de materiales gastables de oficina,Proceso adjudicado y celebrado,DOP,77500.0,2018-05-23,11:05:39,No,No,Bienes,Si,No,No,https://comunidad.comprasdominicana.gob.do//Public/Tendering/OpportunityDetail/Index?noticeUID=DO1.NTC.418621
MITUR-UC-CD-2018-0141,257,Ministerio de Turismo,Compras por Debajo del Umbral,Proceso ordinario,ADQUISICION KIT DE LIMPIEZA Y UTENSILIOS DE MENSAJERÍA ,Proceso adjudicado y celebrado,DOP,57654.45,2018-05-28,12:10:03,No,No,Bienes,Si,No,No,https://comunidad.comprasdominicana.gob.do//Public/Tendering/OpportunityDetail/Index?noticeUID=DO1.NTC.420411
JAC-UC-CD-2018-0156,554,Junta de Aviación Civil,Compras por Debajo del Umbral,Proceso ordinario,SERVICIO DE MANTENIMIENTO AL  VEHÍCULO TOYOTA RAV4,Proceso adjudicado y celebrado,DOP,3600.0,2018-06-05,10:30:52,Si,No,Servicios,No,No,No,https://comunidad.comprasdominicana.gob.do//Public/Tendering/OpportunityDetail/Index?noticeUID=DO1.NTC.424308
INDRHI-DAF-CM-2018-0023,640,Instituto Nacional de Recursos Hidráulicos,Contratación Menor,Proceso ordinario,Compra de Materiales Gastable de Oficina.,Proceso adjudicado y celebrado,DOP,553922.0,2018-06-06,17:30:02,No,No,Bienes,No,No,No,https://comunidad.comprasdominicana.gob.do//Public/Tendering/OpportunityDetail/Index?noticeUID=DO1.NTC.424555
ASDE-DAF-CM-2018-0103,615,Ayuntamiento Santo Domingo Este,Contratación Menor,Proceso ordinario,COMPRA DE 33 DISCOS DURO EXTERNO DE 1TB SEAGATE PARA USO DE BACK-UP DEL ASDE,Proceso adjudicado y celebrado,DOP,269932.08,2018-06-07,10:30:31,No,No,Bienes,No,No,No,https://comunidad.comprasdominicana.gob.do//Public/Tendering/OpportunityDetail/Index?noticeUID=DO1.NTC.425506
MIDE-UC-CD-2018-0098,153,Ministerio de Defensa,Compras por Debajo del Umbral,Proceso ordinario,Solicitud de requerimientos ,Proceso adjudicado y celebrado,DOP,57280.0,2018-06-07,08:20:05,No,No,Servicios,No,No,No,https://comunidad.comprasdominicana.gob.do//Public/Tendering/OpportunityDetail/Index?noticeUID=DO1.NTC.425301
DGII-UC-CD-2018-0195,224,Dirección General Impuestos Internos,Compras por Debajo del Umbral,Proceso ordinario,Confección de Poloshirt Institucional,Proceso desierto,DOP,85992.5,2018-06-08,16:03:25,No,No,Bienes,No,No,No,https://comunidad.comprasdominicana.gob.do//Public/Tendering/OpportunityDetail/Index?noticeUID=DO1.NTC.425847
MEM-UC-CD-2018-0144,916,Ministerio de Energía y Minas,Compras por Debajo del Umbral,Proceso ordinario,SERVICIO DE TRANSPORTE,Proceso desierto,DOP,20000.0,2018-06-08,15:50:05,No,No,Servicios,No,No,No,https://comunidad.comprasdominicana.gob.do//Public/Tendering/OpportunityDetail/Index?noticeUID=DO1.NTC.426224
PRO CONSUMIDOR-UC-CD-2018-0158,636,Instituto Nacional de Protección de los Derechos del Consumidor,Compras por Debajo del Umbral,Proceso ordinario,compra de 25 boletas para obra teatral ,Proceso adjudicado y celebrado,DOP,25000.0,2018-06-08,16:07:15,No,No,Bienes,No,No,No,https://comunidad.comprasdominicana.gob.do//Public/Tendering/OpportunityDetail/Index?noticeUID=DO1.NTC.426029
PROMESECAL-CCC-LPN-2018-0009,582,Programa de Medicamentos Esenciales,Licitación Pública Nacional,Proceso ordinario,Adquisición de Electrodomésticos para uso de la Institución y Farmacias del Pueblo ,Proceso adjudicado y celebrado,DOP,5311238.3,2018-06-11,12:02:57,No,No,Bienes,No,No,No,https://comunidad.comprasdominicana.gob.do//Public/Tendering/OpportunityDetail/Index?noticeUID=DO1.NTC.426323
IDECOOP-UC-CD-2018-0048,839,Instituto de Desarrollo y Crédito Cooperativo,Compras por Debajo del Umbral,Proceso ordinario,Adquisicion de resma 81/2x11 timbrada para uso de Institucion,Proceso adjudicado y celebrado,DOP,101400.0,2018-06-12,12:05:45,No,No,Bienes,No,No,No,https://comunidad.comprasdominicana.gob.do//Public/Tendering/OpportunityDetail/Index?noticeUID=DO1.NTC.427226
DIGEPRES-UC-CD-2018-0099,217,Dirección General de Presupuesto,Compras por Debajo del Umbral,Proceso ordinario,Impresion de libros,Proceso adjudicado y celebrado,DOP,34200.0,2018-06-18,16:08:06,No,No,Servicios,No,No,No,https://comunidad.comprasdominicana.gob.do//Public/Tendering/OpportunityDetail/Index?noticeUID=DO1.NTC.429843
FAD-UC-CD-2018-0272,173,Fuerza Aérea Dominicana,Compras por Debajo del Umbral,Proceso ordinario,Adquisición de  Papel Fotográfico,Proceso adjudicado y celebrado,DOP,37500.0,2018-06-20,14:50:01,No,No,Bienes,No,No,No,https://comunidad.comprasdominicana.gob.do//Public/Tendering/OpportunityDetail/Index?noticeUID=DO1.NTC.431035
CNSS-UC-CD-2018-0069,586,Consejo Nacional de la Seguridad Social,Compras por Debajo del Umbral,Proceso ordinario,"Mantenimiento de los 5,000 kms. vehículo marca Toyota Prado, placa No. EG-02203 del CNSS.",Proceso adjudicado y celebrado,DOP,8564.58,2018-06-20,14:30:04,No,No,Servicios,No,No,No,https://comunidad.comprasdominicana.gob.do//Public/Tendering/OpportunityDetail/Index?noticeUID=DO1.NTC.431034
INABIE-UC-CD-2018-0043,856,INSTITUTO NACIONAL DE BIENESTAR ESTUDIANTIL,Compras por Debajo del Umbral,Proceso ordinario,Compra de dos (2) Computadoras de Escritorio.,Proceso adjudicado y celebrado,DOP,108000.0,2018-06-21,16:05:03,No,No,Bienes,No,No,No,https://comunidad.comprasdominicana.gob.do//Public/Tendering/OpportunityDetail/Index?noticeUID=DO1.NTC.431536
AYUNTAMIENTO LA VEGA-UC-CD-2018-0562,683,Ayuntamiento Municipal Concepción de la Vega,Compras por Debajo del Umbral,Proceso ordinario,"ENCUADERNADO, IMPRECION Y COPIAS",Proceso adjudicado y celebrado,DOP,2011.0,2018-06-22,15:03:39,No,No,Servicios,No,No,No,https://comunidad.comprasdominicana.gob.do//Public/Tendering/OpportunityDetail/Index?noticeUID=DO1.NTC.431939
DGII-DAF-CM-2018-0194,224,Dirección General Impuestos Internos,Contratación Menor,Proceso ordinario,Suministro e instalación de cortinas venecianas en madera con superficie lisa y cinco hilos para ser instaladas en la Administración Local Zona Oriental.,Proceso adjudicado y celebrado,DOP,204000.0,2018-06-22,18:00:06,Si,No,Bienes,No,No,No,https://comunidad.comprasdominicana.gob.do//Public/Tendering/OpportunityDetail/Index?noticeUID=DO1.NTC.432042
INVI-UC-CD-2018-0073,692,Instituto Nacional de la Vivienda (INVI) (Inactiva),Compras por Debajo del Umbral,Proceso ordinario,Compra de Producto Higiene.,Proceso adjudicado y celebrado,DOP,23729.42,2018-06-27,12:27:03,No,No,Bienes,No,No,No,https://comunidad.comprasdominicana.gob.do//Public/Tendering/OpportunityDetail/Index?noticeUID=DO1.NTC.433824
MITUR-UC-CD-2018-0188,257,Ministerio de Turismo,Compras por Debajo del Umbral,Proceso ordinario,ALFOMBRAS Y SEÑALES DE  PREVENCIÓN PISO MOJADO,Proceso adjudicado y celebrado,DOP,89920.0,2018-07-02,11:15:04,No,No,Bienes,Si,No,No,https://comunidad.comprasdominicana.gob.do//Public/Tendering/OpportunityDetail/Index?noticeUID=DO1.NTC.436224
INAVI-UC-CD-2018-0219,670,Instituto Nacional de Auxilios y Viviendas,Compras por Debajo del Umbral,Proceso ordinario,UNIFORMES DE BALONCESTO ,Proceso adjudicado y celebrado,DOP,11850.0,2018-07-03,10:31:05,No,No,Bienes,No,No,No,https://comunidad.comprasdominicana.gob.do//Public/Tendering/OpportunityDetail/Index?noticeUID=DO1.NTC.437115
PROCOMPETENCIA-UC-CD-2018-0080,831,Comisión Nacional de Defensa de la Competencia,Compras por Debajo del Umbral,Proceso ordinario,CONTRATACIÓN DE LOS SERVICIOS DE MANTENIMIENTO PARA VEHÍCULO INSTITUCIONAL DE PROCOMPETENCIA,Proceso adjudicado y celebrado,DOP,8000.0,2018-07-03,11:10:05,No,No,Servicios,No,No,No,https://comunidad.comprasdominicana.gob.do//Public/Tendering/OpportunityDetail/Index?noticeUID=DO1.NTC.437010
MIMARENA-UC-CD-2018-0188,260,Ministerio de Medio Ambiente,Compras por Debajo del Umbral,Proceso ordinario,Confección de uniformes para el personal de conserjeria y mensajeria del Despacho de este Ministerio,Proceso adjudicado y celebrado,DOP,34210.56,2018-07-04,12:40:05,No,No,Bienes,No,No,No,https://comunidad.comprasdominicana.gob.do//Public/Tendering/OpportunityDetail/Index?noticeUID=DO1.NTC.438338
MINERD-CCC-PE15-2018-0045,237,Ministerio de Educación,Procesos de Excepción,"Pasajes aéreos, Reparaciones y Combustibles",ADQUISICIÓN DE COMBUSTIBLE PARA LA PLANTA ELÉCTRICA  DE TECNICO PROFESIONAL DEL MINISTERIO DE EDUCACIÓN ,Proceso adjudicado y celebrado,DOP,45625.0,2018-07-06,11:01:14,No,No,Bienes,No,No,No,https://comunidad.comprasdominicana.gob.do//Public/Tendering/OpportunityDetail/Index?noticeUID=DO1.NTC.440113
ARSSEMMA-CCC-PEPU-2018-0002,711,Administradora de Riesgos de Salud para los Maestros,Procesos de Excepción,Proveedor único,ADQUISICION  DE COMBUSTIBLE DE COMBUSTIBLE PARA LA PLANTA ELECTRICA DE LA INSTITUCION,Proceso adjudicado y celebrado,DOP,69999.0,2018-07-13,10:02:17,No,No,Servicios,No,No,No,https://comunidad.comprasdominicana.gob.do//Public/Tendering/OpportunityDetail/Index?noticeUID=DO1.NTC.442713
PPS-DAF-CM-2018-0598,207,Programa Supérate,Contratación Menor,Proceso ordinario,Adquisición de Libros para la BIJRD,Proceso adjudicado y celebrado,DOP,250000.0,2018-07-19,16:20:03,No,No,Bienes,No,No,No,https://comunidad.comprasdominicana.gob.do//Public/Tendering/OpportunityDetail/Index?noticeUID=DO1.NTC.445455
INAPA-DAF-CM-2018-0144,635,Instituto Nacional de Aguas Potables y Alcantarillados,Contratación Menor,Proceso ordinario,"COMPRA DE EQUIPOS Y MATERIALES DE HIGIENE, PARA SER  USADOS EN LOS BAÑOS DEL INAPA NIVEL CENTRAL ",Cancelado,DOP,332200.0,2018-07-30,10:03:22,No,No,Bienes,No,No,No,https://comunidad.comprasdominicana.gob.do//Public/Tendering/OpportunityDetail/Index?noticeUID=DO1.NTC.450606
PPS-CCC-PE15-2018-0256,207,Programa Supérate,Procesos de Excepción,"Pasajes aéreos, Reparaciones y Combustibles",Servicio Mantenimiento de vehículo-Prosoli,Proceso adjudicado y celebrado,DOP,106000.0,2018-08-03,15:13:04,No,No,Servicios,No,No,No,https://comunidad.comprasdominicana.gob.do//Public/Tendering/OpportunityDetail/Index?noticeUID=DO1.NTC.452932
HOSPNEYARIAS-UC-CD-2018-0842,862,Hospital Traumatológico Dr. Ney Arias Lora,Compras por Debajo del Umbral,Proceso ordinario,CAMISETAS,Proceso adjudicado y celebrado,DOP,50000.0,2018-08-14,16:40:05,No,No,Bienes,No,No,No,https://comunidad.comprasdominicana.gob.do//Public/Tendering/OpportunityDetail/Index?noticeUID=DO1.NTC.457159
GANADERIA-DAF-CM-2018-0041,227,Dirección General de Ganadería,Contratación Menor,Proceso ordinario,"ADQUISICION DE 50,000 TUBOS DE VIDRIO, TAPA ROJA DE 7ml, PARA EL DPTO. DE CAMPAÑA SANITARIA DE ESTA DIGEGA.",Proceso adjudicado y celebrado,DOP,375000.0,2018-08-22,14:45:05,No,No,Bienes,No,No,No,https://comunidad.comprasdominicana.gob.do//Public/Tendering/OpportunityDetail/Index?noticeUID=DO1.NTC.460054
MIDEREC-CCC-PE15-2018-0472,225,"Ministerio de Deportes, Educación Física y Recreación",Procesos de Excepción,"Pasajes aéreos, Reparaciones y Combustibles","ADQ, DE BOLETOS AÉREOS DE LA FEDERACIÓN DOMINICANA DE GOLF QUE PARTICIPARA EN EL THE WORLD AMATEUR TEAM CHAMPIONSHIP K CELEBRARSE EN CARTON HOUSE MAYNOOTH DUBLINN IRLANDA DEL 25 DE AGOSTO 08 DE SEPTIE",Proceso adjudicado y celebrado,DOP,789175.95,2018-08-22,14:40:04,No,No,Bienes,No,No,No,https://comunidad.comprasdominicana.gob.do//Public/Tendering/OpportunityDetail/Index?noticeUID=DO1.NTC.460150
HDSSD-UC-CD-2018-0163,747,Hospital Docente SEMMA,Compras por Debajo del Umbral,Proceso ordinario,COMPRA DE PRODUCTOS ALIMENTICIOS,Proceso adjudicado y celebrado,DOP,49050.0,2018-08-29,10:01:21,No,No,Bienes,No,No,No,https://comunidad.comprasdominicana.gob.do//Public/Tendering/OpportunityDetail/Index?noticeUID=DO1.NTC.463407
CPADB-UC-CD-2018-0046,204,Comisión Presidencial Apoyo Desarrollo Barrial,Compras por Debajo del Umbral,Proceso ordinario,BATERIA PARA VEHICULO,Proceso adjudicado y celebrado,DOP,7000.0,2018-09-03,14:09:03,No,No,Bienes,No,No,No,https://comunidad.comprasdominicana.gob.do//Public/Tendering/OpportunityDetail/Index?noticeUID=DO1.NTC.465126
MEM-UC-CD-2018-0192,916,Ministerio de Energía y Minas,Compras por Debajo del Umbral,Proceso ordinario,Adquisición de Distintivos para Parqueo.,Proceso adjudicado y celebrado,DOP,67500.0,2018-09-17,12:00:05,No,No,Bienes,No,No,No,https://comunidad.comprasdominicana.gob.do//Public/Tendering/OpportunityDetail/Index?noticeUID=DO1.NTC.472014
ETED-UC-CD-2018-0240,612,Empresa de Transmisión Eléctrica Dominicana,Compras por Debajo del Umbral,Proceso ordinario,Servicios de Mantenimiento Preventivo de vehiculos (zona Metropolitana),Proceso adjudicado y celebrado,DOP,108992.98,2018-09-25,10:30:03,No,No,Servicios,No,No,No,https://comunidad.comprasdominicana.gob.do//Public/Tendering/OpportunityDetail/Index?noticeUID=DO1.NTC.475808
PAFI-UC-CD-2018-0021,221,Programa de Administración Financiera Integrada,Compras por Debajo del Umbral,Proceso ordinario,Solicitud de Renovación de Licencias,Proceso adjudicado y celebrado,DOP,73500.0,2018-09-28,13:03:25,No,No,Servicios,No,No,No,https://comunidad.comprasdominicana.gob.do//Public/Tendering/OpportunityDetail/Index?noticeUID=DO1.NTC.477812
PROCURADURIA-DAF-CM-2018-0194,6,Procuraduría General de la República,Contratación Menor,Proceso ordinario,"SERVICIO ROTULACION DE 70 CAMIONETAS, 20 MICROBUS Y 2 AUTOBÚS DE 50 PASAJEROS  PARA LA NUEVA FLOTILLA DE VEHÍCULOS DE ESTA PGR S/R 018-6617.",Proceso adjudicado y celebrado,DOP,835000.0,2018-10-04,16:25:05,No,No,Servicios,No,No,No,https://comunidad.comprasdominicana.gob.do//Public/Tendering/OpportunityDetail/Index?noticeUID=DO1.NTC.480232
CONANI-UC-CD-2018-0299,843,Consejo Nacional para la Niñez y la Adolescencia,Compras por Debajo del Umbral,Proceso ordinario,"Confección e instalación de portón de hierro, abertura de hueco en pared, puerta verdor blanca con llavin e instalación de puerta enrrollable con cubre rolllo para Almacén de la OP de la institución.",Proceso adjudicado y celebrado,DOP,84256.0,2018-10-05,14:15:05,No,No,Servicios,No,No,No,https://comunidad.comprasdominicana.gob.do//Public/Tendering/OpportunityDetail/Index?noticeUID=DO1.NTC.480331
CEIZTUR-UC-CD-2018-0070,589,Comité Ejecutor de Infraesctrutura de Zona Turísticas,Compras por Debajo del Umbral,Proceso ordinario,"COMPRA JUEGO DE ALFOMBRAS Y UN PROTECTOR PARA GUIA DEL VEHICULO HYUNDAI SANTA FE, CHASIS: KMHSH81XBBU634765",Proceso adjudicado y celebrado,DOP,5900.0,2018-10-09,17:08:14,No,No,Bienes,No,No,No,https://comunidad.comprasdominicana.gob.do//Public/Tendering/OpportunityDetail/Index?noticeUID=DO1.NTC.481733
Ay. San Fco. Macoris-CCC-CP-2018-0010,867,Ayuntamiento del Municipio de San Francisco de Macoris,Comparación de Precios,Proceso ordinario,CONTRATACIÓN DE SERVICIOS DE MANTENIMIENTO REPARACIÓN  DE LA ISLETA DE LA SALIDA A NAGUA,Proceso con etapa cerrada,DOP,588696.0,2018-10-10,12:00:02,No,No,Servicios,No,No,No,https://comunidad.comprasdominicana.gob.do//Public/Tendering/OpportunityDetail/Index?noticeUID=DO1.NTC.482416
INCORT-UC-CD-2018-0021,937,Instituto Nacional de Coordinación de Transplante,Compras por Debajo del Umbral,Proceso ordinario,Compra cinta de color para impresora de Carnets INCORT,Proceso adjudicado y celebrado,DOP,16000.0,2018-10-11,14:01:38,No,No,Bienes,No,No,No,https://comunidad.comprasdominicana.gob.do//Public/Tendering/OpportunityDetail/Index?noticeUID=DO1.NTC.482828
MIDEREC-UC-CD-2018-0860,225,"Ministerio de Deportes, Educación Física y Recreación",Compras por Debajo del Umbral,Proceso ordinario,ADQUISICIÓN DE CASCO PROTECTOR ASIGNADA AL DEPARTAMENTO DE COMPRAS PROPIEDAD DE ESTE MINISTERIO DE DEPORTES ,Proceso adjudicado y celebrado,DOP,1850.0,2018-10-12,10:45:01,No,No,Bienes,No,No,No,https://comunidad.comprasdominicana.gob.do//Public/Tendering/OpportunityDetail/Index?noticeUID=DO1.NTC.483508
ETED-DAF-CM-2018-0608,612,Empresa de Transmisión Eléctrica Dominicana,Contratación Menor,Proceso ordinario,SERVICIO DE ALQUILER DE SALON REFRIGERIO Y ALMUERZO  PRESENTACIÓN DEL POA ,Proceso adjudicado y celebrado,DOP,500000.0,2018-10-22,08:01:27,No,No,Servicios,No,No,No,https://comunidad.comprasdominicana.gob.do//Public/Tendering/OpportunityDetail/Index?noticeUID=DO1.NTC.487101
ARLSS-DAF-CM-2018-0137,735,Instituto Dominicano de la Prevención y Protección de Riesgos Laborales,Contratación Menor,Proceso ordinario,ADQUISICION DE FORMULARIOS,Proceso adjudicado y celebrado,DOP,900000.0,2018-10-23,10:31:19,No,No,Bienes,No,No,No,https://comunidad.comprasdominicana.gob.do//Public/Tendering/OpportunityDetail/Index?noticeUID=DO1.NTC.487707
MESCYT-UC-CD-2018-0228,264,"Ministerio de Educación Superior, Ciencia y Tecnología (MESCYT)",Compras por Debajo del Umbral,Proceso ordinario,SERVICIO DE TRANSPORTE DE ESTUDIANTES ,Proceso adjudicado y celebrado,DOP,106972.0,2018-10-25,09:10:03,No,No,Servicios,No,No,No,https://comunidad.comprasdominicana.gob.do//Public/Tendering/OpportunityDetail/Index?noticeUID=DO1.NTC.488910
INDOTEL-CCC-PEPB-2018-0015,548,Instituto Dominicano de las Telecomunicaciones,Procesos de Excepción,Publicidad,Contratacion Servicio de Publicacion ,Proceso adjudicado y celebrado,DOP,297000.0,2018-11-15,09:05:16,No,No,Servicios,No,No,No,https://comunidad.comprasdominicana.gob.do//Public/Tendering/OpportunityDetail/Index?noticeUID=DO1.NTC.498402
MIREX-DAF-CM-2018-0451,1,Ministerio de Relaciones Exteriores,Contratación Menor,Proceso ordinario,COMPRA DE BOLETO AÉREO A FAVOR DE ELOY NUNEZ,Proceso adjudicado y celebrado,DOP,300000.0,2018-11-16,15:25:04,No,No,Servicios,No,No,No,https://comunidad.comprasdominicana.gob.do//Public/Tendering/OpportunityDetail/Index?noticeUID=DO1.NTC.498541
Inst. Nac. de Cancer-UC-CD-2018-0083,876,Instituto Nacional de Cancer 'Rosa E. Tavares',Compras por Debajo del Umbral,Proceso ordinario,ABLANDADOR DE AGUA,Proceso con etapa cerrada,DOP,50000.0,2018-11-23,13:00:03,No,No,Bienes,No,No,No,https://comunidad.comprasdominicana.gob.do//Public/Tendering/OpportunityDetail/Index?noticeUID=DO1.NTC.502019
INAP-UC-CD-2018-0127,176,Instituto Nacional de Administración Pública,Compras por Debajo del Umbral,Proceso ordinario,"SERV. DE DECORACION Y AMBIENTACION PARA SEMINARIO INTERNACIONAL ""HERRAMIENTAS CLAVES PARA OPTIMIZAR RESULTADOS""",Proceso desierto,DOP,46700.0,2018-11-29,09:25:06,No,No,Servicios,No,No,No,https://comunidad.comprasdominicana.gob.do//Public/Tendering/OpportunityDetail/Index?noticeUID=DO1.NTC.504504
DGM-UC-CD-2018-0327,143,Dirección General de Migración,Compras por Debajo del Umbral,Proceso ordinario,Servicio de Publicación. ,Proceso adjudicado y celebrado,DOP,47790.0,2018-12-05,14:10:02,No,No,Bienes,No,No,No,https://comunidad.comprasdominicana.gob.do//Public/Tendering/OpportunityDetail/Index?noticeUID=DO1.NTC.508720
ITLA-DAF-CM-2018-0053,684,Instituto Tecnológico de las Américas,Contratación Menor,Proceso ordinario,Adquisición de Suministros de Oficina para el Instituto Tecnológico de las Américas (ITLA),Proceso adjudicado y celebrado,DOP,550758.0,2018-12-06,18:00:07,No,No,Bienes,No,No,No,https://comunidad.comprasdominicana.gob.do//Public/Tendering/OpportunityDetail/Index?noticeUID=DO1.NTC.510250
ITLA-DAF-CM-2018-0055,684,Instituto Tecnológico de las Américas,Contratación Menor,Proceso ordinario, Adquisición de Artículos Ferreteros para el Instituto Tecnológico de las Américas (ITLA).,Proceso adjudicado y celebrado,DOP,890062.0,2018-12-27,17:01:52,No,No,Bienes,No,No,No,https://comunidad.comprasdominicana.gob.do//Public/Tendering/OpportunityDetail/Index?noticeUID=DO1.NTC.519541
POLICIA NACIONAL-CCC-CP-2018-0063,144,Policia Nacional,Comparación de Precios,Proceso ordinario,SOLICITUD COMPRA DE MATERIALES PARA LA SECCIÓN DE IDENTIFICACIÓN Y PIEZA PARA IMPRESORA,Proceso desierto,DOP,2059837.0,2018-12-28,09:29:46,No,No,Bienes,No,No,No,https://comunidad.comprasdominicana.gob.do//Public/Tendering/OpportunityDetail/Index?noticeUID=DO1.NTC.514049
INM-RD-UC-CD-2019-0005,936,Instituto Nacional de Migración,Compras por Debajo del Umbral,Proceso ordinario,Materiales médicos para botiquín ,Proceso adjudicado y celebrado,DOP,11850.0,2019-01-04,17:15:03,No,No,Bienes,No,No,No,https://comunidad.comprasdominicana.gob.do//Public/Tendering/OpportunityDetail/Index?noticeUID=DO1.NTC.522916
MICM-UC-CD-2019-0026,251,"Ministerio de Industria, Comercio y Mipymes",Compras por Debajo del Umbral,Proceso ordinario,solicitud corona funebre,Proceso adjudicado y celebrado,DOP,5000.0,2019-01-22,15:35:04,No,No,Servicios,No,No,No,https://comunidad.comprasdominicana.gob.do//Public/Tendering/OpportunityDetail/Index?noticeUID=DO1.NTC.529312
MINERD-CCC-PEPB-2019-0009,237,Ministerio de Educación,Procesos de Excepción,Publicidad,COLOCACIÓN DE PUBLICIDAD INSTITUCIONAL A TRAVÉS DE MEDIOS DE COMUNICACIÓN SOCIAL DEL 1 DE FEBRERO AL 31 DE MARZO DEL 2019. ,Proceso adjudicado y celebrado,DOP,660000.0,2019-01-24,13:03:01,No,No,Servicios,No,No,No,https://comunidad.comprasdominicana.gob.do//Public/Tendering/OpportunityDetail/Index?noticeUID=DO1.NTC.530217
AYUNTAMIENTO STGO-UC-CD-2019-0014,731,Ayuntamiento Santiago de los Caballeros,Compras por Debajo del Umbral,Proceso ordinario,REPARACIÓN Y REEMPLAZO DE PARTES DE GRUA PLATAFORMA HYUNDAI HD78,Proceso adjudicado y celebrado,DOP,46225.0,2019-01-30,13:30:03,No,No,Servicios,No,No,No,https://comunidad.comprasdominicana.gob.do//Public/Tendering/OpportunityDetail/Index?noticeUID=DO1.NTC.533020
CNZFE-UC-CD-2019-0001,857,Consejo Nacional de Zonas Francas de Exportación (CNZFE),Compras por Debajo del Umbral,Proceso ordinario,MANTENIMIENTO VEH. SKODA A152135,Proceso desierto,DOP,30000.0,2019-01-31,17:02:44,No,No,Servicios,No,No,No,https://comunidad.comprasdominicana.gob.do//Public/Tendering/OpportunityDetail/Index?noticeUID=DO1.NTC.533530
CNF-CCC-CP-2019-0001,935,Consejo Nacional de Fronteras,Comparación de Precios,Proceso ordinario,Adquisicion de Tickets de Combustible Enero-Junio 2019,Proceso adjudicado y celebrado,DOP,2100000.0,2019-02-06,20:19:14,No,No,Servicios,No,No,No,https://comunidad.comprasdominicana.gob.do//Public/Tendering/OpportunityDetail/Index?noticeUID=DO1.NTC.536838
IDAC-UC-CD-2019-0003,559,Instituto Dominicano de Aviación Civíl,Compras por Debajo del Umbral,Proceso ordinario,"Sacapunta Electrico, Trituradora de Papel, y Encuadernadora de Papel",Proceso adjudicado y celebrado,DOP,30000.0,2019-02-08,16:01:22,Si,No,Bienes,No,No,No,https://comunidad.comprasdominicana.gob.do//Public/Tendering/OpportunityDetail/Index?noticeUID=DO1.NTC.538634
PPS-UC-CD-2019-0142,207,Programa Supérate,Compras por Debajo del Umbral,Proceso ordinario,Solicitud servicio de trabajos varios ,Cancelado,DOP,3000.0,2019-02-13,10:50:06,No,No,Servicios,No,No,No,https://comunidad.comprasdominicana.gob.do//Public/Tendering/OpportunityDetail/Index?noticeUID=DO1.NTC.540621
PRO CONSUMIDOR-UC-CD-2019-0020,636,Instituto Nacional de Protección de los Derechos del Consumidor,Compras por Debajo del Umbral,Proceso ordinario,compra arreglo floral /conmemoración del mes de la patria ,Proceso adjudicado y celebrado,DOP,20000.0,2019-02-13,08:01:37,No,No,Servicios,No,No,No,https://comunidad.comprasdominicana.gob.do//Public/Tendering/OpportunityDetail/Index?noticeUID=DO1.NTC.540601
EGEHID-DAF-CM-2019-0020,580,Empresa de Generación Hidroélectrica Dominicana,Contratación Menor,Proceso ordinario,Adquisición Insumos agrícolas y Materiales para Injertía de Aguacate,Proceso adjudicado y celebrado,DOP,884950.0,2019-02-13,13:00:02,No,No,Bienes,No,No,No,https://comunidad.comprasdominicana.gob.do//Public/Tendering/OpportunityDetail/Index?noticeUID=DO1.NTC.540530
DGII-CCC-CP-2019-0005,224,Dirección General Impuestos Internos,Comparación de Precios,Proceso ordinario,"DGII-CCC-CP-2019-005: Adquisición de Anaqueles para ser instalados en los Centros De Transacciones Vehículo De Motor de Nagua, Moca y Santiago y las áreas de archivo de las Adm. Locales de Santiago.. ",Proceso adjudicado y celebrado,DOP,3148245.0,2019-02-14,10:00:25,No,No,Bienes,No,No,No,https://comunidad.comprasdominicana.gob.do//Public/Tendering/OpportunityDetail/Index?noticeUID=DO1.NTC.541105
MINERD-DAF-CM-2019-0056,237,Ministerio de Educación,Contratación Menor,Proceso ordinario,Contratación de los Servicios de Impresión y Materiales Impresos ,Cancelado,DOP,821164.8,2019-02-18,17:54:06,No,No,Servicios,No,No,No,https://comunidad.comprasdominicana.gob.do//Public/Tendering/OpportunityDetail/Index?noticeUID=DO1.NTC.542544
CONIAF-DAF-CM-2019-0002,699,Consejo Nacional de Investigaciones Agropecuarias y Forestales,Contratación Menor,Proceso ordinario,SERVICIO DE MANTENIMIENTO Y REPARACIÓN DE CONSTRUCCIÓN E INSTALACIONES DEL CONIAF,Proceso adjudicado y celebrado,DOP,389900.0,2019-02-18,08:30:03,No,No,Servicios,No,No,No,https://comunidad.comprasdominicana.gob.do//Public/Tendering/OpportunityDetail/Index?noticeUID=DO1.NTC.542501
CND-UC-CD-2019-0003,893,Consejo Nacional de Drogas,Compras por Debajo del Umbral,Proceso ordinario,Compra De Refrigerio,Proceso adjudicado y celebrado,DOP,10431.2,2019-02-21,12:03:44,No,No,Servicios,No,No,No,https://comunidad.comprasdominicana.gob.do//Public/Tendering/OpportunityDetail/Index?noticeUID=DO1.NTC.544420
ADN-UC-CD-2019-0023,617,Ayuntamiento del Distrito Nacional (ADN),Compras por Debajo del Umbral,Proceso ordinario,CONFECCION DE PLACAS Y CHEQUE GIGANTE EN COROPLAST,Proceso adjudicado y celebrado,DOP,111000.0,2019-02-21,13:21:03,No,No,Bienes,No,No,No,https://comunidad.comprasdominicana.gob.do//Public/Tendering/OpportunityDetail/Index?noticeUID=DO1.NTC.544014
HOSP RAMON DE LARA-UC-CD-2019-0013,151,Hospital Ramón de Lara FFAA,Compras por Debajo del Umbral,Proceso ordinario,Solicitud de Materiales y Artículos impresos de artes grafico,Proceso adjudicado y celebrado,DOP,21500.0,2019-02-22,14:12:05,No,No,Bienes,No,No,No,https://comunidad.comprasdominicana.gob.do//Public/Tendering/OpportunityDetail/Index?noticeUID=DO1.NTC.544624
MITUR-UC-CD-2019-0041,257,Ministerio de Turismo,Compras por Debajo del Umbral,Proceso ordinario,MONTAJE PUBLICITARIO VUELTA INDEPENDENCIA 2019,Proceso adjudicado y celebrado,DOP,50000.0,2019-02-22,15:22:07,No,No,Servicios,No,No,No,https://comunidad.comprasdominicana.gob.do//Public/Tendering/OpportunityDetail/Index?noticeUID=DO1.NTC.544936
MIDEREC-UC-CD-2019-0054,225,"Ministerio de Deportes, Educación Física y Recreación",Compras por Debajo del Umbral,Proceso ordinario,"ADQQUISICION DE (105)  CIENTOS CINCO MELLADAS (35, DE ORO, 35 DE PLATA Y 35 DE BRONCE) y (03) TRES TROFEOS, UNO DEL 1ER  LUGAR, UNO DE 2DO LUGAR Y OTRO DE 3ER LUGAR, A FAVOR DE LA FEDERACION DE LUCHA",Cancelado,DOP,28497.0,2019-02-22,10:20:01,No,No,Bienes,No,No,No,https://comunidad.comprasdominicana.gob.do//Public/Tendering/OpportunityDetail/Index?noticeUID=DO1.NTC.544811
DIGEV-CCC-CP-2019-0010,154,Dirección General de Escuelas Vocacionales de las FFAA,Comparación de Precios,Proceso ordinario,SOLICITUD ADQUISICIÓN DE COMBUSTIBLE,Proceso adjudicado y celebrado,DOP,3598848.0,2019-02-25,11:02:14,No,No,Bienes,No,No,No,https://comunidad.comprasdominicana.gob.do//Public/Tendering/OpportunityDetail/Index?noticeUID=DO1.NTC.545708
ASDE-DAF-CM-2019-0036,615,Ayuntamiento Santo Domingo Este,Contratación Menor,Proceso ordinario,SERVICIO DE CENA PARA EL PERSONAL DELA POLICÍA  MUNICIPAL,Proceso adjudicado y celebrado,DOP,690447.5,2019-02-28,12:09:29,No,No,Servicios,No,No,No,https://comunidad.comprasdominicana.gob.do//Public/Tendering/OpportunityDetail/Index?noticeUID=DO1.NTC.546621
MIREX-UC-CD-2019-0094,1,Ministerio de Relaciones Exteriores,Compras por Debajo del Umbral,Proceso ordinario,COMPRA DE BOLETO AÉREO A FAVOR DE JORGE RAMIREZ,Proceso adjudicado y celebrado,DOP,55148.55,2019-02-28,14:40:03,No,No,Servicios,No,No,No,https://comunidad.comprasdominicana.gob.do//Public/Tendering/OpportunityDetail/Index?noticeUID=DO1.NTC.546433
UAF-UC-CD-2019-0007,901,Unidad de Análisis Financiero,Compras por Debajo del Umbral,Proceso ordinario,Relanzamiento Capacitaciones,Proceso adjudicado y celebrado,DOP,137300.0,2019-03-08,14:02:43,No,No,Servicios,No,No,No,https://comunidad.comprasdominicana.gob.do//Public/Tendering/OpportunityDetail/Index?noticeUID=DO1.NTC.552031
INDRHI-UC-CD-2019-0067,640,Instituto Nacional de Recursos Hidráulicos,Compras por Debajo del Umbral,Proceso ordinario,Compra de 500 pies de cable de acero ,Proceso adjudicado y celebrado,DOP,82500.0,2019-03-12,12:15:06,No,No,Bienes,No,No,No,https://comunidad.comprasdominicana.gob.do//Public/Tendering/OpportunityDetail/Index?noticeUID=DO1.NTC.552919
MIDEREC-UC-CD-2019-0140,225,"Ministerio de Deportes, Educación Física y Recreación",Compras por Debajo del Umbral,Proceso ordinario,AUTORIZACION DE CAMBIO DE FECHA DE VUELO DEL ENTRENADOR EUDIS MENDEZ FELIZ BOGOTA COLOMBIA ,Proceso adjudicado y celebrado,DOP,14332.0,2019-03-14,17:02:40,No,No,Servicios,No,No,No,https://comunidad.comprasdominicana.gob.do//Public/Tendering/OpportunityDetail/Index?noticeUID=DO1.NTC.555446
Inst. Nac. de Cancer-UC-CD-2019-0119,876,Instituto Nacional de Cancer 'Rosa E. Tavares',Compras por Debajo del Umbral,Proceso ordinario,INSUMOS PARA EL AREA DE CICLOTRÓN,Proceso adjudicado y celebrado,DOP,93975.0,2019-03-14,16:00:05,No,No,Bienes,No,No,No,https://comunidad.comprasdominicana.gob.do//Public/Tendering/OpportunityDetail/Index?noticeUID=DO1.NTC.555734
IAD-UC-CD-2019-0023,724,Instituto Agrario Dominicano,Compras por Debajo del Umbral,Proceso ordinario,CONFECCIÓN DE TÍTULOS PROVISIONALES DE PARCELAS,Proceso adjudicado y celebrado,DOP,133504.0,2019-03-15,12:27:23,No,No,Servicios,No,No,No,https://comunidad.comprasdominicana.gob.do//Public/Tendering/OpportunityDetail/Index?noticeUID=DO1.NTC.556121
DGII-UC-CD-2019-0121,224,Dirección General Impuestos Internos,Compras por Debajo del Umbral,Proceso ordinario,Contratación de animación para actividad del día de las secretarias a realizarse el 26 de abril a las 12 del mediodía.,Proceso adjudicado y celebrado,DOP,50000.0,2019-03-19,08:03:17,No,No,Servicios,No,No,No,https://comunidad.comprasdominicana.gob.do//Public/Tendering/OpportunityDetail/Index?noticeUID=DO1.NTC.557301
INAVI-UC-CD-2019-0132,670,Instituto Nacional de Auxilios y Viviendas,Compras por Debajo del Umbral,Proceso ordinario,Compra de uniformes ,Proceso adjudicado y celebrado,DOP,18000.0,2019-03-21,10:37:34,No,No,Bienes,No,No,No,https://comunidad.comprasdominicana.gob.do//Public/Tendering/OpportunityDetail/Index?noticeUID=DO1.NTC.558911
ADESS-UC-CD-2019-0102,208,Administradora de Subsidios Sociales,Compras por Debajo del Umbral,Proceso ordinario,"Refrigerio ""Taller "" Como lograr o mantener una efectiva implementación de las normas básicas de control interno.",Proceso adjudicado y celebrado,DOP,13750.0,2019-03-22,11:19:42,No,No,Servicios,No,No,No,https://comunidad.comprasdominicana.gob.do//Public/Tendering/OpportunityDetail/Index?noticeUID=DO1.NTC.560107
MINISTERIO HACIENDA-DAF-CM-2019-0025,4,Ministerio de Hacienda,Contratación Menor,Proceso ordinario,Adquisición e instalación de ventanas anti-ruido para el despacho ,Proceso adjudicado y celebrado,DOP,350000.0,2019-03-22,16:30:05,No,No,Bienes,No,No,No,https://comunidad.comprasdominicana.gob.do//Public/Tendering/OpportunityDetail/Index?noticeUID=DO1.NTC.560808
MINISTERIO HACIENDA-UC-CD-2019-0031,4,Ministerio de Hacienda,Compras por Debajo del Umbral,Proceso ordinario,"Contratación servicios de Legalización de documentos varios (Adendas, Contratos, Actos)",Proceso adjudicado y celebrado,DOP,93574.0,2019-03-26,16:40:02,No,No,Servicios,No,No,No,https://comunidad.comprasdominicana.gob.do//Public/Tendering/OpportunityDetail/Index?noticeUID=DO1.NTC.562051
PPS-UC-CD-2019-0315,207,Programa Supérate,Compras por Debajo del Umbral,Proceso ordinario,Solicitud servicio de alquileres varios para actividad,Proceso adjudicado y celebrado,DOP,19900.0,2019-03-27,10:40:12,No,No,Servicios,No,No,No,https://comunidad.comprasdominicana.gob.do//Public/Tendering/OpportunityDetail/Index?noticeUID=DO1.NTC.562914
MIDE-CCC-CP-2019-0027,153,Ministerio de Defensa,Comparación de Precios,Proceso ordinario,Adquisición de Mobiliarios ,Proceso adjudicado y celebrado,DOP,2074630.98,2019-04-01,11:08:16,No,No,Bienes,No,No,No,https://comunidad.comprasdominicana.gob.do//Public/Tendering/OpportunityDetail/Index?noticeUID=DO1.NTC.564411
INPOSDOM-DAF-CM-2019-0006,622,Instituto Postal Dominicano,Contratación Menor,Proceso ordinario,2 Motores  para Vehículos de Gasoil,Proceso adjudicado y celebrado,DOP,340430.0,2019-04-01,10:03:38,No,No,Bienes,No,No,No,https://comunidad.comprasdominicana.gob.do//Public/Tendering/OpportunityDetail/Index?noticeUID=DO1.NTC.564607
DGII-DAF-CM-2019-0084,224,Dirección General Impuestos Internos,Contratación Menor,Proceso ordinario,"Adquisición de mobiliarios para ser instalados en la Administración Local Puerto Plata, Proceso dirigido a empresas MiPymes. ",Proceso adjudicado y celebrado,DOP,822000.0,2019-04-02,10:04:09,Si,No,Bienes,No,No,No,https://comunidad.comprasdominicana.gob.do//Public/Tendering/OpportunityDetail/Index?noticeUID=DO1.NTC.565305
MIDEREC-UC-CD-2019-0252,225,"Ministerio de Deportes, Educación Física y Recreación",Compras por Debajo del Umbral,Proceso ordinario,ADQUISICIÓN DE PONCHERITAS  PARA SER UTILIZADA EN LOS DIFERENTES PUNTOS DEL CAMPAMENTOS SEMANA SANTA 2019,Proceso adjudicado y celebrado,DOP,9450.0,2019-04-09,11:50:05,No,No,Bienes,No,No,No,https://comunidad.comprasdominicana.gob.do//Public/Tendering/OpportunityDetail/Index?noticeUID=DO1.NTC.568427
IAD-CCC-PEPB-2019-0003,724,Instituto Agrario Dominicano,Procesos de Excepción,Publicidad,"PUBLICACIÓN EN DOS PERIÓDICOS DE CIRCULACION NACIONAL  LA CONVOCATORIA  A LICITACIÓN PUBLICA  IAD-CCC-LPN-2019-0003, ADQUISICIÓN DE MAQUINARIAS E IMPLEMENTOS AGRICOLAS ,  ",Proceso adjudicado y celebrado,DOP,85987.0,2019-04-10,11:17:37,No,No,Servicios,No,No,No,https://comunidad.comprasdominicana.gob.do//Public/Tendering/OpportunityDetail/Index?noticeUID=DO1.NTC.569014
JAC-UC-CD-2019-0083,554,Junta de Aviación Civil,Compras por Debajo del Umbral,Proceso ordinario,AMORTIGUADOR DELANTERO IZQUIERDO,Proceso adjudicado y celebrado,DOP,14953.29,2019-04-10,12:34:51,No,No,Bienes,No,No,No,https://comunidad.comprasdominicana.gob.do//Public/Tendering/OpportunityDetail/Index?noticeUID=DO1.NTC.569129
CPADB-UC-CD-2019-0025,204,Comisión Presidencial Apoyo Desarrollo Barrial,Compras por Debajo del Umbral,Proceso ordinario,SERVICIO SALUD,Proceso adjudicado y celebrado,DOP,55156.94,2019-04-11,14:15:02,No,No,Servicios,No,No,No,https://comunidad.comprasdominicana.gob.do//Public/Tendering/OpportunityDetail/Index?noticeUID=DO1.NTC.570139
INAVI-DAF-CM-2019-0035,670,Instituto Nacional de Auxilios y Viviendas,Contratación Menor,Proceso ordinario,Compra de gasoil,Proceso adjudicado y celebrado,DOP,360400.0,2019-04-22,15:59:05,No,No,Bienes,No,No,No,https://comunidad.comprasdominicana.gob.do//Public/Tendering/OpportunityDetail/Index?noticeUID=DO1.NTC.575337
DGII-UC-CD-2019-0188,224,Dirección General Impuestos Internos,Compras por Debajo del Umbral,Proceso ordinario,Suministro de sillones ortopédicos para Registro del Contribuyente,Proceso adjudicado y celebrado,DOP,105000.0,2019-04-23,16:52:23,Si,No,Bienes,No,No,No,https://comunidad.comprasdominicana.gob.do//Public/Tendering/OpportunityDetail/Index?noticeUID=DO1.NTC.577216
ASDE-UC-CD-2019-0207,615,Ayuntamiento Santo Domingo Este,Compras por Debajo del Umbral,Proceso ordinario,COMPRA DE SELLOS PARA DIFERENTES DEPARTAMENTOS ,Proceso con etapa cerrada,DOP,6800.0,2019-04-26,16:00:56,No,No,Bienes,No,No,No,https://comunidad.comprasdominicana.gob.do//Public/Tendering/OpportunityDetail/Index?noticeUID=DO1.NTC.579434
PPS-UC-CD-2019-0455,207,Programa Supérate,Compras por Debajo del Umbral,Proceso ordinario,Servicio de Transporte Obra Teatral del Profesor Q. Universidad católica .,Proceso adjudicado y celebrado,DOP,100000.0,2019-04-30,17:48:03,No,No,Servicios,No,No,No,https://comunidad.comprasdominicana.gob.do//Public/Tendering/OpportunityDetail/Index?noticeUID=DO1.NTC.580350
HDSS-UC-CD-2019-0043,985,Hospital Docente Semma Santiago,Compras por Debajo del Umbral,Proceso ordinario,MANTENIMIENTO A LA AMBULANCIA HYUNDAI H-100 AÑO 2018,Proceso adjudicado y celebrado,DOP,7000.0,2019-05-02,13:31:27,No,No,Servicios,No,No,No,https://comunidad.comprasdominicana.gob.do//Public/Tendering/OpportunityDetail/Index?noticeUID=DO1.NTC.581816
IDEICE-UC-CD-2019-0029,869,Instituto Dom.de Evaluacion e Investigacion de la Calidad Educativa,Compras por Debajo del Umbral,Proceso ordinario,SERVICIOS DE IMPRESIÓN ,Proceso adjudicado y celebrado,DOP,115092.0,2019-05-03,12:08:00,No,No,Servicios,No,No,No,https://comunidad.comprasdominicana.gob.do//Public/Tendering/OpportunityDetail/Index?noticeUID=DO1.NTC.582516
CERTV-UC-CD-2019-0134,691,Corporación Estatal de Radio y Televisión,Compras por Debajo del Umbral,Proceso ordinario,COMPRA DE MATERIALES DE LIMPIEZA ,Proceso adjudicado y celebrado,DOP,84250.0,2019-05-06,10:17:21,No,No,Bienes,No,No,No,https://comunidad.comprasdominicana.gob.do//Public/Tendering/OpportunityDetail/Index?noticeUID=DO1.NTC.583309
DGJP-UC-CD-2019-0005,908,Dirección Generales de Jubilaciones y Pensiones,Compras por Debajo del Umbral,Proceso ordinario,Adquisición de uniforme para equipo de Softbol ,Proceso adjudicado y celebrado,DOP,44200.0,2019-05-06,10:10:11,No,No,Bienes,No,No,No,https://comunidad.comprasdominicana.gob.do//Public/Tendering/OpportunityDetail/Index?noticeUID=DO1.NTC.582911
ADESS-UC-CD-2019-0148,208,Administradora de Subsidios Sociales,Compras por Debajo del Umbral,Proceso ordinario,"Recarga de extintores del edificio ADESS, correspondiente al mantenimiento anual.",Proceso adjudicado y celebrado,DOP,2973.6,2019-05-08,10:08:17,No,No,Servicios,No,No,No,https://comunidad.comprasdominicana.gob.do//Public/Tendering/OpportunityDetail/Index?noticeUID=DO1.NTC.584308
DGII-UC-CD-2019-0218,224,Dirección General Impuestos Internos,Compras por Debajo del Umbral,Proceso ordinario,Servicio de Refrigerio,Cancelado,DOP,18000.0,2019-05-10,12:32:31,Si,No,Servicios,No,No,No,https://comunidad.comprasdominicana.gob.do//Public/Tendering/OpportunityDetail/Index?noticeUID=DO1.NTC.585220
HOSPNEYARIAS-DAF-CM-2019-0166,862,Hospital Traumatológico Dr. Ney Arias Lora,Contratación Menor,Proceso ordinario,REACTIVOS PRUEBAS ESPECIALES MAQUINA MS ,Proceso adjudicado y celebrado,DOP,288984.65,2019-05-13,11:11:10,No,No,Bienes,No,No,No,https://comunidad.comprasdominicana.gob.do//Public/Tendering/OpportunityDetail/Index?noticeUID=DO1.NTC.585811
MIDEREC-UC-CD-2019-0440,225,"Ministerio de Deportes, Educación Física y Recreación",Compras por Debajo del Umbral,Proceso ordinario,ADQUISICIÓN DE TROFEOS Y MEDALLAS PARA SER UTILIZADAS POR EL CLUB DEPORTIVO Y CULTURAL EL MANGUITO,Proceso adjudicado y celebrado,DOP,46900.0,2019-05-15,13:20:02,No,No,Bienes,No,No,No,https://comunidad.comprasdominicana.gob.do//Public/Tendering/OpportunityDetail/Index?noticeUID=DO1.NTC.587727
DEPRIDAM-UC-CD-2019-0387,632,Despacho de la Primera Dama (Inactiva),Compras por Debajo del Umbral,Proceso ordinario,MANTENIMIENTO GENERAL JEEPETA LAND CRUISER - CHASIS 00315,Proceso adjudicado y celebrado,DOP,70000.0,2019-05-17,13:25:02,No,No,Servicios,No,No,No,https://comunidad.comprasdominicana.gob.do//Public/Tendering/OpportunityDetail/Index?noticeUID=DO1.NTC.589326
DGCN-DAF-CM-2019-0015,196,Dirección General de Catastro Nacional,Contratación Menor,Proceso ordinario,MANTENIMIENTO DE TODOS LOS AIRES ACONDICIONADOS DE ESTA DIRECCION GENERAL,Proceso adjudicado y celebrado,DOP,500000.0,2019-05-22,09:00:44,No,No,Servicios,No,No,No,https://comunidad.comprasdominicana.gob.do//Public/Tendering/OpportunityDetail/Index?noticeUID=DO1.NTC.591002
MEM-UC-CD-2019-0129,916,Ministerio de Energía y Minas,Compras por Debajo del Umbral,Proceso ordinario,Servicio de Impresión de Boletín Institucional.,Proceso adjudicado y celebrado,DOP,36250.0,2019-05-23,11:01:36,No,No,Servicios,No,No,No,https://comunidad.comprasdominicana.gob.do//Public/Tendering/OpportunityDetail/Index?noticeUID=DO1.NTC.591520
INAVI-DAF-CM-2019-0048,670,Instituto Nacional de Auxilios y Viviendas,Contratación Menor,Proceso ordinario,COMPRA ALFOMBRAS,Proceso adjudicado y celebrado,DOP,171042.0,2019-05-27,13:04:32,No,No,Bienes,No,No,No,https://comunidad.comprasdominicana.gob.do//Public/Tendering/OpportunityDetail/Index?noticeUID=DO1.NTC.592718
MITUR-DAF-CM-2019-0082,257,Ministerio de Turismo,Contratación Menor,Proceso ordinario,COMPRA DE  VARIOS ARTICULOS PARA ESTE MITUR,Proceso adjudicado y celebrado,DOP,135328.0,2019-06-03,10:05:17,No,No,Bienes,Si,No,No,https://comunidad.comprasdominicana.gob.do//Public/Tendering/OpportunityDetail/Index?noticeUID=DO1.NTC.595812
MINISTERIO HACIENDA-CCC-PEPB-2019-0012,4,Ministerio de Hacienda,Procesos de Excepción,Publicidad,"Publicación del texto ""El País paga US$14,343 millones de Dólares de la Deuda Externa en Siete Años"", en la edición del día jueves, 06 de junio , en siete (7) periódicos de Circulación Nacional.",Proceso adjudicado y celebrado,DOP,1728556.88,2019-06-06,17:45:04,No,No,Servicios,No,No,No,https://comunidad.comprasdominicana.gob.do//Public/Tendering/OpportunityDetail/Index?noticeUID=DO1.NTC.598143
ONAPI-UC-CD-2019-0085,717,Oficina Nacional de la Propiedad Industrial,Compras por Debajo del Umbral,Proceso ordinario,"Servicio de mantenimiento del vehiculo Toyota Coaster, chasis No. JTGFB518201040759, a los 192,000 Km.",Proceso adjudicado y celebrado,DOP,16000.0,2019-06-25,10:05:32,No,No,Servicios,No,No,No,https://comunidad.comprasdominicana.gob.do//Public/Tendering/OpportunityDetail/Index?noticeUID=DO1.NTC.605106
DIGESETT-DAF-CM-2019-0030,180,Dirección General de Seguridad de Tránsito y Transporte Terrestre,Contratación Menor,Proceso ordinario,SOLICITUD DE REPARACION Y MANTENIMIENTO DE VENTANAS,Proceso adjudicado y celebrado,DOP,248535.0,2019-06-25,09:30:07,No,No,Servicios,No,No,No,https://comunidad.comprasdominicana.gob.do//Public/Tendering/OpportunityDetail/Index?noticeUID=DO1.NTC.605204
MAPRE-UC-CD-2019-0085,134,Ministerio Administrativo de la Presidencia,Compras por Debajo del Umbral,Proceso ordinario,"CURSO "" PROTOCOLO Y MONTAJES DE EVENTOS EMPRESARIALES "" ",Proceso adjudicado y celebrado,DOP,21500.0,2019-06-26,16:06:53,No,No,Servicios,No,No,No,https://comunidad.comprasdominicana.gob.do//Public/Tendering/OpportunityDetail/Index?noticeUID=DO1.NTC.605940
DGII-DAF-CM-2019-0204,224,Dirección General Impuestos Internos,Contratación Menor,Proceso ordinario,"Reemplazo de aproximadamente 1,416.00 pies lineales de silicón de las juntas de 21 columnas recubiertas de ACM.  ",Proceso adjudicado y celebrado,DOP,170000.0,2019-07-01,11:32:54,No,No,Bienes,No,No,No,https://comunidad.comprasdominicana.gob.do//Public/Tendering/OpportunityDetail/Index?noticeUID=DO1.NTC.607819
DIGEPRES-UC-CD-2019-0062,217,Dirección General de Presupuesto,Compras por Debajo del Umbral,Proceso ordinario,Adquisición de neumáticos(gomas) para vehículos propiedades de esta institución,Proceso adjudicado y celebrado,DOP,54400.0,2019-07-02,15:30:04,No,No,Bienes,No,No,No,https://comunidad.comprasdominicana.gob.do//Public/Tendering/OpportunityDetail/Index?noticeUID=DO1.NTC.608552
Biblioteca Nacional-DAF-CM-2019-0023,940,Biblioteca Nacional Pedro Henríquez Ureña,Contratación Menor,Proceso ordinario,"ADQUISICIÓN DE PUBLICACIONES, PARA SER INCORPORADAS AL PATRIMONIO BIBLIOGRÁFICO DE LA BNPHU.",Proceso adjudicado y celebrado,DOP,500000.0,2019-07-03,13:03:11,No,No,Bienes,No,No,No,https://comunidad.comprasdominicana.gob.do//Public/Tendering/OpportunityDetail/Index?noticeUID=DO1.NTC.608821
MIMARENA-UC-CD-2019-0235,260,Ministerio de Medio Ambiente,Compras por Debajo del Umbral,Proceso ordinario,ADQUISICIÓN DE BATERIAPARA VEHÍCULO,Proceso adjudicado y celebrado,DOP,6900.0,2019-07-04,13:40:05,No,No,Bienes,No,No,No,https://comunidad.comprasdominicana.gob.do//Public/Tendering/OpportunityDetail/Index?noticeUID=DO1.NTC.609541
FAD-DAF-CM-2019-0077,173,Fuerza Aérea Dominicana,Contratación Menor,Proceso ordinario,Adquisición de materiales ferreteros,Proceso adjudicado y celebrado,DOP,135274.7,2019-07-04,12:06:07,No,No,Bienes,No,No,No,https://comunidad.comprasdominicana.gob.do//Public/Tendering/OpportunityDetail/Index?noticeUID=DO1.NTC.609226
Dpto. Aeroportuario-UC-CD-2019-0077,676,Departamento Aeroportuario,Compras por Debajo del Umbral,Proceso ordinario,REPARACION Y MANTENIMIENTO PRINTER TOSHIBA E STUDIO 357 ,Proceso adjudicado y celebrado,DOP,41300.0,2019-07-08,15:30:28,No,No,Servicios,No,No,No,https://comunidad.comprasdominicana.gob.do//Public/Tendering/OpportunityDetail/Index?noticeUID=DO1.NTC.610546
FAD-UC-CD-2019-0291,173,Fuerza Aérea Dominicana,Compras por Debajo del Umbral,Proceso ordinario,Adquisicion de seguro de viaje,Proceso adjudicado y celebrado,DOP,130380.0,2019-07-09,10:50:02,No,No,Servicios,No,No,No,https://comunidad.comprasdominicana.gob.do//Public/Tendering/OpportunityDetail/Index?noticeUID=DO1.NTC.611010
GANADERIA-UC-CD-2019-0236,227,Dirección General de Ganadería,Compras por Debajo del Umbral,Proceso ordinario,"MANTENIMIENTO CAMIONETA TOYOTA HILUX 4X2, PLACA: L394314, ASIG. AL DR. AUDIN SEVERINO",Proceso adjudicado y celebrado,DOP,8371.48,2019-07-11,12:50:01,No,No,Servicios,No,No,No,https://comunidad.comprasdominicana.gob.do//Public/Tendering/OpportunityDetail/Index?noticeUID=DO1.NTC.612532
MMUJER-UC-CD-2019-0182,174,Ministerio de la Mujer,Compras por Debajo del Umbral,Proceso ordinario,"Servicio de refrigerio empacado para 24 personas las que participarán para la apertura del “Grupo de apoyo para mujeres víctima de violencia”, iniciará  el día 16 de julio hasta 1 de octubre 2019 en e",Proceso adjudicado y celebrado,DOP,136290.0,2019-07-12,13:02:00,No,No,Servicios,No,No,No,https://comunidad.comprasdominicana.gob.do//Public/Tendering/OpportunityDetail/Index?noticeUID=DO1.NTC.613320
IIBI-DAF-CM-2019-0017,694,Instituto de Innovación en Biotecnología e Industria,Contratación Menor,Proceso ordinario,COMPRA DE MATERIAL GASTABLE DE OFICINA,Proceso adjudicado y celebrado,DOP,312487.19,2019-07-15,15:00:01,No,No,Bienes,No,No,No,https://comunidad.comprasdominicana.gob.do//Public/Tendering/OpportunityDetail/Index?noticeUID=DO1.NTC.613429
MAPRE-CCC-PEOR-2019-0009,134,Ministerio Administrativo de la Presidencia,Procesos de Excepción,"Obras Científicas, Técnicas, Artísticas, Restauración de monumentos",CONTRATACION DE SERVICIOS LEGALES PARA ESTE MINISTERIO,Proceso adjudicado y celebrado,DOP,1200000.0,2019-07-17,13:40:06,No,No,Servicios,No,No,No,https://comunidad.comprasdominicana.gob.do//Public/Tendering/OpportunityDetail/Index?noticeUID=DO1.NTC.614836
MIMARENA-UC-CD-2019-0258,260,Ministerio de Medio Ambiente,Compras por Debajo del Umbral,Proceso ordinario,ADQUISICIÓN DE ELECTRODOMÉSTICOS Y EQUIPOS DE OFICINA,Proceso adjudicado y celebrado,DOP,54750.0,2019-07-22,12:04:04,No,No,Bienes,No,No,No,https://comunidad.comprasdominicana.gob.do//Public/Tendering/OpportunityDetail/Index?noticeUID=DO1.NTC.616716
ADESS-UC-CD-2019-0255,208,Administradora de Subsidios Sociales,Compras por Debajo del Umbral,Proceso ordinario,"Mantenimiento preventivo vehiculos Ford Everest F-26 y Ford Ranger F-16, Chasis # 05073 y 00472",Proceso adjudicado y celebrado,DOP,33238.35,2019-07-22,11:04:12,No,No,Servicios,No,No,No,https://comunidad.comprasdominicana.gob.do//Public/Tendering/OpportunityDetail/Index?noticeUID=DO1.NTC.616613
PPS-DAF-CM-2019-0417,207,Programa Supérate,Contratación Menor,Proceso ordinario,"Solicitud servicio de alquiler de unidades odontologicas para jornada medicas ""Mirada y Sonrisa Feliz"" que se realizara en nagua y rio san juan",Proceso adjudicado y celebrado,DOP,260000.0,2019-07-29,16:31:32,No,No,Servicios,No,No,No,https://comunidad.comprasdominicana.gob.do//Public/Tendering/OpportunityDetail/Index?noticeUID=DO1.NTC.620333
AEISS-DAF-CM-2019-0016,744,Administradora de Estancias Infantiles Salud Segura (Inactiva),Contratación Menor,Proceso ordinario,Compra de Pasaje Aereo ,Proceso adjudicado y celebrado,DOP,123960.0,2019-08-05,17:15:02,No,No,Servicios,No,No,No,https://comunidad.comprasdominicana.gob.do//Public/Tendering/OpportunityDetail/Index?noticeUID=DO1.NTC.623355
PPS-UC-CD-2019-0906,207,Programa Supérate,Compras por Debajo del Umbral,Proceso ordinario,Adquisición de arreglos de orquídeas para despacho vp,Proceso adjudicado y celebrado,DOP,15000.0,2019-08-07,09:30:05,No,No,Bienes,Si,No,No,https://comunidad.comprasdominicana.gob.do//Public/Tendering/OpportunityDetail/Index?noticeUID=DO1.NTC.624703
CPMSP-UC-CD-2019-0024,859,COMISION PRESIDENCIAL PARA LA MODERNIZACION Y SEGURIDAD PORTUARIA (Inactiva),Compras por Debajo del Umbral,Proceso ordinario,"COMPRA DE 3 GOMAS PARA LA CAMIONETA TOYOTA HILUX 2013, CAMIONETA NISSAN NAVARRA",Proceso adjudicado y celebrado,DOP,20656.77,2019-08-14,10:14:18,No,No,Bienes,No,No,No,https://comunidad.comprasdominicana.gob.do//Public/Tendering/OpportunityDetail/Index?noticeUID=DO1.NTC.629315
CEIRD-DAF-CM-2019-0127,623,Centro de Exportación e Inversión de la Republica Dominicana,Contratación Menor,Proceso ordinario, MONTAJE DE ESCENOGRAFÍA Y AMBIEMTACION EN PUNTA CANA / EVENTO PEÍ,Proceso adjudicado y celebrado,DOP,1000000.0,2019-08-19,11:45:05,Si,No,Servicios,No,No,No,https://comunidad.comprasdominicana.gob.do//Public/Tendering/OpportunityDetail/Index?noticeUID=DO1.NTC.630617
MERCADOM-UC-CD-2019-0140,1006,Mercados Dominicanos de Abasto Agropecuario,Compras por Debajo del Umbral,Proceso ordinario,ADQUISICION DE CERAMICAS Y MATERIALES DE CONSTRUCCION,Proceso adjudicado y celebrado,DOP,31980.0,2019-08-19,11:07:37,No,No,Bienes,No,No,No,https://comunidad.comprasdominicana.gob.do//Public/Tendering/OpportunityDetail/Index?noticeUID=DO1.NTC.630221
LOTERIA NACIONAL-UC-CD-2019-0073,655,Lotería Nacional,Compras por Debajo del Umbral,Proceso ordinario,COMPRA DE IMPRESORA,Proceso adjudicado y celebrado,DOP,15300.0,2019-08-20,15:20:46,No,No,Bienes,No,No,No,https://comunidad.comprasdominicana.gob.do//Public/Tendering/OpportunityDetail/Index?noticeUID=DO1.NTC.631904
INAVI-UC-CD-2019-0420,670,Instituto Nacional de Auxilios y Viviendas,Compras por Debajo del Umbral,Proceso ordinario,"Compra de filtros, aceite, batería y mano de obra",Proceso adjudicado y celebrado,DOP,19393.3,2019-08-20,09:28:17,No,No,Bienes,No,No,No,https://comunidad.comprasdominicana.gob.do//Public/Tendering/OpportunityDetail/Index?noticeUID=DO1.NTC.630904
INAPA-DAF-CM-2019-0239,635,Instituto Nacional de Aguas Potables y Alcantarillados,Contratación Menor,Proceso ordinario,"COMPRA DE TUBERÍAS PVC, PARA TODAS LAS ZONAS ",Proceso adjudicado y celebrado,DOP,224105.0,2019-08-21,12:18:06,No,No,Bienes,No,No,No,https://comunidad.comprasdominicana.gob.do//Public/Tendering/OpportunityDetail/Index?noticeUID=DO1.NTC.632521
ARSSEMMA-DAF-CM-2019-0023,711,Administradora de Riesgos de Salud para los Maestros,Contratación Menor,Proceso ordinario,ADQUISICION DE ARTICULOS PROMOCIONALES 3ER TRIMESTRE,Proceso adjudicado y celebrado,DOP,424250.0,2019-08-26,09:00:53,No,No,Bienes,No,No,No,https://comunidad.comprasdominicana.gob.do//Public/Tendering/OpportunityDetail/Index?noticeUID=DO1.NTC.633804
MMUJER-UC-CD-2019-0217,174,Ministerio de la Mujer,Compras por Debajo del Umbral,Proceso ordinario,"Servicio de refrigerio y almuerzo para 55 personas que participaran en el curso Titulado “ La violencia de Género y el Feminicidio en la Republica Dominicana”, dicha actividad se realizará el jueves 2",Proceso adjudicado y celebrado,DOP,100000.28,2019-08-27,11:02:39,No,No,Servicios,No,No,No,https://comunidad.comprasdominicana.gob.do//Public/Tendering/OpportunityDetail/Index?noticeUID=DO1.NTC.634412
HMRA-UC-CD-2019-0255,978,Hospital Materno Dr. Reynaldo Almanzar,Compras por Debajo del Umbral,Proceso ordinario,FORMALDEHIDO,Proceso adjudicado y celebrado,DOP,71400.0,2019-08-29,15:04:24,No,No,Bienes,No,No,No,https://comunidad.comprasdominicana.gob.do//Public/Tendering/OpportunityDetail/Index?noticeUID=DO1.NTC.635939
UASD-DAF-CM-2019-0033,671,Universidad Autonoma de Santo Domingo,Contratación Menor,Proceso ordinario,"Adquisicion de Maquina de Hemograma y Baño de Maria, Centro UASD Mao ",Proceso adjudicado y celebrado,DOP,354526.0,2019-08-29,12:23:08,No,No,Bienes,No,No,No,https://comunidad.comprasdominicana.gob.do//Public/Tendering/OpportunityDetail/Index?noticeUID=DO1.NTC.636031
HPDHG-UC-CD-2019-0406,928,Hospital Pediátrico Dr. Hugo De Mendoza (HPHM),Compras por Debajo del Umbral,Proceso ordinario,COMPRA DE REACTIVOS DE HEMATOLOGíA ,Cancelado,DOP,24276.0,2019-09-04,09:40:01,No,No,Bienes,No,No,No,https://comunidad.comprasdominicana.gob.do//Public/Tendering/OpportunityDetail/Index?noticeUID=DO1.NTC.639001
SIV-UC-CD-2019-0249,809,Superintendencia de Valores,Compras por Debajo del Umbral,Proceso ordinario,Colocacion Publicidad-Televisión,Proceso adjudicado y celebrado,DOP,60000.0,2019-09-09,12:10:01,No,No,Servicios,No,No,No,https://comunidad.comprasdominicana.gob.do//Public/Tendering/OpportunityDetail/Index?noticeUID=DO1.NTC.640321
INAFOCAM-UC-CD-2019-0240,878,Instituto Nacional de Formacion y Capacitacion del Magisterio,Compras por Debajo del Umbral,Proceso ordinario,COMPRA DE PLANTAS ORNAMENTALES DE LA INSTITUCION,Proceso adjudicado y celebrado,DOP,39335.0,2019-09-09,15:20:04,No,No,Bienes,No,No,No,https://comunidad.comprasdominicana.gob.do//Public/Tendering/OpportunityDetail/Index?noticeUID=DO1.NTC.640733
CDEEE-UC-CD-2019-0092,577,Corporación Dominicana de Empresas Eléctricas Estatales,Compras por Debajo del Umbral,Proceso ordinario,Licencias Herramientas Unlimited de SNAPBIRD,Proceso adjudicado y celebrado,DOP,11000.0,2019-09-11,11:07:29,No,No,Bienes,No,No,No,https://comunidad.comprasdominicana.gob.do//Public/Tendering/OpportunityDetail/Index?noticeUID=DO1.NTC.641712
PPS-UC-CD-2019-1091,207,Programa Supérate,Compras por Debajo del Umbral,Proceso ordinario,Servicio de mantenimiento de pintura para ser utilizado en el CTC La Barquita. Solicitante : Alonzo Rosario ,Proceso adjudicado y celebrado,DOP,120000.0,2019-09-11,16:30:03,No,No,Servicios,No,No,No,https://comunidad.comprasdominicana.gob.do//Public/Tendering/OpportunityDetail/Index?noticeUID=DO1.NTC.641647
INDOTEL-DAF-CM-2019-0112,548,Instituto Dominicano de las Telecomunicaciones,Contratación Menor,Proceso ordinario,Empresa que se encargue de diseñar una propuesta en transformación cultural y gestión del cambio institucional para el INDOTEL.,Proceso adjudicado y celebrado,DOP,830000.0,2019-09-12,11:08:01,No,No,Servicios,No,No,No,https://comunidad.comprasdominicana.gob.do//Public/Tendering/OpportunityDetail/Index?noticeUID=DO1.NTC.642117
IDSS-UC-CD-2019-0061,613,Instituto Dominicano de Seguro Social (Inactiva),Compras por Debajo del Umbral,Proceso ordinario,"ADQUISICION DE FILTRO DE ACEITE , GASOIL, AGUA, AIRE, 12 CUBETAS DE ACEITE. PARA USO DE LA PLANTA ELECTRICA DE 100 Y 500 KW DE LA SEDE CENTRAL",Proceso adjudicado y celebrado,DOP,113100.0,2019-09-17,12:26:10,No,No,Bienes,No,No,No,https://comunidad.comprasdominicana.gob.do//Public/Tendering/OpportunityDetail/Index?noticeUID=DO1.NTC.644232
HMRA-UC-CD-2019-0295,978,Hospital Materno Dr. Reynaldo Almanzar,Compras por Debajo del Umbral,Proceso ordinario,INSUMOS DE LIMPIEZA ,Proceso adjudicado y celebrado,DOP,113600.0,2019-09-20,12:14:51,No,No,Bienes,No,No,No,https://comunidad.comprasdominicana.gob.do//Public/Tendering/OpportunityDetail/Index?noticeUID=DO1.NTC.645918
MIREX-DAF-CM-2019-0461,1,Ministerio de Relaciones Exteriores,Contratación Menor,Proceso ordinario,Material Gastable con linea gráfica,Proceso adjudicado y celebrado,DOP,263000.0,2019-09-25,15:03:31,No,No,Bienes,No,No,No,https://comunidad.comprasdominicana.gob.do//Public/Tendering/OpportunityDetail/Index?noticeUID=DO1.NTC.647352
MICM-UC-CD-2019-0788,251,"Ministerio de Industria, Comercio y Mipymes",Compras por Debajo del Umbral,Proceso ordinario,Adquisición de 300 resaltadores para ser utilizados en la semana Mipymes 2019,Proceso adjudicado y celebrado,DOP,105000.0,2019-09-26,10:36:44,No,No,Bienes,No,No,No,https://comunidad.comprasdominicana.gob.do//Public/Tendering/OpportunityDetail/Index?noticeUID=DO1.NTC.647722
INAP-DAF-CM-2019-0028,176,Instituto Nacional de Administración Pública,Contratación Menor,Proceso ordinario,ADQ.  DE RENOVACION DE LICENCIA DE OFFICE Y OFFICE 365 POR PERIODO DE UN AÑO PARA EL INAP,Proceso adjudicado y celebrado,DOP,199603.38,2019-09-26,12:11:14,No,No,Servicios,No,No,No,https://comunidad.comprasdominicana.gob.do//Public/Tendering/OpportunityDetail/Index?noticeUID=DO1.NTC.648028
MIREX-UC-CD-2019-0674,1,Ministerio de Relaciones Exteriores,Compras por Debajo del Umbral,Proceso ordinario,Bosas de regalos con diseño gráfico p/ actividad del Mirex,Proceso adjudicado y celebrado,DOP,14000.0,2019-09-27,12:06:40,No,No,Bienes,No,No,No,https://comunidad.comprasdominicana.gob.do//Public/Tendering/OpportunityDetail/Index?noticeUID=DO1.NTC.648819
HMRA-CCC-PEEX-2019-0019,978,Hospital Materno Dr. Reynaldo Almanzar,Procesos de Excepción,Exclusividad,REACTIVOS EQUIPO BS-200 MINDRAY,Proceso adjudicado y celebrado,DOP,901094.0,2019-09-27,13:00:03,No,No,Bienes,No,No,No,https://comunidad.comprasdominicana.gob.do//Public/Tendering/OpportunityDetail/Index?noticeUID=DO1.NTC.648927
DEPRIDAM-DAF-CM-2019-0109,632,Despacho de la Primera Dama (Inactiva),Contratación Menor,Proceso ordinario,SUMINISTRO Y REPARACION DE TERRENO (PARTE FRONTAL DEL CENTRO RESIDE),Proceso adjudicado y celebrado,DOP,531400.0,2019-10-03,17:00:04,No,No,Bienes,No,No,No,https://comunidad.comprasdominicana.gob.do//Public/Tendering/OpportunityDetail/Index?noticeUID=DO1.NTC.654026
MIMARENA-CCC-CP-2019-0030,260,Ministerio de Medio Ambiente,Comparación de Precios,Proceso ordinario,"Contratacion de Servicio de Montaje,Almuerzo y Bebidas para la Fiesta Navideña del Ministerio de Medio Ambiente ",Proceso adjudicado y celebrado,DOP,3659003.0,2019-10-17,12:50:00,No,No,Servicios,No,No,No,https://comunidad.comprasdominicana.gob.do//Public/Tendering/OpportunityDetail/Index?noticeUID=DO1.NTC.660642
ASDE-UC-CD-2019-0459,615,Ayuntamiento Santo Domingo Este,Compras por Debajo del Umbral,Proceso ordinario,SOLICITUD DE ALQUILER DE CATERING,Proceso adjudicado y celebrado,DOP,12300.0,2019-10-18,16:03:56,No,No,Servicios,No,No,No,https://comunidad.comprasdominicana.gob.do//Public/Tendering/OpportunityDetail/Index?noticeUID=DO1.NTC.661630
Ay. San Fco. Macoris-UC-CD-2019-0161,867,Ayuntamiento del Municipio de San Francisco de Macoris,Compras por Debajo del Umbral,Proceso ordinario,Adquisición de Placas o base de soporte para ser usadas en el asta de la bandera de este Ayuntamiento Municipal y el parque Hilma Contreras; por el dpto de Ornato y este Ayuntamiento Municipal ,Proceso adjudicado y celebrado,DOP,5850.0,2019-10-21,11:06:04,No,No,Bienes,No,No,No,https://comunidad.comprasdominicana.gob.do//Public/Tendering/OpportunityDetail/Index?noticeUID=DO1.NTC.661917
AYUNTAMIENTO LA VEGA-UC-CD-2019-0999,683,Ayuntamiento Municipal Concepción de la Vega,Compras por Debajo del Umbral,Proceso ordinario,MATERIALES PARA MANTENIMIENTO DE LOS CEMENTERIOS ,Proceso adjudicado y celebrado,DOP,5590.0,2019-10-22,14:08:12,No,No,Bienes,No,No,No,https://comunidad.comprasdominicana.gob.do//Public/Tendering/OpportunityDetail/Index?noticeUID=DO1.NTC.662637
MISPAS-UC-CD-2019-0452,240,Ministerio de Salud Pública y Asistencia Social,Compras por Debajo del Umbral,Proceso ordinario,Adquisición de electrodomésticos para la habilitación del CRUE-911 de San Juan de la Maguana ,Proceso adjudicado y celebrado,DOP,48500.0,2019-10-23,16:31:41,Si,No,Bienes,No,No,No,https://comunidad.comprasdominicana.gob.do//Public/Tendering/OpportunityDetail/Index?noticeUID=DO1.NTC.663549
AGRICULTURA-UC-CD-2019-0355,226,Ministerio de Agricultura,Compras por Debajo del Umbral,Proceso ordinario,ADQUISICION DE GOMAS,Proceso adjudicado y celebrado,DOP,135166.66,2019-10-23,15:31:48,No,No,Bienes,No,No,No,https://comunidad.comprasdominicana.gob.do//Public/Tendering/OpportunityDetail/Index?noticeUID=DO1.NTC.663336
MIDEREC-UC-CD-2019-1143,225,"Ministerio de Deportes, Educación Física y Recreación",Compras por Debajo del Umbral,Proceso ordinario,ADQUISICION DE MATERIALES PARA SER UTILIZADOS EN LA REPARACION DEL ALBERGUE OLIMPICO DOMINICANO ,Proceso adjudicado y celebrado,DOP,91912.0,2019-10-28,15:34:08,No,No,Bienes,No,No,No,https://comunidad.comprasdominicana.gob.do//Public/Tendering/OpportunityDetail/Index?noticeUID=DO1.NTC.665345
INTRANT-CCC-PEPB-2019-0168,249,Instituto Nacional de Transito y Transporte Terrestre,Procesos de Excepción,Publicidad,"Servicio para la colocación de publicidad institucional en el programa Enfoca2TV, en fecha 30 de octubre hasta el 30 de diciembre 2019.  ",Proceso adjudicado y celebrado,DOP,70800.0,2019-10-29,11:06:53,No,No,Servicios,No,No,No,https://comunidad.comprasdominicana.gob.do//Public/Tendering/OpportunityDetail/Index?noticeUID=DO1.NTC.666110
SIE-CCC-PEPB-2019-0073,637,Superintendencia de Electricidad,Procesos de Excepción,Publicidad,Publicación en periódico de resolución SIE-097-2019-TF,Proceso adjudicado y celebrado,DOP,60000.0,2019-10-31,16:07:16,No,No,Servicios,No,No,No,https://comunidad.comprasdominicana.gob.do//Public/Tendering/OpportunityDetail/Index?noticeUID=DO1.NTC.667051
INM-RD-UC-CD-2019-0267,936,Instituto Nacional de Migración,Compras por Debajo del Umbral,Proceso ordinario,Adquisición de un boleto aéreo con destino a Madrid Santo Domingo a fin de participar en la ‘’X conferencia Dominicana de Estudios De Género’’,Proceso adjudicado y celebrado,DOP,58000.0,2019-11-06,08:23:05,No,No,Bienes,No,No,No,https://comunidad.comprasdominicana.gob.do//Public/Tendering/OpportunityDetail/Index?noticeUID=DO1.NTC.670602
HOSPNEYARIAS-UC-CD-2019-0904,862,Hospital Traumatológico Dr. Ney Arias Lora,Compras por Debajo del Umbral,Proceso ordinario,ROLLETE ASCENSOR,Proceso adjudicado y celebrado,DOP,3000.0,2019-11-07,12:21:05,No,No,Bienes,No,No,No,https://comunidad.comprasdominicana.gob.do//Public/Tendering/OpportunityDetail/Index?noticeUID=DO1.NTC.671024
Hosp. Juan Bosch-UC-CD-2019-0298,945,Hospital Traumatológico y Quirúrgico del Cibao Central Juan Bosch,Compras por Debajo del Umbral,Proceso ordinario,COMPRA DE REACTIVOS DE LABORATORIO ,Proceso desierto,DOP,21000.0,2019-11-07,14:31:41,No,No,Bienes,No,No,No,https://comunidad.comprasdominicana.gob.do//Public/Tendering/OpportunityDetail/Index?noticeUID=DO1.NTC.670935
HPDHG-UC-CD-2019-0568,928,Hospital Pediátrico Dr. Hugo De Mendoza (HPHM),Compras por Debajo del Umbral,Proceso ordinario,INSUMOS DECORATIVOS PARA EL ENCENDIDO DEL ÁRBOL,Proceso adjudicado y celebrado,DOP,27200.0,2019-11-11,13:16:19,No,No,Bienes,No,No,No,https://comunidad.comprasdominicana.gob.do//Public/Tendering/OpportunityDetail/Index?noticeUID=DO1.NTC.672256
TRABAJO-DAF-CM-2019-0045,245,Ministerio de Trabajo,Contratación Menor,Proceso ordinario,COMPRA DE MATERIALES DE AUDIOVISUALES,Cancelado,DOP,635600.0,2019-11-14,10:07:17,No,No,Bienes,No,No,No,https://comunidad.comprasdominicana.gob.do//Public/Tendering/OpportunityDetail/Index?noticeUID=DO1.NTC.674305
AYUNTAMIENTO LA VEGA-UC-CD-2019-1110,683,Ayuntamiento Municipal Concepción de la Vega,Compras por Debajo del Umbral,Proceso ordinario,GOMA PARA CARRETILLA ,Proceso adjudicado y celebrado,DOP,3300.0,2019-11-14,14:07:14,No,No,Bienes,No,No,No,https://comunidad.comprasdominicana.gob.do//Public/Tendering/OpportunityDetail/Index?noticeUID=DO1.NTC.674443
IDAC-UC-CD-2019-0219,559,Instituto Dominicano de Aviación Civíl,Compras por Debajo del Umbral,Proceso ordinario,PIEZAS PARA FOTOCOPIADORA,Proceso adjudicado y celebrado,DOP,120000.0,2019-11-19,17:17:37,No,No,Bienes,No,No,No,https://comunidad.comprasdominicana.gob.do//Public/Tendering/OpportunityDetail/Index?noticeUID=DO1.NTC.678652
PPS-DAF-CM-2019-0723,207,Programa Supérate,Contratación Menor,Proceso ordinario,"Adquisición de grapadoras , destructora y sacapuntas para ser utilizada en las  áreas de compras y  finanzas de los CTC. Solicitante : Amarilys Pimentel ",Proceso adjudicado y celebrado,DOP,155000.0,2019-11-20,15:14:23,No,No,Bienes,No,No,No,https://comunidad.comprasdominicana.gob.do//Public/Tendering/OpportunityDetail/Index?noticeUID=DO1.NTC.678930
DEPRIDAM-UC-CD-2019-0928,632,Despacho de la Primera Dama (Inactiva),Compras por Debajo del Umbral,Proceso ordinario,ADQUISICION DE TELEVISORES PARA USO EN EL CENTRO DE ATENCION INTEGRAL PARA LA DISCAPACIDAD EN SANTIAGO,Proceso adjudicado y celebrado,DOP,111000.0,2019-11-21,16:11:14,No,No,Bienes,No,No,No,https://comunidad.comprasdominicana.gob.do//Public/Tendering/OpportunityDetail/Index?noticeUID=DO1.NTC.680245
ARD-DAF-CM-2019-0078,172,Armada de República Dominicana,Contratación Menor,Proceso ordinario,ADQUISICIÓN DE EQUIPOS Y ACCESORIOS ODONTOLOGICOS,Proceso adjudicado y celebrado,DOP,759900.0,2019-11-26,09:07:08,No,No,Bienes,No,No,No,https://comunidad.comprasdominicana.gob.do//Public/Tendering/OpportunityDetail/Index?noticeUID=DO1.NTC.682002
INAPA-CCC-CP-2019-0075,635,Instituto Nacional de Aguas Potables y Alcantarillados,Comparación de Precios,Proceso ordinario,"CONSTRUCCION LINEA DE CONDUCCION POR GRAVEDAD, ACUEDUCTO MULTIPLE CEVICO (TERMINACIÓN), PROVINCIA SANCHEZ RAMIREZ",Proceso desierto,DOP,90000000.0,2019-11-27,09:55:04,No,No,Obras,No,No,No,https://comunidad.comprasdominicana.gob.do//Public/Tendering/OpportunityDetail/Index?noticeUID=DO1.NTC.682802
ARD-UC-CD-2019-0074,172,Armada de República Dominicana,Compras por Debajo del Umbral,Proceso ordinario,SERVICIO  DE MANTENIMIENTO DE ALFOMBRA ,Proceso adjudicado y celebrado,DOP,23500.0,2019-12-06,17:10:02,No,No,Servicios,No,No,No,https://comunidad.comprasdominicana.gob.do//Public/Tendering/OpportunityDetail/Index?noticeUID=DO1.NTC.687362
CONANI-UC-CD-2019-0550,843,Consejo Nacional para la Niñez y la Adolescencia,Compras por Debajo del Umbral,Proceso ordinario,"Contratación servicio de mantenimiento de los (9,837 kms) recorridos a la camioneta placa No. X-508373",Proceso adjudicado y celebrado,DOP,13158.6,2019-12-09,11:30:36,No,No,Servicios,No,No,No,https://comunidad.comprasdominicana.gob.do//Public/Tendering/OpportunityDetail/Index?noticeUID=DO1.NTC.687631
HDSSD-UC-CD-2019-0112,747,Hospital Docente SEMMA,Compras por Debajo del Umbral,Proceso ordinario,"ALQUILER DE SILLAS, MESAS Y MANTELES PARA ENCUENTRO NAVIDEÑO 2019 DE LOS EMPLEADOS DEL HDSSD",Proceso adjudicado y celebrado,DOP,36000.0,2019-12-10,15:00:55,No,No,Servicios,No,No,No,https://comunidad.comprasdominicana.gob.do//Public/Tendering/OpportunityDetail/Index?noticeUID=DO1.NTC.688626
IAD-UC-CD-2019-0342,724,Instituto Agrario Dominicano,Compras por Debajo del Umbral,Proceso ordinario,REPARACIÓN DE (2) PLANTAS ELÉCTRICAS DE 6.5 KW Y UN (1) INVERSOR DE 6.5 KW EN ESTA SEDE CENTRAL . ,Proceso adjudicado y celebrado,DOP,111038.0,2019-12-11,14:01:58,No,No,Servicios,No,No,No,https://comunidad.comprasdominicana.gob.do//Public/Tendering/OpportunityDetail/Index?noticeUID=DO1.NTC.688837
HOSGEDOPOL-DAF-CM-2019-0023,147,Hospital General Docente de la Policía Nacional,Contratación Menor,Proceso ordinario,Adquisición de Fûndas,Proceso adjudicado y celebrado,DOP,581080.0,2019-12-11,08:05:42,No,No,Bienes,No,No,No,https://comunidad.comprasdominicana.gob.do//Public/Tendering/OpportunityDetail/Index?noticeUID=DO1.NTC.688704
INAVI-CCC-CP-2019-0033,670,Instituto Nacional de Auxilios y Viviendas,Comparación de Precios,Proceso ordinario,ADQUISICIÓN DE JUGUETES,Proceso adjudicado y celebrado,DOP,3979874.4,2019-12-11,08:04:53,No,No,Bienes,No,No,No,https://comunidad.comprasdominicana.gob.do//Public/Tendering/OpportunityDetail/Index?noticeUID=DO1.NTC.689002
PROCOMPETENCIA-UC-CD-2019-0118,831,Comisión Nacional de Defensa de la Competencia,Compras por Debajo del Umbral,Proceso ordinario,ADQUISICIÓN DE TONERS PARA LAS IMPRESORAS DE PROCOMPETENCIA,Proceso adjudicado y celebrado,DOP,38000.04,2019-12-11,12:05:05,No,No,Bienes,No,No,No,https://comunidad.comprasdominicana.gob.do//Public/Tendering/OpportunityDetail/Index?noticeUID=DO1.NTC.688722
OPRET-UC-CD-2019-0139,247,Oficina para el Reordenamiento del Transporte,Compras por Debajo del Umbral,Proceso ordinario,ADQUISICIÓN DE DEPÓSITOS PARA REFRIGERANTES PARA LOS AUTOBUSES HYUNDAI AEROTOWN,Proceso adjudicado y celebrado,DOP,26600.0,2019-12-19,14:31:09,No,No,Bienes,No,No,No,https://comunidad.comprasdominicana.gob.do//Public/Tendering/OpportunityDetail/Index?noticeUID=DO1.NTC.693541
PROCURADURIA-CCC-PEPB-2020-0001,6,Procuraduría General de la República,Procesos de Excepción,Publicidad,PUBLICACIÓN DE AVISO A CONCURSO EN (2) DOS PERIÓDICOS DE CIRCULACIÓN NACIONAL POR (1) UN DÍA. ,Proceso adjudicado y celebrado,DOP,125000.0,2020-01-14,15:35:05,No,No,Servicios,No,No,No,https://comunidad.comprasdominicana.gob.do//Public/Tendering/OpportunityDetail/Index?noticeUID=DO1.NTC.703924
PPS-DAF-CM-2020-0056,207,Programa Supérate,Contratación Menor,Proceso ordinario,"ADQUISICION DE MATERIALES DE PARA VARIOS CCPPS SOLICITANTE ,CAROLIN ALCANTARA ",Proceso adjudicado y celebrado,DOP,697800.0,2020-01-20,13:00:02,No,No,Bienes,No,No,No,https://comunidad.comprasdominicana.gob.do//Public/Tendering/OpportunityDetail/Index?noticeUID=DO1.NTC.706520
MINERD-UC-CD-2020-0008,237,Ministerio de Educación,Compras por Debajo del Umbral,Proceso ordinario,Adquisición de Mobiliarios de Oficina para ser utilizados en sala de espera de Gestión Inmobiliaria. Dirigido a MIPYMES. ,Proceso adjudicado y celebrado,DOP,131456.72,2020-01-23,16:30:15,No,No,Bienes,No,No,No,https://comunidad.comprasdominicana.gob.do//Public/Tendering/OpportunityDetail/Index?noticeUID=DO1.NTC.707532
CORPHOTEL-UC-CD-2020-0003,733,Corporación de Fomento Industria Hotelera y Desarrollo del Turismo,Compras por Debajo del Umbral,Proceso ordinario,Compra de Resma de Papel Timbrado,Proceso adjudicado y celebrado,DOP,30000.0,2020-01-23,08:00:40,No,No,Bienes,No,No,No,https://comunidad.comprasdominicana.gob.do//Public/Tendering/OpportunityDetail/Index?noticeUID=DO1.NTC.707501
PPS-DAF-CM-2020-0075,207,Programa Supérate,Contratación Menor,Proceso ordinario,Materiales de Plomería para el Programa,Proceso adjudicado y celebrado,DOP,1107700.0,2020-01-24,17:10:02,No,No,Bienes,No,No,No,https://comunidad.comprasdominicana.gob.do//Public/Tendering/OpportunityDetail/Index?noticeUID=DO1.NTC.708221
MERCADOM-UC-CD-2020-0018,1006,Mercados Dominicanos de Abasto Agropecuario,Compras por Debajo del Umbral,Proceso ordinario,PUBLICIDAD TELEVISIVA,Proceso adjudicado y celebrado,DOP,105000.0,2020-01-30,16:02:05,No,No,Servicios,No,No,No,https://comunidad.comprasdominicana.gob.do//Public/Tendering/OpportunityDetail/Index?noticeUID=DO1.NTC.710838
CAPGEFI-UC-CD-2020-0002,220,Centro de Capacitación en Política y Gestión Fiscal,Compras por Debajo del Umbral,Proceso ordinario,"Adquisición de Alimentos y Bebidas, para esta Institución.",Proceso adjudicado y celebrado,DOP,125005.0,2020-01-31,14:03:25,No,No,Bienes,No,No,No,https://comunidad.comprasdominicana.gob.do//Public/Tendering/OpportunityDetail/Index?noticeUID=DO1.NTC.711616
Inst. Nac. de Cancer-UC-CD-2020-0033,876,Instituto Nacional de Cancer 'Rosa E. Tavares',Compras por Debajo del Umbral,Proceso ordinario,"POWER SUPPLY PARA PARA COMPUTADORA LENOVO THINK PAD E-540, MODELO ADLX90NCC3A",Proceso adjudicado y celebrado,DOP,9000.0,2020-01-31,16:00:02,No,No,Bienes,No,No,No,https://comunidad.comprasdominicana.gob.do//Public/Tendering/OpportunityDetail/Index?noticeUID=DO1.NTC.711138
INAGUJA-CCC-CP-2020-0001,258,Industria Nacional de la Aguja,Comparación de Precios,Proceso ordinario,CONTRATACION DE SERVICIO DE ALIMENTACION,Proceso adjudicado y celebrado,DOP,4123800.0,2020-01-31,16:40:02,No,No,Servicios,No,No,No,https://comunidad.comprasdominicana.gob.do//Public/Tendering/OpportunityDetail/Index?noticeUID=DO1.NTC.711532
EGEHID-DAF-CM-2020-0042,580,Empresa de Generación Hidroélectrica Dominicana,Contratación Menor,Proceso ordinario,Adquisición de Plantas de Cacao. ,Proceso adjudicado y celebrado,DOP,600000.0,2020-02-03,10:20:01,No,No,Bienes,No,No,No,https://comunidad.comprasdominicana.gob.do//Public/Tendering/OpportunityDetail/Index?noticeUID=DO1.NTC.712006
CESFRONT-DAF-CM-2020-0001,164,Cuerpo Especializado de Seguridad Fronteriza,Contratación Menor,Proceso ordinario,Adquisición de materiales y pintura para vehiculos ,Proceso adjudicado y celebrado,DOP,222045.0,2020-02-04,17:20:00,No,No,Bienes,No,No,No,https://comunidad.comprasdominicana.gob.do//Public/Tendering/OpportunityDetail/Index?noticeUID=DO1.NTC.712441
HOSPITAL CENTRAL FFA-DAF-CM-2020-0022,157,Hospital Central de las FFAA,Contratación Menor,Proceso ordinario,Adquisición de Adictivos y Filtros para Vehículos.,Proceso adjudicado y celebrado,DOP,932052.0,2020-02-07,13:02:27,No,No,Bienes,No,No,No,https://comunidad.comprasdominicana.gob.do//Public/Tendering/OpportunityDetail/Index?noticeUID=DO1.NTC.714419
DGAP-DAF-CM-2020-0025,223,Dirección General de Aduanas y Puertos,Contratación Menor,Proceso ordinario,Adquisición de electrodomésticos y artículos para el hogar,Proceso adjudicado y celebrado,DOP,300300.0,2020-02-12,10:45:05,No,No,Bienes,No,No,No,https://comunidad.comprasdominicana.gob.do//Public/Tendering/OpportunityDetail/Index?noticeUID=DO1.NTC.715922
CRBE-UC-CD-2020-0012,886,Unidad Ejecutora para la Readecuación de Barrios y Entornos (URBE),Compras por Debajo del Umbral,Proceso ordinario,SERVICIO DE BOTELLONES  DE AGUA PARA SER DISTRIBUIDO EN LAS DIFERENTE OFICINA DE URBE,Proceso adjudicado y celebrado,DOP,22520.0,2020-02-12,14:01:47,No,No,Servicios,No,No,No,https://comunidad.comprasdominicana.gob.do//Public/Tendering/OpportunityDetail/Index?noticeUID=DO1.NTC.716127
DGAP-UC-CD-2020-0082,223,Dirección General de Aduanas y Puertos,Compras por Debajo del Umbral,Proceso ordinario,Servicio de lavado de sillas y piso ( Adm. Haina Oriental),Proceso adjudicado y celebrado,DOP,75310.0,2020-02-14,10:04:20,No,No,Bienes,No,No,No,https://comunidad.comprasdominicana.gob.do//Public/Tendering/OpportunityDetail/Index?noticeUID=DO1.NTC.717209
DGII-UC-CD-2020-0036,224,Dirección General Impuestos Internos,Compras por Debajo del Umbral,Proceso ordinario,Paleta de plástico color negro de 1.22 mt. x 1.02 mt. X 0.15 mt. con capacidad de carga 2000 kg a 4000 kg”,Proceso desierto,DOP,44000.0,2020-02-14,10:06:27,No,No,Bienes,No,No,No,https://comunidad.comprasdominicana.gob.do//Public/Tendering/OpportunityDetail/Index?noticeUID=DO1.NTC.717210
CCZEDF-CCC-PEPB-2020-0002,1020,Consejo de Coordinación de la Zona Especial de Desarrollo Fronterizo,Procesos de Excepción,Publicidad,"Colocación Spot Publicitario, para promocionar y dar a conocer el CCDF, en el portal digital Nagua Real, desde Febrero hasta Julio  del año en curso",Cancelado,DOP,120000.0,2020-02-18,13:03:15,No,No,Servicios,No,No,No,https://comunidad.comprasdominicana.gob.do//Public/Tendering/OpportunityDetail/Index?noticeUID=DO1.NTC.718324
CNC-UC-CD-2020-0003,725,Consejo Nacional de Competitividad,Compras por Debajo del Umbral,Proceso ordinario,"Contratación de los servicios de un laboratorio que analice las emisiones y la calidad del aire, así como la calidad de las aguas residuales descargadas en el Consejo Nacional de Competitividad. ",Proceso adjudicado y celebrado,DOP,20500.0,2020-02-24,13:00:56,No,No,Servicios,No,No,No,https://comunidad.comprasdominicana.gob.do//Public/Tendering/OpportunityDetail/Index?noticeUID=DO1.NTC.721128
GANADERIA-UC-CD-2020-0036,227,Dirección General de Ganadería,Compras por Debajo del Umbral,Proceso ordinario,"MANTENIMIENTO  DE LA CAMIONETA TOYOTA HILUX 4X4, PLACA: EL07660, ASIG. AL DR. PERSIO ALMANZAR, DIRECTOR DE LA REGIONAL NOROESTE, Y DE LA CAMIONETA TOYOTA HILUX 4X2, PLACA: EL08528, ASI",Proceso adjudicado y celebrado,DOP,14209.31,2020-02-26,12:35:02,No,No,Servicios,No,No,No,https://comunidad.comprasdominicana.gob.do//Public/Tendering/OpportunityDetail/Index?noticeUID=DO1.NTC.722427
IAD-DAF-CM-2020-0009,724,Instituto Agrario Dominicano,Contratación Menor,Proceso ordinario,"ADQUISICIÓN DE EQUIPOS DE EQUIPOS CONTRA INCENDIOS, PARA SER USADOS EN LA INSTITUCIÓN ",Proceso adjudicado y celebrado,DOP,204224.0,2020-03-03,10:30:54,No,No,Bienes,No,No,No,https://comunidad.comprasdominicana.gob.do//Public/Tendering/OpportunityDetail/Index?noticeUID=DO1.NTC.724214
GANADERIA-UC-CD-2020-0053,227,Dirección General de Ganadería,Compras por Debajo del Umbral,Proceso ordinario,"MANTENIMIENTO DE LA CAMIONETA TOYOTA HILUX 4X2, PLACA: EL08523, ASIG. AL DR. RICHARD MATOS, DE ESTA DIGEGA.",Proceso adjudicado y celebrado,DOP,11136.76,2020-03-06,15:21:05,No,No,Servicios,No,No,No,https://comunidad.comprasdominicana.gob.do//Public/Tendering/OpportunityDetail/Index?noticeUID=DO1.NTC.726122
INAP-UC-CD-2020-0033,176,Instituto Nacional de Administración Pública,Compras por Debajo del Umbral,Proceso ordinario,SERV. DE COFFEBREAK PARA ACTIVIDAD A REALIZARSE EN LA PROVINCIA DE SAN PEDRO DE MACORIS.,Proceso adjudicado y celebrado,DOP,21800.0,2020-03-10,10:10:44,No,No,Servicios,No,No,No,https://comunidad.comprasdominicana.gob.do//Public/Tendering/OpportunityDetail/Index?noticeUID=DO1.NTC.727312
DGAP-CCC-CP-2020-0010,223,Dirección General de Aduanas y Puertos,Comparación de Precios,Proceso ordinario,Adquisición de resmas de papel Bond para stock de almacén de esta DGA ,Proceso adjudicado y celebrado,DOP,1501000.0,2020-03-10,11:07:18,No,No,Bienes,No,No,No,https://comunidad.comprasdominicana.gob.do//Public/Tendering/OpportunityDetail/Index?noticeUID=DO1.NTC.727210
MITUR-UC-CD-2020-0043,257,Ministerio de Turismo,Compras por Debajo del Umbral,Proceso ordinario,MANTENIMIENTO DE VEHICULOS,Proceso adjudicado y celebrado,DOP,45000.0,2020-03-12,10:07:09,No,No,Servicios,Si,No,No,https://comunidad.comprasdominicana.gob.do//Public/Tendering/OpportunityDetail/Index?noticeUID=DO1.NTC.728209
AGN-UC-CD-2020-0034,894,Archivo General de la Nacion,Compras por Debajo del Umbral,Proceso ordinario,SERVICIOS DE ADECUACIÓN DE CONTROL PARA GENERADOR ELÉCTRICO DE ESTE AGN.,Proceso adjudicado y celebrado,DOP,146827.4,2020-03-13,14:20:05,No,No,Servicios,No,No,No,https://comunidad.comprasdominicana.gob.do//Public/Tendering/OpportunityDetail/Index?noticeUID=DO1.NTC.728930
INEFI-CCC-CP-2020-0009,875,Instituto Nacional de Educacion Fisica,Comparación de Precios,Proceso ordinario,Adquisición de Pinturas para ser utilizados en el Mantenimiento de las Instalaciones Deportivas,Cancelado,DOP,3932200.0,2020-03-17,14:02:06,No,No,Bienes,No,No,No,https://comunidad.comprasdominicana.gob.do//Public/Tendering/OpportunityDetail/Index?noticeUID=DO1.NTC.730636
TESORERIA NACIONAL-UC-CD-2020-0054,222,Tesorería Nacional,Compras por Debajo del Umbral,Proceso ordinario,SERVICIOS DE NOTARIZACION DE CONTRATOS DE LA INSTITUCION.,Proceso adjudicado y celebrado,DOP,31860.0,2020-03-19,11:50:02,No,No,Servicios,No,No,No,https://comunidad.comprasdominicana.gob.do//Public/Tendering/OpportunityDetail/Index?noticeUID=DO1.NTC.731813
HPDHG-UC-CD-2020-0189,928,Hospital Pediátrico Dr. Hugo De Mendoza (HPHM),Compras por Debajo del Umbral,Proceso ordinario,COMPRA DE AEROCAMARAS PARA NEBULIZAR ,Proceso adjudicado y celebrado,DOP,144000.0,2020-03-23,14:58:03,No,No,Bienes,No,No,No,https://comunidad.comprasdominicana.gob.do//Public/Tendering/OpportunityDetail/Index?noticeUID=DO1.NTC.733715
MISPAS-MAE-PEEN-2020-0063,240,Ministerio de Salud Pública y Asistencia Social,Procesos de Excepción,Emergencia,ADQUISICIÓN DE INSUMOS MÉDICOS,Proceso adjudicado y celebrado,DOP,77448000.0,2020-04-02,17:30:01,No,No,Bienes,Si,No,No,https://comunidad.comprasdominicana.gob.do//Public/Tendering/OpportunityDetail/Index?noticeUID=DO1.NTC.738912
HPDHG-UC-CD-2020-0241,928,Hospital Pediátrico Dr. Hugo De Mendoza (HPHM),Compras por Debajo del Umbral,Proceso ordinario,insumos para cocina ,Proceso adjudicado y celebrado,DOP,145950.0,2020-04-20,14:05:01,No,No,Bienes,No,No,No,https://comunidad.comprasdominicana.gob.do//Public/Tendering/OpportunityDetail/Index?noticeUID=DO1.NTC.746311
IDOPPRIL-CCC-PEPB-2020-0016,735,Instituto Dominicano de la Prevención y Protección de Riesgos Laborales,Procesos de Excepción,Publicidad,"DIFUSION CAMPAÑA PUBLICITARIA 2020, CORRESPONDIENTE A LOS MESES ABRIL/JUNIO 2020",Proceso adjudicado y celebrado,DOP,945000.0,2020-04-27,12:02:28,No,No,Servicios,No,No,No,https://comunidad.comprasdominicana.gob.do//Public/Tendering/OpportunityDetail/Index?noticeUID=DO1.NTC.750311
MAPRE-UC-CD-2020-0042,134,Ministerio Administrativo de la Presidencia,Compras por Debajo del Umbral,Proceso ordinario,ALQUILER DE VEHICULO PARA USO DE PROTOCOLO POR REPARACION DE SU VEHICULO ASIGNADO,Proceso adjudicado y celebrado,DOP,75597.3,2020-04-28,10:01:15,No,No,Servicios,No,No,No,https://comunidad.comprasdominicana.gob.do//Public/Tendering/OpportunityDetail/Index?noticeUID=DO1.NTC.750804
Bomberos SDE-UC-CD-2020-0010,947,Cuerpo de Bomberos de Santo Domingo Este,Compras por Debajo del Umbral,Proceso ordinario,Compra de botellones de agua,Proceso adjudicado y celebrado,DOP,10080.0,2020-05-08,17:01:28,No,No,Bienes,No,No,No,https://comunidad.comprasdominicana.gob.do//Public/Tendering/OpportunityDetail/Index?noticeUID=DO1.NTC.755610
MAPRE-CCC-PEOR-2020-0028,134,Ministerio Administrativo de la Presidencia,Procesos de Excepción,"Obras Científicas, Técnicas, Artísticas, Restauración de monumentos",CONTRATACION DE EMPRESA PARA SERVICIOS DE ALQUILER DE BAÑOS Y VENTILADORES MOVILES PARA ACTIVIDADES EXTERNAS DE LA PRESIDENCIA.,Proceso adjudicado y celebrado,DOP,5000000.01,2020-05-22,11:00:18,No,No,Servicios,No,No,No,https://comunidad.comprasdominicana.gob.do//Public/Tendering/OpportunityDetail/Index?noticeUID=DO1.NTC.761209
DGIMFFAA-DAF-CM-2020-0026,1045,"Industria Militar Dominicana, S.A.",Contratación Menor,Proceso ordinario,Adquisición de insumos ,Proceso adjudicado y celebrado,DOP,543975.0,2020-05-29,16:50:04,No,No,Bienes,No,No,No,https://comunidad.comprasdominicana.gob.do//Public/Tendering/OpportunityDetail/Index?noticeUID=DO1.NTC.764521
HOSPITAL CENTRAL FFA-UC-CD-2020-0050,157,Hospital Central de las FFAA,Compras por Debajo del Umbral,Proceso ordinario,Adquisición de Balanza,Proceso adjudicado y celebrado,DOP,16101.7,2020-06-03,13:02:35,No,No,Bienes,No,No,No,https://comunidad.comprasdominicana.gob.do//Public/Tendering/OpportunityDetail/Index?noticeUID=DO1.NTC.766629
CEIRD-UC-CD-2020-0028,623,Centro de Exportación e Inversión de la Republica Dominicana,Compras por Debajo del Umbral,Proceso ordinario,COFFEE BREAK ESPECIAL PARA CELEBRACION DEL DIA DE LAS MADRES DE NUESTRA INSTITUCION,Proceso adjudicado y celebrado,DOP,135000.0,2020-06-04,15:10:04,No,No,Servicios,No,No,No,https://comunidad.comprasdominicana.gob.do//Public/Tendering/OpportunityDetail/Index?noticeUID=DO1.NTC.766825
PPS-DAF-CM-2020-0224,207,Programa Supérate,Contratación Menor,Proceso ordinario,adquisición de equipos tecnológicos ,Proceso adjudicado y celebrado,DOP,764500.0,2020-06-12,12:40:06,No,No,Bienes,No,No,No,https://comunidad.comprasdominicana.gob.do//Public/Tendering/OpportunityDetail/Index?noticeUID=DO1.NTC.770115
HOSP RAMON DE LARA-DAF-CM-2020-0146,151,Hospital Ramón de Lara FFAA,Contratación Menor,Proceso ordinario,Solicitud de Materiales Médicos. ,Proceso adjudicado y celebrado,DOP,755000.0,2020-06-23,09:43:00,No,No,Bienes,No,No,No,https://comunidad.comprasdominicana.gob.do//Public/Tendering/OpportunityDetail/Index?noticeUID=DO1.NTC.775004
CONTRALORIA-UC-CD-2020-0102,139,Contraloría Gral de la República,Compras por Debajo del Umbral,Proceso ordinario,"Servicio de mantenimiento preventivo de los 5,000 kilómetros al vehiculo Toyota Rav4, Color blanco, año 2017, placa no. EG02241, (66,628 kms), propiedad de la institución ",Proceso adjudicado y celebrado,DOP,5807.95,2020-06-29,14:40:02,No,No,Servicios,No,No,No,https://comunidad.comprasdominicana.gob.do//Public/Tendering/OpportunityDetail/Index?noticeUID=DO1.NTC.777632
CONANI-DAF-CM-2020-0018,843,Consejo Nacional para la Niñez y la Adolescencia,Contratación Menor,Proceso ordinario,Adquisición de ventanas anti ruidos para el salón de conferencias en la oficina principal.,Proceso adjudicado y celebrado,DOP,894370.4,2020-06-30,12:01:29,No,No,Bienes,No,No,No,https://comunidad.comprasdominicana.gob.do//Public/Tendering/OpportunityDetail/Index?noticeUID=DO1.NTC.778124
PLAN SOCIAL FFAA-DAF-CM-2020-0021,229,Plan Social FFAA,Contratación Menor,Proceso ordinario,ADQUISICIÓN DE MEDICAMENTOS.,Proceso adjudicado y celebrado,DOP,500000.0,2020-07-01,10:30:28,No,No,Bienes,No,No,No,https://comunidad.comprasdominicana.gob.do//Public/Tendering/OpportunityDetail/Index?noticeUID=DO1.NTC.778913
MIREX-DAF-CM-2020-0082,1,Ministerio de Relaciones Exteriores,Contratación Menor,Proceso ordinario,COMPRAS DE MATERIALES FERETEROS PARA USO DE MIREX,Proceso adjudicado y celebrado,DOP,233800.0,2020-07-07,11:55:02,No,No,Bienes,No,No,No,https://comunidad.comprasdominicana.gob.do//Public/Tendering/OpportunityDetail/Index?noticeUID=DO1.NTC.782611
DIGEPEP-UC-CD-2020-0023,924,Direccion General de Proyectos Estrategicos y Especiales de la Presidencia de la Republica (PROPEEP),Compras por Debajo del Umbral,Proceso ordinario,Contratacion de Servicios de Rotulados para la Flotilla de la Institución a través del Plan Quisqueya Aprende Contigo/QAC. Dirigido a Mipymes,Proceso adjudicado y celebrado,DOP,89066.4,2020-07-08,14:35:03,No,No,Servicios,No,No,No,https://comunidad.comprasdominicana.gob.do//Public/Tendering/OpportunityDetail/Index?noticeUID=DO1.NTC.783122
Hosp. Juan Bosch-UC-CD-2020-0205,945,Hospital Traumatológico y Quirúrgico del Cibao Central Juan Bosch,Compras por Debajo del Umbral,Proceso ordinario,Compra de Materiales de osteosisntesis wilson,Proceso adjudicado y celebrado,DOP,20750.0,2020-07-10,10:35:03,No,No,Bienes,No,No,No,https://comunidad.comprasdominicana.gob.do//Public/Tendering/OpportunityDetail/Index?noticeUID=DO1.NTC.784207
MINISTERIO HACIENDA-UC-CD-2020-0090,4,Ministerio de Hacienda,Compras por Debajo del Umbral,Proceso ordinario,Legalizacion de (8) Documentos ,Proceso adjudicado y celebrado,DOP,82600.0,2020-07-14,15:00:30,No,No,Servicios,No,No,No,https://comunidad.comprasdominicana.gob.do//Public/Tendering/OpportunityDetail/Index?noticeUID=DO1.NTC.785527
INAVI-UC-CD-2020-0198,670,Instituto Nacional de Auxilios y Viviendas,Compras por Debajo del Umbral,Proceso ordinario,"Aire Acondicionado 18,000 B.T.U.",Proceso adjudicado y celebrado,DOP,57000.0,2020-07-20,11:27:03,No,No,Bienes,No,No,No,https://comunidad.comprasdominicana.gob.do//Public/Tendering/OpportunityDetail/Index?noticeUID=DO1.NTC.788015
Inst. Nac. de Cancer-DAF-CM-2020-0177,876,Instituto Nacional de Cancer 'Rosa E. Tavares',Contratación Menor,Proceso ordinario,VIVERES PERIODO AGOSTO-OCTUBRE 2020,Proceso adjudicado y celebrado,DOP,413940.0,2020-07-22,08:10:01,No,No,Bienes,No,No,No,https://comunidad.comprasdominicana.gob.do//Public/Tendering/OpportunityDetail/Index?noticeUID=DO1.NTC.789202
HOSPNEYARIAS-UC-CD-2020-0312,862,Hospital Traumatológico Dr. Ney Arias Lora,Compras por Debajo del Umbral,Proceso ordinario,HABICHUELAS ROJAS Y JIRAS,Proceso adjudicado y celebrado,DOP,36000.0,2020-07-22,11:30:24,No,No,Bienes,No,No,No,https://comunidad.comprasdominicana.gob.do//Public/Tendering/OpportunityDetail/Index?noticeUID=DO1.NTC.789109
FAD-UC-CD-2020-0236,173,Fuerza Aérea Dominicana,Compras por Debajo del Umbral,Proceso ordinario,Servicio de pulido y brillado de piso,Proceso adjudicado y celebrado,DOP,124000.0,2020-07-22,15:00:59,No,No,Servicios,No,No,No,https://comunidad.comprasdominicana.gob.do//Public/Tendering/OpportunityDetail/Index?noticeUID=DO1.NTC.788936
INDOCAFE-UC-CD-2020-0102,898,Instituto Dominicano del Café,Compras por Debajo del Umbral,Proceso ordinario,COMPRA DE PAPEL DE BAÑO Y PAPEL TOALLA,Proceso adjudicado y celebrado,DOP,24385.03,2020-07-22,14:10:03,No,No,Bienes,No,No,No,https://comunidad.comprasdominicana.gob.do//Public/Tendering/OpportunityDetail/Index?noticeUID=DO1.NTC.789233
INAVI-UC-CD-2020-0221,670,Instituto Nacional de Auxilios y Viviendas,Compras por Debajo del Umbral,Proceso ordinario,Adquisición de Laptop Modelo 15BS03,Proceso adjudicado y celebrado,DOP,45000.0,2020-07-29,10:11:03,No,No,Bienes,No,No,No,https://comunidad.comprasdominicana.gob.do//Public/Tendering/OpportunityDetail/Index?noticeUID=DO1.NTC.793001
CPADB-DAF-CM-2020-0014,204,Comisión Presidencial Apoyo Desarrollo Barrial,Contratación Menor,Proceso ordinario,ADQUISICIÓN ARTÍCULOS SANITARIOS,Proceso adjudicado y celebrado,DOP,413000.0,2020-08-03,12:10:05,No,No,Bienes,No,No,No,https://comunidad.comprasdominicana.gob.do//Public/Tendering/OpportunityDetail/Index?noticeUID=DO1.NTC.794812
OPTIC-UC-CD-2020-0038,703,Oficina Gubernamental de Tecnología de la Información y la Comunicación (OGTIC),Compras por Debajo del Umbral,Proceso ordinario,Servicio despacho de Botellones de agua llenos para las localidades de Optic,Proceso adjudicado y celebrado,DOP,110000.0,2020-08-05,13:15:02,No,No,Servicios,No,No,No,https://comunidad.comprasdominicana.gob.do//Public/Tendering/OpportunityDetail/Index?noticeUID=DO1.NTC.795526
HRUSVP-UC-CD-2020-0086,1019,Hospital Regional Universitario San Vicente de Paul,Compras por Debajo del Umbral,Proceso ordinario,Adquisicion de Materiales Electricos,Proceso adjudicado y celebrado,DOP,104165.35,2020-08-10,08:45:01,No,No,Bienes,No,No,No,https://comunidad.comprasdominicana.gob.do//Public/Tendering/OpportunityDetail/Index?noticeUID=DO1.NTC.797401
CEA-DAF-CM-2020-0050,675,Consejo Estatal del Azucar,Contratación Menor,Proceso ordinario,ADQUISICION DE BUJES Y LINGOTES DE BRONCE,Proceso adjudicado y celebrado,DOP,526620.0,2020-09-14,12:01:02,No,No,Bienes,No,No,No,https://comunidad.comprasdominicana.gob.do//Public/Tendering/OpportunityDetail/Index?noticeUID=DO1.NTC.812410
CORAABO-UC-CD-2020-0013,832,Corporación de Acueducto y Alcantarillado del Municipio de Boca Chica,Compras por Debajo del Umbral,Proceso ordinario,Adquisición de diferencial trasero para Camión Kia,Proceso adjudicado y celebrado,DOP,28000.0,2020-09-17,14:30:03,No,No,Bienes,No,No,No,https://comunidad.comprasdominicana.gob.do//Public/Tendering/OpportunityDetail/Index?noticeUID=DO1.NTC.814416
HRUSVP-UC-CD-2020-0139,1019,Hospital Regional Universitario San Vicente de Paul,Compras por Debajo del Umbral,Proceso ordinario,Adquisición Material Gastable Medico Quirúrgico,Proceso adjudicado y celebrado,DOP,138000.0,2020-10-15,11:20:02,No,No,Bienes,No,No,No,https://comunidad.comprasdominicana.gob.do//Public/Tendering/OpportunityDetail/Index?noticeUID=DO1.NTC.826612
DEPRIDAM-UC-CD-2020-0316,632,Despacho de la Primera Dama (Inactiva),Compras por Debajo del Umbral,Proceso ordinario,Req. No. 9736 Suministro de Cocina para el Centro de atención integral para la discapacidad (CAID) San Juan de la Maguana,Proceso adjudicado y celebrado,DOP,28620.0,2020-10-20,14:30:03,No,No,Bienes,No,No,No,https://comunidad.comprasdominicana.gob.do//Public/Tendering/OpportunityDetail/Index?noticeUID=DO1.NTC.828028
OCI-UC-CD-2020-0014,803,Oficina de Cooperación Internacional,Compras por Debajo del Umbral,Proceso ordinario,Mantenimiento camioneta Nissan F placa L-371813,Proceso adjudicado y celebrado,DOP,1500.0,2020-10-21,13:05:02,No,No,Servicios,No,No,No,https://comunidad.comprasdominicana.gob.do//Public/Tendering/OpportunityDetail/Index?noticeUID=DO1.NTC.828831
HOSP RAMON DE LARA-UC-CD-2020-0428,151,Hospital Ramón de Lara FFAA,Compras por Debajo del Umbral,Proceso ordinario,Solicitud de Mantenimiento del Murar,Proceso adjudicado y celebrado,DOP,89040.0,2020-10-22,12:02:13,No,No,Servicios,No,No,No,https://comunidad.comprasdominicana.gob.do//Public/Tendering/OpportunityDetail/Index?noticeUID=DO1.NTC.829121
COMEDORES ECONOMICOS-UC-CD-2020-0105,200,Comedores Económicos (Inactiva),Compras por Debajo del Umbral,Proceso ordinario,Adquisición de tanques plásticos de 55 galones para envasar carne,Proceso adjudicado y celebrado,DOP,110005.5,2020-11-03,16:20:02,No,No,Bienes,No,No,No,https://comunidad.comprasdominicana.gob.do//Public/Tendering/OpportunityDetail/Index?noticeUID=DO1.NTC.834039
JAC-UC-CD-2020-0186,554,Junta de Aviación Civil,Compras por Debajo del Umbral,Proceso ordinario,SERVICIO DE ALMUERZO,Proceso adjudicado y celebrado,DOP,53200.0,2020-11-11,16:01:16,No,No,Servicios,No,No,No,https://comunidad.comprasdominicana.gob.do//Public/Tendering/OpportunityDetail/Index?noticeUID=DO1.NTC.837434
IAD-DAF-CM-2020-0074,724,Instituto Agrario Dominicano,Contratación Menor,Proceso ordinario,"ADQUISICION DE (11)  AIRES ACONDICIONADOS CON INSTALACION INCLUIDA PARA LA SEDE CENTRAL Y EN LAS  GERENCIAS  SANTIAGO, MONTE PLATA Y NAGUA.",Proceso adjudicado y celebrado,DOP,490000.0,2020-11-11,14:01:06,No,No,Bienes,No,No,No,https://comunidad.comprasdominicana.gob.do//Public/Tendering/OpportunityDetail/Index?noticeUID=DO1.NTC.837421
OPRET-CCC-CP-2020-0016,247,Oficina para el Reordenamiento del Transporte,Comparación de Precios,Proceso ordinario,"CONSTRUCCIÓN DE CUATRO (4) POZOS PARA ABASTECIMIENTO DE AGUA POTABLE, EN LAS ESTACIONES DEL TELEFÉRICO DE SANTO DOMINGO.",Proceso adjudicado y celebrado,DOP,1000000.0,2020-11-20,16:02:06,No,No,Obras,No,No,No,https://comunidad.comprasdominicana.gob.do//Public/Tendering/OpportunityDetail/Index?noticeUID=DO1.NTC.841829
ITLA-UC-CD-2020-0071,684,Instituto Tecnológico de las Américas,Compras por Debajo del Umbral,Proceso ordinario,Adquisición de Podium en Acrílico.,Proceso adjudicado y celebrado,DOP,32450.0,2020-11-20,12:02:31,No,No,Bienes,No,No,No,https://comunidad.comprasdominicana.gob.do//Public/Tendering/OpportunityDetail/Index?noticeUID=DO1.NTC.841713
CEIRD-UC-CD-2020-0108,623,Centro de Exportación e Inversión de la Republica Dominicana,Compras por Debajo del Umbral,Proceso ordinario,PC- ALQUILERES Y ARREGLOS EVENTOS CONSEJO Y ENCENDIDO ARBOL,Proceso adjudicado y celebrado,DOP,74500.0,2020-11-23,17:15:03,No,No,Servicios,No,No,No,https://comunidad.comprasdominicana.gob.do//Public/Tendering/OpportunityDetail/Index?noticeUID=DO1.NTC.842344
INDOCAL-UC-CD-2020-0075,855,Instituto Dominicano para la Calidad,Compras por Debajo del Umbral,Proceso ordinario,Adquisición de Servicios Audiovisuales y AyB para Reunion de este INDOCAL,Proceso adjudicado y celebrado,DOP,46735.0,2020-11-26,11:20:05,No,No,Servicios,No,No,No,https://comunidad.comprasdominicana.gob.do//Public/Tendering/OpportunityDetail/Index?noticeUID=DO1.NTC.843814
INAP-UC-CD-2020-0161,176,Instituto Nacional de Administración Pública,Compras por Debajo del Umbral,Proceso ordinario,"SERV. DE DESINFECCION Y FUMIGACION, PARA TODAS LAS AREAS DEL INAP",Proceso adjudicado y celebrado,DOP,95000.0,2020-12-01,13:03:10,No,No,Servicios,No,No,No,https://comunidad.comprasdominicana.gob.do//Public/Tendering/OpportunityDetail/Index?noticeUID=DO1.NTC.845627
DEPRIDAM-UC-CD-2020-0375,632,Despacho de la Primera Dama (Inactiva),Compras por Debajo del Umbral,Proceso ordinario,REQ. 9802. SUMINISTRO DE LLAVES DE LAVAMANOS PARA CAID SANTIAGO,Proceso adjudicado y celebrado,DOP,80040.0,2020-12-02,09:55:03,No,No,Bienes,No,No,No,https://comunidad.comprasdominicana.gob.do//Public/Tendering/OpportunityDetail/Index?noticeUID=DO1.NTC.846407
INCORT-UC-CD-2020-0039,937,Instituto Nacional de Coordinación de Transplante,Compras por Debajo del Umbral,Proceso ordinario,Refrigerios para 25 personas,Proceso adjudicado y celebrado,DOP,5000.0,2020-12-08,14:02:43,No,No,Servicios,No,No,No,https://comunidad.comprasdominicana.gob.do//Public/Tendering/OpportunityDetail/Index?noticeUID=DO1.NTC.849129
ARSSEMMA-DAF-CM-2020-0019,711,Administradora de Riesgos de Salud para los Maestros,Contratación Menor,Proceso ordinario,ADQUISICION DE SUMINISTROS DE IMPRESORAS 4TO TRIMESTRE,Proceso adjudicado y celebrado,DOP,805311.1,2020-12-16,09:02:00,No,No,Bienes,No,No,No,https://comunidad.comprasdominicana.gob.do//Public/Tendering/OpportunityDetail/Index?noticeUID=DO1.NTC.852506
HGDVC-UC-CD-2020-0245,986,Hospital General Dr. Vinicio Calventi,Compras por Debajo del Umbral,Proceso ordinario,FUNDA NEGRA 55 GALONES,Proceso adjudicado y celebrado,DOP,75000.0,2020-12-17,13:50:05,No,No,Bienes,No,No,No,https://comunidad.comprasdominicana.gob.do//Public/Tendering/OpportunityDetail/Index?noticeUID=DO1.NTC.852930
ONESVIE-UC-CD-2020-0052,939,Ofic. Nac. de Ev. Sísmica y Vulnerabilidad de Infr. y Edificaciones,Compras por Debajo del Umbral,Proceso ordinario,Compra de gomas con aros para los vehículos de la Institución,Proceso adjudicado y celebrado,DOP,43499.97,2020-12-30,10:50:03,No,No,Bienes,No,No,No,https://comunidad.comprasdominicana.gob.do//Public/Tendering/OpportunityDetail/Index?noticeUID=DO1.NTC.858005
Dpto. Aeroportuario-CCC-PEPB-2020-0009,676,Departamento Aeroportuario,Procesos de Excepción,Publicidad,CONTRATACION DE PUBLICIDAD ,Proceso adjudicado y celebrado,DOP,119000.0,2021-01-05,12:35:04,No,No,Servicios,No,No,No,https://comunidad.comprasdominicana.gob.do//Public/Tendering/OpportunityDetail/Index?noticeUID=DO1.NTC.858806
PPS-UC-CD-2021-0015,207,Programa Supérate,Compras por Debajo del Umbral,Proceso ordinario,"Compras e instalación de gomas, para Toyota Hilux, ficha PS-48, Isuzu D-max, ficha P-.12, Reparación para la motocicleta Ficha S-188 Solicitante: Miguel R; Transportación, SIPS: 69473,68163,69474",Proceso adjudicado y celebrado,DOP,120500.0,2021-01-13,10:30:04,No,No,Servicios,No,No,No,https://comunidad.comprasdominicana.gob.do//Public/Tendering/OpportunityDetail/Index?noticeUID=DO1.NTC.861610
AYUNT LOS ALCARRIZOS-UC-CD-2021-0012,721,Ayuntamiento Municipal de Los Alcarrizos,Compras por Debajo del Umbral,Proceso ordinario,COMPRA DE UN AIRE ACONDICIONADO DE 18 BTU ,Proceso adjudicado y celebrado,DOP,35000.0,2021-01-29,12:01:08,No,No,Bienes,No,No,No,https://comunidad.comprasdominicana.gob.do//Public/Tendering/OpportunityDetail/Index?noticeUID=DO1.NTC.868104
CNE-UC-CD-2021-0015,909,Comisión Nacional de Energía,Compras por Debajo del Umbral,Proceso ordinario,Suministro de Tóners  correspondiente Trimestre Enero-marzo 2021,Proceso adjudicado y celebrado,DOP,65000.04,2021-01-29,11:00:56,No,No,Bienes,No,No,No,https://comunidad.comprasdominicana.gob.do//Public/Tendering/OpportunityDetail/Index?noticeUID=DO1.NTC.867908
DGDC-DAF-CM-2021-0002,206,Dirección General de Desarrollo Comunidad,Contratación Menor,Proceso ordinario,ALIMENTOS PARA POLLOS,Proceso adjudicado y celebrado,DOP,365000.0,2021-01-29,16:00:49,No,No,Bienes,No,No,No,https://comunidad.comprasdominicana.gob.do//Public/Tendering/OpportunityDetail/Index?noticeUID=DO1.NTC.868026
MITUR-DAF-CM-2021-0001,257,Ministerio de Turismo,Contratación Menor,Proceso ordinario,CONFECCION DE UNIFORMES,Proceso adjudicado y celebrado,DOP,984150.0,2021-02-04,15:30:45,No,No,Servicios,No,No,No,https://comunidad.comprasdominicana.gob.do//Public/Tendering/OpportunityDetail/Index?noticeUID=DO1.NTC.870330
PPS-UC-CD-2021-0123,207,Programa Supérate,Compras por Debajo del Umbral,Proceso ordinario,Adquisición de materiales gastables y artículos de oficina para ser utilizados en los CTC. Solicitante: Angela Gomez,Proceso adjudicado y celebrado,DOP,130000.0,2021-02-23,13:20:13,No,No,Bienes,No,No,No,https://comunidad.comprasdominicana.gob.do//Public/Tendering/OpportunityDetail/Index?noticeUID=DO1.NTC.877923
EDENORTE-UC-CD-2021-0005,698,Empresa de Distribución Eléctrica del Norte,Compras por Debajo del Umbral,Proceso ordinario,"SERVICIO DE TRANSPORTE PARA VISITA TECNICA A CEPM, PRIMERA CONVOCATORIA",Proceso adjudicado y celebrado,DOP,52000.0,2021-02-25,11:40:02,No,No,Servicios,No,No,No,https://comunidad.comprasdominicana.gob.do//Public/Tendering/OpportunityDetail/Index?noticeUID=DO1.NTC.879012
CNCCMDL-DAF-CM-2021-0002,723,Consejo Nacional para el Cambio Climático y Mercado de Carbono,Contratación Menor,Proceso ordinario,Consultoria para la gestion de las redes sociales de CNCCMDL 2021,Proceso adjudicado y celebrado,DOP,260000.0,2021-03-03,12:01:10,No,No,Servicios,No,No,No,https://comunidad.comprasdominicana.gob.do//Public/Tendering/OpportunityDetail/Index?noticeUID=DO1.NTC.881912
PROCURADURIA-UC-CD-2021-0026,6,Procuraduría General de la República,Compras por Debajo del Umbral,Proceso ordinario,CONTRATACION DE SERVICIO DE REFRIGERIO Y MONTAJE PARA LOS PARTICIPANTES DEL ´PRIMER CURSO TALLER SOBRE PROPIEDAD INTELECTUAL´. S/R 021-1100,Proceso adjudicado y celebrado,DOP,50000.0,2021-03-08,10:30:03,No,No,Servicios,No,No,No,https://comunidad.comprasdominicana.gob.do//Public/Tendering/OpportunityDetail/Index?noticeUID=DO1.NTC.883408
INAP-DAF-CM-2021-0005,176,Instituto Nacional de Administración Pública,Contratación Menor,Proceso ordinario,"ADQ. DE MATERIALES DE LIMPIEZA, PARA USO DE LA INSTITUCION",Proceso adjudicado y celebrado,DOP,169652.67,2021-03-12,15:37:35,No,No,Bienes,No,No,No,https://comunidad.comprasdominicana.gob.do//Public/Tendering/OpportunityDetail/Index?noticeUID=DO1.NTC.887001
Bomberos SDE-UC-CD-2021-0016,947,Cuerpo de Bomberos de Santo Domingo Este,Compras por Debajo del Umbral,Proceso ordinario,MANTENIMIENTO PARA LAS UNIDADES DE LA INSTITUCIÓN.,Proceso adjudicado y celebrado,DOP,11000.0,2021-03-15,12:15:04,No,No,Bienes,No,No,No,https://comunidad.comprasdominicana.gob.do//Public/Tendering/OpportunityDetail/Index?noticeUID=DO1.NTC.887626
HOSPITAL CENTRAL FFA-DAF-CM-2021-0023,157,Hospital Central de las FFAA,Contratación Menor,Proceso ordinario,Adquisición de articulos Medicos,Proceso adjudicado y celebrado,DOP,828910.0,2021-03-16,14:00:44,No,No,Bienes,No,No,No,https://comunidad.comprasdominicana.gob.do//Public/Tendering/OpportunityDetail/Index?noticeUID=DO1.NTC.888532
INAP-DAF-CM-2021-0006,176,Instituto Nacional de Administración Pública,Contratación Menor,Proceso ordinario,"Servicio de almuerzo y suministro para eventos para ser utilizados  en la semana aniversario del INAP, que se llevará a cabo los días 24 y 25 de marzo, del año 2021,",Proceso adjudicado y celebrado,DOP,204517.6,2021-03-16,11:00:12,No,No,Servicios,No,No,No,https://comunidad.comprasdominicana.gob.do//Public/Tendering/OpportunityDetail/Index?noticeUID=DO1.NTC.888112
MIMARENA-UC-CD-2021-0169,260,Ministerio de Medio Ambiente,Compras por Debajo del Umbral,Proceso ordinario,Contratación de los servicios de catering para actividad en la Dirección de Cooperación Internacional,Proceso adjudicado y celebrado,DOP,52150.0,2021-03-17,08:02:50,No,No,Servicios,No,No,No,https://comunidad.comprasdominicana.gob.do//Public/Tendering/OpportunityDetail/Index?noticeUID=DO1.NTC.888902
COMEDORES ECONOMICOS-UC-CD-2021-0014,200,Comedores Económicos (Inactiva),Compras por Debajo del Umbral,Proceso ordinario,COMPRA DE TALONARIOS,Sobres abiertos o aperturados,DOP,110720.0,2021-03-19,11:15:12,No,No,Bienes,No,No,No,https://comunidad.comprasdominicana.gob.do//Public/Tendering/OpportunityDetail/Index?noticeUID=DO1.NTC.890110
PROCURADURIA-UC-CD-2021-0036,6,Procuraduría General de la República,Compras por Debajo del Umbral,Proceso ordinario,"SOLICITUD DE REFRIGERIO PARA EL TALLER DE CAPACITACIÓN SOBRE NORMATIVAS Y PROCEDIMIENTOS DE USOS DE FONDOS, EN DIFERENTES DEPENDENCIAS DE ESTA PROCURADURÍA GENERAL DE LA REPÚBLICA EN SANTIAGO, LA VEGA",Proceso adjudicado y celebrado,DOP,58586.0,2021-03-22,12:30:17,No,No,Servicios,No,No,No,https://comunidad.comprasdominicana.gob.do//Public/Tendering/OpportunityDetail/Index?noticeUID=DO1.NTC.891009
DIGEPRES-DAF-CM-2021-0009,217,Dirección General de Presupuesto,Contratación Menor,Proceso ordinario,Adquisición de Combustibles mediante tickets para uso de la Dirección General de Presupuesto,Proceso adjudicado y celebrado,DOP,985000.0,2021-03-22,15:30:37,No,No,Servicios,No,No,No,https://comunidad.comprasdominicana.gob.do//Public/Tendering/OpportunityDetail/Index?noticeUID=DO1.NTC.891027
MIDE-DAF-CM-2021-0048,153,Ministerio de Defensa,Contratación Menor,Proceso ordinario,"Servicios de Equipamientos, Adecuaciones e Instalaciones.    ",Proceso adjudicado y celebrado,DOP,236084.0,2021-03-29,08:01:44,Si,Si,Servicios,No,No,No,https://comunidad.comprasdominicana.gob.do//Public/Tendering/OpportunityDetail/Index?noticeUID=DO1.NTC.893702
HGENSA-UC-CD-2021-0038,1007,Hospital Nuestra Señora de la Altagracia,Compras por Debajo del Umbral,Proceso ordinario,ADQUISICIÓN DE CONDIMENTOS Y CONSERVANTES,Proceso adjudicado y celebrado,DOP,113147.0,2021-04-07,09:20:02,No,No,Bienes,No,No,No,https://comunidad.comprasdominicana.gob.do//Public/Tendering/OpportunityDetail/Index?noticeUID=DO1.NTC.897503
INTABACO-UC-CD-2021-0004,693,Instituto Nacional del Tabaco (INTABACO),Compras por Debajo del Umbral,Proceso ordinario,COMPRA DE CENTRO DE MESA PARA USO DE LA INSTITUCION,Proceso adjudicado y celebrado,DOP,24780.0,2021-04-07,10:30:05,No,No,Bienes,No,No,No,https://comunidad.comprasdominicana.gob.do//Public/Tendering/OpportunityDetail/Index?noticeUID=DO1.NTC.897106
EN-CCC-CP-2021-0008,171,Ejército de República Dominicana,Comparación de Precios,Proceso ordinario,ADQUISICION DE ACABADOS TEXTILES,Proceso adjudicado y celebrado,DOP,4570000.0,2021-04-07,08:01:36,No,No,Bienes,No,No,No,https://comunidad.comprasdominicana.gob.do//Public/Tendering/OpportunityDetail/Index?noticeUID=DO1.NTC.897402
CORAAVEGA-UC-CD-2021-0041,712,Corporación de Acueductos y Alcantarillados de La Vega,Compras por Debajo del Umbral,Proceso ordinario,"SUMINISTRO E INSTALACIÓN DE PUERTA ENROLLABLE COMERCIAL (SHUTTER) MANUAL PARA CASETA EN LA DE TRATAMIENTO DE AGUAS RESIDUALES, LA VEGA",Proceso adjudicado y celebrado,DOP,32850.0,2021-04-12,10:30:25,No,No,Bienes,No,No,No,https://comunidad.comprasdominicana.gob.do//Public/Tendering/OpportunityDetail/Index?noticeUID=DO1.NTC.899311
INESPRE-CCC-CP-2021-0003,633,Instituto Estabilización de Precios,Comparación de Precios,Proceso ordinario,Servicio de Rotulación de Vehiculos,Proceso adjudicado y celebrado,DOP,2295000.0,2021-04-16,13:15:06,No,No,Servicios,No,No,No,https://comunidad.comprasdominicana.gob.do//Public/Tendering/OpportunityDetail/Index?noticeUID=DO1.NTC.902410
IAD-DAF-CM-2021-0008,724,Instituto Agrario Dominicano,Contratación Menor,Proceso ordinario,SUMINISTRO DE SERVICIO DE MANO DE OBRA PARA LA SEÑALIZACIÓN DE PARQUEO SEDE CENTRAL.,Proceso adjudicado y celebrado,DOP,494424.0,2021-04-19,12:01:46,No,No,Servicios,No,No,No,https://comunidad.comprasdominicana.gob.do//Public/Tendering/OpportunityDetail/Index?noticeUID=DO1.NTC.903026
DGII-DAF-CM-2021-0024,224,Dirección General Impuestos Internos,Contratación Menor,Proceso ordinario,"Suministro Utensilios de Cocina y Comedor para cafetería Panorámio-Sede Central, y otras dependencias de la DGII",Proceso adjudicado y celebrado,DOP,675000.08,2021-04-19,09:45:02,No,No,Bienes,No,No,No,https://comunidad.comprasdominicana.gob.do//Public/Tendering/OpportunityDetail/Index?noticeUID=DO1.NTC.902805
INDOTEL-UC-CD-2021-0105,548,Instituto Dominicano de las Telecomunicaciones,Compras por Debajo del Umbral,Proceso ordinario,Adquisición de un equipo portátil tipo tableta ,Proceso adjudicado y celebrado,DOP,110000.0,2021-04-21,12:45:00,No,No,Bienes,No,No,No,https://comunidad.comprasdominicana.gob.do//Public/Tendering/OpportunityDetail/Index?noticeUID=DO1.NTC.903924
HMRA-UC-CD-2021-0189,978,Hospital Materno Dr. Reynaldo Almanzar,Compras por Debajo del Umbral,Proceso ordinario,CARNES DE CERDO Y EMBUTIDOS ,Proceso adjudicado y celebrado,DOP,123890.0,2021-04-22,13:40:01,No,No,Bienes,No,No,No,https://comunidad.comprasdominicana.gob.do//Public/Tendering/OpportunityDetail/Index?noticeUID=DO1.NTC.904734
IDAC-DAF-CM-2021-0028,559,Instituto Dominicano de Aviación Civíl,Contratación Menor,Proceso ordinario,Adquisición de café y azúcar para ser usado en las diferentes áreas de la Institución correspondiente al trimestre abril-junio 2021,Proceso adjudicado y celebrado,DOP,870000.0,2021-05-04,11:30:02,No,No,Bienes,No,No,No,https://comunidad.comprasdominicana.gob.do//Public/Tendering/OpportunityDetail/Index?noticeUID=DO1.NTC.911919
SIPEN-UC-CD-2021-0035,674,Superintendencia de Pensiones,Compras por Debajo del Umbral,Proceso ordinario,Servicio de laminado en cristales de diferentes áreas de la Superintendencia de Pensiones.,Proceso adjudicado y celebrado,DOP,4000.0,2021-05-04,09:50:04,No,No,Servicios,No,No,No,https://comunidad.comprasdominicana.gob.do//Public/Tendering/OpportunityDetail/Index?noticeUID=DO1.NTC.911607
TESORERIA NACIONAL-UC-CD-2021-0120,222,Tesorería Nacional,Compras por Debajo del Umbral,Proceso ordinario,ADQUISICION DE 03 SELLOS PRETINTADOS PARA USO DE LA INSTITUCION.,Proceso adjudicado y celebrado,DOP,6523.04,2021-05-05,16:02:10,No,No,Bienes,No,No,No,https://comunidad.comprasdominicana.gob.do//Public/Tendering/OpportunityDetail/Index?noticeUID=DO1.NTC.912237
Ay. San Fco. Macoris-UC-CD-2021-0060,867,Ayuntamiento del Municipio de San Francisco de Macoris,Compras por Debajo del Umbral,Proceso ordinario,Adquisición de Bola de Baloncesto,Proceso adjudicado y celebrado,DOP,36000.0,2021-05-07,16:10:44,No,No,Bienes,No,No,No,https://comunidad.comprasdominicana.gob.do//Public/Tendering/OpportunityDetail/Index?noticeUID=DO1.NTC.914003
ADN-DAF-CM-2021-0047,617,Ayuntamiento del Distrito Nacional (ADN),Contratación Menor,Proceso ordinario,SERVICIO DE ALQUILER DE EQUIPOS DE SONIDOS Y ESTRUCTURAS,Proceso desierto,DOP,525864.0,2021-05-10,17:00:41,No,No,Servicios,No,No,No,https://comunidad.comprasdominicana.gob.do//Public/Tendering/OpportunityDetail/Index?noticeUID=DO1.NTC.915443
JAC-UC-CD-2021-0113,554,Junta de Aviación Civil,Compras por Debajo del Umbral,Proceso ordinario,Boleto aéreo,Proceso adjudicado y celebrado,DOP,78000.0,2021-05-12,11:30:01,No,No,Bienes,No,No,No,https://comunidad.comprasdominicana.gob.do//Public/Tendering/OpportunityDetail/Index?noticeUID=DO1.NTC.916709
Defensor del Pueblo-UC-CD-2021-0040,964,Defensor del Pueblo,Compras por Debajo del Umbral,Proceso ordinario,"Adquisición de tres (03) banners matte a full color con tinta UV, respaldo negro, medidas 96"" ancho x 36"" de alto, sobre protección de las “Cuevas del Pomier”.",Proceso adjudicado y celebrado,DOP,10200.0,2021-05-18,15:45:06,No,No,Bienes,No,No,No,https://comunidad.comprasdominicana.gob.do//Public/Tendering/OpportunityDetail/Index?noticeUID=DO1.NTC.919236
INAVI-DAF-CM-2021-0015,670,Instituto Nacional de Auxilios y Viviendas,Contratación Menor,Proceso ordinario,Adquisición de Materiales de Plomería ,Proceso adjudicado y celebrado,DOP,194540.0,2021-05-21,16:25:04,No,No,Bienes,No,No,No,https://comunidad.comprasdominicana.gob.do//Public/Tendering/OpportunityDetail/Index?noticeUID=DO1.NTC.921137
SNS-DAF-CM-2021-0022,983,Servicio Nacional de Salud,Contratación Menor,Proceso ordinario,Compra de Electrodomésticos para el Proyecto CDC/Carry Over en Cooperación con el SNS,Proceso adjudicado y celebrado,DOP,310000.0,2021-05-25,16:02:26,Si,No,Bienes,No,No,No,https://comunidad.comprasdominicana.gob.do//Public/Tendering/OpportunityDetail/Index?noticeUID=DO1.NTC.922445
Ayuntamiento Higuey-CCC-CP-2021-0010,913,Ayuntamiento del Municipio de Salvaleón de Higuey.,Comparación de Precios,Proceso ordinario,"CONTRATACION DE TRASNPORTE PARA LA DISTRIBUCION DE 5,000 METROS DE CALICHE EN LA DIFERENTES COMUNIDADES",Proceso adjudicado y celebrado,DOP,1210000.0,2021-05-26,16:00:41,No,No,Bienes,No,No,No,https://comunidad.comprasdominicana.gob.do//Public/Tendering/OpportunityDetail/Index?noticeUID=DO1.NTC.923039
DIGEPRES-UC-CD-2021-0045,217,Dirección General de Presupuesto,Compras por Debajo del Umbral,Proceso ordinario,Adquisición de Porta Retratos,Proceso adjudicado y celebrado,DOP,97500.0,2021-05-26,12:04:25,No,No,Bienes,No,No,No,https://comunidad.comprasdominicana.gob.do//Public/Tendering/OpportunityDetail/Index?noticeUID=DO1.NTC.922919
IDAC-DAF-CM-2021-0019,559,Instituto Dominicano de Aviación Civíl,Contratación Menor,Proceso ordinario,"CONTRATACIÓN DE SERVICIOS DE TALLER PARA REPARACIÓN DE MOTORES, TRANSMISIÓN Y MECANICA GENERAL DE LA FLOTILLA VEHICULAR DEL IDAC",Cancelado,DOP,985000.0,2021-05-31,11:01:26,No,No,Servicios,No,No,No,https://comunidad.comprasdominicana.gob.do//Public/Tendering/OpportunityDetail/Index?noticeUID=DO1.NTC.924411
INAVI-UC-CD-2021-0142,670,Instituto Nacional de Auxilios y Viviendas,Compras por Debajo del Umbral,Proceso ordinario,COMPRA DE CERRADURA MAGNETICA ELECTRICA ,Proceso adjudicado y celebrado,DOP,43000.0,2021-06-01,10:01:57,No,No,Bienes,No,No,No,https://comunidad.comprasdominicana.gob.do//Public/Tendering/OpportunityDetail/Index?noticeUID=DO1.NTC.925205
DGDC-DAF-CM-2021-0029,206,Dirección General de Desarrollo Comunidad,Contratación Menor,Proceso ordinario,Adquisición de mobiliarios de oficina. ,Proceso adjudicado y celebrado,DOP,301871.32,2021-06-01,12:30:02,No,No,Bienes,No,No,No,https://comunidad.comprasdominicana.gob.do//Public/Tendering/OpportunityDetail/Index?noticeUID=DO1.NTC.925310
HOSPNEYARIAS-DAF-CM-2021-0219,862,Hospital Traumatológico Dr. Ney Arias Lora,Contratación Menor,Proceso ordinario,FENTANILO CITRATO,Proceso adjudicado y celebrado,DOP,596700.0,2021-06-01,15:00:41,No,No,Bienes,No,No,No,https://comunidad.comprasdominicana.gob.do//Public/Tendering/OpportunityDetail/Index?noticeUID=DO1.NTC.925423
MIDE-UC-CD-2021-0173,153,Ministerio de Defensa,Compras por Debajo del Umbral,Proceso ordinario,Adquisición de lámparas. ,Proceso adjudicado y celebrado,DOP,51789.95,2021-06-17,14:33:02,Si,Si,Bienes,No,No,No,https://comunidad.comprasdominicana.gob.do//Public/Tendering/OpportunityDetail/Index?noticeUID=DO1.NTC.932020
AGN-UC-CD-2021-0038,894,Archivo General de la Nacion,Compras por Debajo del Umbral,Proceso ordinario,Adquisicion Cinta de tinta para impresora carnets del AGN,Proceso adjudicado y celebrado,DOP,8708.4,2021-06-21,13:40:03,No,No,Bienes,No,No,No,https://comunidad.comprasdominicana.gob.do//Public/Tendering/OpportunityDetail/Index?noticeUID=DO1.NTC.933121
INDRHI-UC-CD-2021-0266,640,Instituto Nacional de Recursos Hidráulicos,Compras por Debajo del Umbral,Proceso ordinario,COMPRA DE (12) FAJAS LUMBAR PARA SER UTILIZADA POR EL PERSONAL DE PLANTA FISICA DE LOS EDIFICIOS I Y II.,Proceso adjudicado y celebrado,DOP,10800.0,2021-06-22,14:50:01,Si,No,Bienes,No,No,No,https://comunidad.comprasdominicana.gob.do//Public/Tendering/OpportunityDetail/Index?noticeUID=DO1.NTC.933630
Ay. San Fco. Macoris-UC-CD-2021-0082,867,Ayuntamiento del Municipio de San Francisco de Macoris,Compras por Debajo del Umbral,Proceso ordinario,Adquisición de Junta y Culata para ser utilizado en el camión F-09 ,Proceso desierto,DOP,41200.0,2021-06-23,13:30:05,No,No,Bienes,No,No,No,https://comunidad.comprasdominicana.gob.do//Public/Tendering/OpportunityDetail/Index?noticeUID=DO1.NTC.934223
GANADERIA-UC-CD-2021-0119,227,Dirección General de Ganadería,Compras por Debajo del Umbral,Proceso ordinario,"MANTENIMIENTO DE LA CAMIONETA  TOYOTA HILUX 2019, PLACA EL08523, ASIG. AL DR. RICHARD MATOS.",Proceso adjudicado y celebrado,DOP,10827.33,2021-06-24,11:20:02,No,No,Servicios,No,No,No,https://comunidad.comprasdominicana.gob.do//Public/Tendering/OpportunityDetail/Index?noticeUID=DO1.NTC.935402
CNSS-UC-CD-2021-0061,586,Consejo Nacional de la Seguridad Social,Compras por Debajo del Umbral,Proceso ordinario,"PUBLICACIÓN EN EL PERIÓDICO DIARIO LIBRE, CONVOCATORIA A PARTICIPAR EN LA LICITACIÓN PÚBLICA NACIONAL CNSS-CCC-LPN-2021-0001, ADQUISICIÓN DE INMUEBLES PARA ALOJAR OFICINAS DE LAS COMISIONES MÉDICAS RE",Proceso desierto,DOP,81345.6,2021-07-15,16:00:55,No,No,Servicios,No,No,No,https://comunidad.comprasdominicana.gob.do//Public/Tendering/OpportunityDetail/Index?noticeUID=DO1.NTC.944845
CDEEE-DAF-CM-2021-0118,577,Corporación Dominicana de Empresas Eléctricas Estatales,Contratación Menor,Proceso ordinario,Adquisicion de Correas Industriales para CTPC,Proceso adjudicado y celebrado,DOP,748840.0,2021-07-19,17:00:49,No,No,Bienes,No,No,No,https://comunidad.comprasdominicana.gob.do//Public/Tendering/OpportunityDetail/Index?noticeUID=DO1.NTC.946243
DCD-DAF-CM-2021-0016,904,Defensa Civil Dominicana,Contratación Menor,Proceso ordinario,Fardos de botellas de agua y servilletas.,Cancelado,DOP,287000.0,2021-07-23,09:01:50,No,No,Bienes,No,No,No,https://comunidad.comprasdominicana.gob.do//Public/Tendering/OpportunityDetail/Index?noticeUID=DO1.NTC.948504
AMBC-UC-CD-2021-0023,834,Ayuntamiento Municipal de Boca Chica,Compras por Debajo del Umbral,Proceso ordinario,ADQUISICION DE EQUIPO DE OFICINA ,Proceso adjudicado y celebrado,DOP,58295.6,2021-07-23,15:00:59,No,No,Bienes,No,No,No,https://comunidad.comprasdominicana.gob.do//Public/Tendering/OpportunityDetail/Index?noticeUID=DO1.NTC.948727
MMUJER-UC-CD-2021-0369,174,Ministerio de la Mujer,Compras por Debajo del Umbral,Proceso ordinario,Servicio de refrigerio y montaje para 35 personas para la  puesta en marcha de Casa de Acogida Modelo XIV el dia 29/07/2021 4:00pm.,Proceso adjudicado y celebrado,DOP,53631.0,2021-07-28,14:20:03,Si,No,Servicios,No,No,No,https://comunidad.comprasdominicana.gob.do//Public/Tendering/OpportunityDetail/Index?noticeUID=DO1.NTC.950439
HMRA-DAF-CM-2021-0183,978,Hospital Materno Dr. Reynaldo Almanzar,Contratación Menor,Proceso ordinario,QUIMICA EQUIPO BS-200 MINDRAY,Proceso adjudicado y celebrado,DOP,445504.95,2021-08-03,10:15:03,No,No,Bienes,No,No,No,https://comunidad.comprasdominicana.gob.do//Public/Tendering/OpportunityDetail/Index?noticeUID=DO1.NTC.952707
TESORERIA NACIONAL-UC-CD-2021-0208,222,Tesorería Nacional,Compras por Debajo del Umbral,Proceso ordinario,SERVICIO DE NOTARIZACION DE CONTRATOS PARA USO DE LA INSTITUCION.,Proceso adjudicado y celebrado,DOP,56640.0,2021-08-04,08:15:02,No,No,Servicios,No,No,No,https://comunidad.comprasdominicana.gob.do//Public/Tendering/OpportunityDetail/Index?noticeUID=DO1.NTC.953307
EDEESTE-UC-CD-2021-0018,718,"Empresa Distribuidora de Electricidad del Este, S.A.",Compras por Debajo del Umbral,Proceso ordinario,Estudios de suelos para remediación ambiental.,Proceso adjudicado y celebrado,DOP,106200.0,2021-08-06,17:00:02,No,No,Servicios,No,No,No,https://comunidad.comprasdominicana.gob.do//Public/Tendering/OpportunityDetail/Index?noticeUID=DO1.NTC.954543
ARD-DAF-CM-2021-0070,172,Armada de República Dominicana,Contratación Menor,Proceso ordinario,ADQUISICIÓN DE MATERIALES DE LIMPIEZA,Proceso adjudicado y celebrado,DOP,738700.0,2021-08-09,12:01:46,No,No,Bienes,No,No,No,https://comunidad.comprasdominicana.gob.do//Public/Tendering/OpportunityDetail/Index?noticeUID=DO1.NTC.955118
DGDC-DAF-CM-2021-0041,206,Dirección General de Desarrollo Comunidad,Contratación Menor,Proceso ordinario,ADQUISICION DE PINTURAS Y MATERIALES PARA PINTAR ,Proceso adjudicado y celebrado,DOP,131400.0,2021-08-10,13:01:12,No,No,Bienes,No,No,No,https://comunidad.comprasdominicana.gob.do//Public/Tendering/OpportunityDetail/Index?noticeUID=DO1.NTC.955727
ONAPI-UC-CD-2021-0102,717,Oficina Nacional de la Propiedad Industrial,Compras por Debajo del Umbral,Proceso ordinario,"Servicio de catering para 100 personas, pre-empacado en cajitas de cartón con lazos azules, el mismo será ofrecido en conversatorio que sostendrá el Dr. Ramos con colaboradores e invitados especiales ",Proceso adjudicado y celebrado,DOP,33000.0,2021-08-11,11:20:02,No,No,Servicios,No,No,No,https://comunidad.comprasdominicana.gob.do//Public/Tendering/OpportunityDetail/Index?noticeUID=DO1.NTC.956614
MINPRE-CCC-CP-2021-0007,197,Ministerio de la Presidencia,Comparación de Precios,Proceso ordinario,Adquisición de equipos audiovisuales para la Dirección de Comunicaciones del Ministerio de la presidencia   ,Proceso adjudicado y celebrado,DOP,1476180.0,2021-08-11,11:02:17,No,No,Bienes,No,No,No,https://comunidad.comprasdominicana.gob.do//Public/Tendering/OpportunityDetail/Index?noticeUID=DO1.NTC.956612
SIUBEN-UC-CD-2021-0039,195,Sistema Unico de Beneficiarios (SIUBEN),Compras por Debajo del Umbral,Proceso ordinario,Compra de compresores y piezas para reparación de aires acondicionados,Proceso adjudicado y celebrado,DOP,39927.14,2021-08-12,16:30:04,No,No,Bienes,No,No,No,https://comunidad.comprasdominicana.gob.do//Public/Tendering/OpportunityDetail/Index?noticeUID=DO1.NTC.957034
MMUJER-UC-CD-2021-0395,174,Ministerio de la Mujer,Compras por Debajo del Umbral,Proceso ordinario,"Servicio de almuerzo en un hotel o restaurante  de Santo Domingo para 35 comunicadores, para presentar la Campaña Publicitaria “Vivir sin Violencia es Posible”  del Ministerio de la Mujer el día 17 de",Proceso adjudicado y celebrado,DOP,99934.28,2021-08-13,13:45:02,No,No,Servicios,No,No,No,https://comunidad.comprasdominicana.gob.do//Public/Tendering/OpportunityDetail/Index?noticeUID=DO1.NTC.957722
CES-UC-CD-2021-0031,1044,Consejo Economico y Social,Compras por Debajo del Umbral,Proceso ordinario,COMPRA SILLÓN EJECUTIVO Y SILLA TÉCNICA,Proceso desierto,DOP,24000.0,2021-08-23,15:30:35,No,No,Bienes,No,No,No,https://comunidad.comprasdominicana.gob.do//Public/Tendering/OpportunityDetail/Index?noticeUID=DO1.NTC.960530
SIPEN-CCC-PEPB-2021-0004,674,Superintendencia de Pensiones,Procesos de Excepción,Publicidad,"Publicación de las Resoluciones Nos. 207, 208, 209, y 210 de la Comisión Clasificadora de Riesgos y Límites de Inversión (CCRyLI).",Proceso adjudicado y celebrado,DOP,223200.0,2021-08-24,12:30:19,No,No,Servicios,No,No,No,https://comunidad.comprasdominicana.gob.do//Public/Tendering/OpportunityDetail/Index?noticeUID=DO1.NTC.961516
INAFOCAM-CCC-PEEX-2021-0002,878,Instituto Nacional de Formacion y Capacitacion del Magisterio,Procesos de Excepción,Exclusividad,PRUEBAS DE INTERES VOCACIONAL ,Proceso adjudicado y celebrado,DOP,1288368.57,2021-09-03,14:02:10,No,No,Bienes,No,No,No,https://comunidad.comprasdominicana.gob.do//Public/Tendering/OpportunityDetail/Index?noticeUID=DO1.NTC.966021
MERCADOM-UC-CD-2021-0277,1006,Mercados Dominicanos de Abasto Agropecuario,Compras por Debajo del Umbral,Proceso ordinario,ADQUISICION DE HERRAMIENTAS,Proceso adjudicado y celebrado,DOP,71140.0,2021-09-03,13:08:05,No,No,Bienes,No,No,No,https://comunidad.comprasdominicana.gob.do//Public/Tendering/OpportunityDetail/Index?noticeUID=DO1.NTC.966117
ISFODOSU-DAF-CM-2021-0144,883,Instituto Superior de Formación Docente Salomé Ureña,Contratación Menor,Proceso ordinario,"Adquisición de botellones, llenado y recarga de agua, para cubrir la necesidad de un año para la Rectoría.",Proceso desierto,DOP,547500.0,2021-09-22,12:04:52,No,No,Bienes,No,No,No,https://comunidad.comprasdominicana.gob.do//Public/Tendering/OpportunityDetail/Index?noticeUID=DO1.NTC.975041
OCABID-DAF-CM-2021-0008,888,"Instituto Nacional de Custodia y Administración de Bienes Incautados, Decomisados y en Extinción de Dominio.",Contratación Menor,Proceso ordinario,SERVICIO REPARACION Y MANTENIMIENTO DE VEHICULOS,Proceso adjudicado y celebrado,DOP,338200.0,2021-09-27,12:31:51,No,No,Bienes,No,No,No,https://comunidad.comprasdominicana.gob.do//Public/Tendering/OpportunityDetail/Index?noticeUID=DO1.NTC.976224
MIREX-DAF-CM-2021-0070,1,Ministerio de Relaciones Exteriores,Contratación Menor,Proceso ordinario,Adquisición de Insumos Médicos para ser utilizados en este Ministerio,Proceso adjudicado y celebrado,DOP,356332.0,2021-10-01,11:01:16,No,No,Bienes,No,No,No,https://comunidad.comprasdominicana.gob.do//Public/Tendering/OpportunityDetail/Index?noticeUID=DO1.NTC.978612
INAFOCAM-UC-CD-2021-0114,878,Instituto Nacional de Formacion y Capacitacion del Magisterio,Compras por Debajo del Umbral,Proceso ordinario,"COMPRA DE CAPAS IMPERMEABLE , MOCHILLA Y CASCO PARA MENSAJERO ",Proceso adjudicado y celebrado,DOP,13107.92,2021-10-07,15:30:30,No,No,Servicios,No,No,No,https://comunidad.comprasdominicana.gob.do//Public/Tendering/OpportunityDetail/Index?noticeUID=DO1.NTC.981705
OCI-UC-CD-2021-0051,803,Oficina de Cooperación Internacional,Compras por Debajo del Umbral,Proceso ordinario,Adquisición de Urnas de Acrílico para Uso de la Institución,Proceso adjudicado y celebrado,DOP,33769.24,2021-10-11,14:02:35,No,No,Bienes,No,No,No,https://comunidad.comprasdominicana.gob.do//Public/Tendering/OpportunityDetail/Index?noticeUID=DO1.NTC.982825
PROCURADURIA-DAF-CM-2021-0127,6,Procuraduría General de la República,Contratación Menor,Proceso ordinario,"COMPRA DE MATERIALES FERRETEROS  Y HERRAMIENTAS PARA VARIAS DEPENDENCIAS DE LA PGR, SEGÚN REQ. NO 0215186 Y 021-5244 DEL DEPTO. DE ALMACÉN Y MANTENIMIENTO",Proceso adjudicado y celebrado,DOP,254000.0,2021-10-11,16:00:54,Si,No,Bienes,No,No,No,https://comunidad.comprasdominicana.gob.do//Public/Tendering/OpportunityDetail/Index?noticeUID=DO1.NTC.982833
HMSCMB-UC-CD-2021-0043,1095,Hospital Municipal Santo Cristo de los Milagros Bayaguana,Compras por Debajo del Umbral,Proceso ordinario,Adquisición de Reactivos y Suministros de Laboratorio  ,Proceso adjudicado y celebrado,DOP,124881.8,2021-10-12,10:35:04,No,No,Bienes,No,No,No,https://comunidad.comprasdominicana.gob.do//Public/Tendering/OpportunityDetail/Index?noticeUID=DO1.NTC.983312
INAGUJA-CCC-CP-2021-0013,258,Industria Nacional de la Aguja,Comparación de Precios,Proceso ordinario,"SERVICIO DE LAVANDERÍA (LAVADO, PLANCHADO Y EMPAQUE) PARA DIFERENTES PRODUCCIONES, DESTINADO A MIPYME",Proceso adjudicado y celebrado,DOP,4706000.0,2021-10-12,15:30:23,No,No,Servicios,No,No,No,https://comunidad.comprasdominicana.gob.do//Public/Tendering/OpportunityDetail/Index?noticeUID=DO1.NTC.983838
INESPRE-DAF-CM-2021-0074,633,Instituto Estabilización de Precios,Contratación Menor,Proceso ordinario,Adquisición de Suministros e Instalación de Sistema de Interconexión para Teléfonos,Proceso adjudicado y celebrado,DOP,260000.0,2021-10-14,12:15:02,No,No,Bienes,No,No,No,https://comunidad.comprasdominicana.gob.do//Public/Tendering/OpportunityDetail/Index?noticeUID=DO1.NTC.985014
POLICIA NACIONAL-DAF-CM-2021-0025,144,Policia Nacional,Contratación Menor,Proceso ordinario,"ADQUISICION DE SOUVENIR, DIRIGIDO A EMPRESAS MIPYMES",Proceso adjudicado y celebrado,DOP,316250.0,2021-10-14,08:01:14,Si,No,Bienes,No,No,No,https://comunidad.comprasdominicana.gob.do//Public/Tendering/OpportunityDetail/Index?noticeUID=DO1.NTC.984702
TESORERIA NACIONAL-UC-CD-2021-0280,222,Tesorería Nacional,Compras por Debajo del Umbral,Proceso ordinario,ADQUISICION DE VARIOS ARTICULOS  TECNOLOGICOS PARA SER UTILIZADOS EN LA DIVISION DE COMUNICACIONES  DE LA INSTITUCION.,Proceso adjudicado y celebrado,DOP,38130.52,2021-10-15,15:30:05,No,No,Bienes,No,No,No,https://comunidad.comprasdominicana.gob.do//Public/Tendering/OpportunityDetail/Index?noticeUID=DO1.NTC.985624
PPS-DAF-CM-2021-0133,207,Programa Supérate,Contratación Menor,Proceso ordinario,"Servicios de mantenimiento y reparación de vehículos de SUPÉRATE, dirigido a MIPYME",Proceso adjudicado y celebrado,DOP,500000.0,2021-10-20,17:50:02,Si,No,Servicios,No,No,No,https://comunidad.comprasdominicana.gob.do//Public/Tendering/OpportunityDetail/Index?noticeUID=DO1.NTC.987056
UASD-DAF-CM-2021-0258,671,Universidad Autonoma de Santo Domingo,Contratación Menor,Proceso ordinario,Adquisición de Computadoras Completas para las Aulas Virtuales solicitadas por el Departamento de Informática.,Proceso adjudicado y celebrado,DOP,890400.0,2021-10-21,15:00:03,No,No,Bienes,No,No,No,https://comunidad.comprasdominicana.gob.do//Public/Tendering/OpportunityDetail/Index?noticeUID=DO1.NTC.987525
CERTV-UC-CD-2021-0234,691,Corporación Estatal de Radio y Televisión,Compras por Debajo del Umbral,Proceso ordinario,COMPRA DE MATERIAL GASTABLE PARA SER UTILIZADOS EN LOS DIFERENTES DEPARTAMENTO DE ESTA CERTV,Cancelado,DOP,11848.0,2021-10-22,14:30:05,No,No,Bienes,No,No,No,https://comunidad.comprasdominicana.gob.do//Public/Tendering/OpportunityDetail/Index?noticeUID=DO1.NTC.988323
Hosp. Juan Bosch-DAF-CM-2021-0290,945,Hospital Traumatológico y Quirúrgico del Cibao Central Juan Bosch,Contratación Menor,Proceso ordinario,SERVICIO DE TRANSPORTE A LOS EMPLEADOS ,Proceso adjudicado y celebrado,DOP,850000.0,2021-10-27,11:23:06,No,No,Servicios,No,No,No,https://comunidad.comprasdominicana.gob.do//Public/Tendering/OpportunityDetail/Index?noticeUID=DO1.NTC.991331
MIP-UC-CD-2021-0264,141,Ministerio de Interior y Policía,Compras por Debajo del Umbral,Proceso ordinario,Contratacion de Servicio de Maestria de Ceremonia  el dia 1  de noviembre 2021 en este Ministerio ,Proceso adjudicado y celebrado,DOP,110000.0,2021-11-01,10:05:16,No,No,Servicios,No,No,No,https://comunidad.comprasdominicana.gob.do//Public/Tendering/OpportunityDetail/Index?noticeUID=DO1.NTC.993013
INDRHI-DAF-CM-2021-0118,640,Instituto Nacional de Recursos Hidráulicos,Contratación Menor,Proceso ordinario,"SERVICIO DE REPARACION  BOMBA DE AGUA  Y TUBERIAS DE SUCCION EN LA ESTACION DE BOMBEO LA AMARGA ,  UBICADA  EN SAN FCO. DE MACORIS, DIRECCION  REGIONAL SISTEMA DE RIEGO  DE RIEGO YUNA CAMU. ",Proceso adjudicado y celebrado,DOP,350000.0,2021-11-02,09:15:02,No,No,Servicios,No,No,No,https://comunidad.comprasdominicana.gob.do//Public/Tendering/OpportunityDetail/Index?noticeUID=DO1.NTC.993904
INAIPI-CCC-PEPB-2021-0041,946,Instituto Nacional de Atención Integral a la Primera Infancia,Procesos de Excepción,Publicidad,Publicación de aviso en el periódico para convocatoria de procedimiento de Licitación PUblica Nacional No. INAIPI-CCC-LPN-2021-0026,Proceso adjudicado y celebrado,DOP,116878.64,2021-11-02,11:02:13,No,No,Servicios,No,No,No,https://comunidad.comprasdominicana.gob.do//Public/Tendering/OpportunityDetail/Index?noticeUID=DO1.NTC.993818
DNPESCA-DAF-CM-2021-0010,230,Dirección Nacional Pesca (Servicios de Pesca),Contratación Menor,Proceso ordinario,"Adquisicion de Neumaticos para uso en los vehiculos perteneciente a esta Direccion Nacional de Pesca, ARD.",Proceso adjudicado y celebrado,DOP,295000.08,2021-11-02,13:00:48,No,No,Bienes,No,No,No,https://comunidad.comprasdominicana.gob.do//Public/Tendering/OpportunityDetail/Index?noticeUID=DO1.NTC.993828
CONTRALORIA-CCC-LPN-2021-0003,139,Contraloría Gral de la República,Licitación Pública Nacional,Proceso ordinario,PROYECTO DE ADQUISICIÓN EQUIPOS TECNOLOGICOS PARA LA CONTRALORÍA GENERAL DE LA REPÚBLICA,Proceso adjudicado y celebrado,DOP,80604784.75,2021-11-03,10:00:35,No,No,Bienes,No,No,No,https://comunidad.comprasdominicana.gob.do//Public/Tendering/OpportunityDetail/Index?noticeUID=DO1.NTC.994609
HPDHG-UC-CD-2021-0619,928,Hospital Pediátrico Dr. Hugo De Mendoza (HPHM),Compras por Debajo del Umbral,Proceso ordinario,COMPRA DE TELA GABARDINA AZUL,Proceso adjudicado y celebrado,DOP,4125.0,2021-11-03,11:12:02,No,No,Bienes,No,No,No,https://comunidad.comprasdominicana.gob.do//Public/Tendering/OpportunityDetail/Index?noticeUID=DO1.NTC.994409
CORAAMOCA-DAF-CM-2021-0086,628,Corporación de Acueducto y Alcantarillado Moca,Contratación Menor,Proceso ordinario,REPARACION Y MANTENIMIENTO DE EQUIPOS ELECTRICOS Y MECANICOS DE LA INSTITUCION.,Proceso adjudicado y celebrado,DOP,300000.0,2021-11-08,10:03:03,No,No,Servicios,No,No,No,https://comunidad.comprasdominicana.gob.do//Public/Tendering/OpportunityDetail/Index?noticeUID=DO1.NTC.996211
AYUNTAMIENTO LA VEGA-CCC-CP-2021-0018,683,Ayuntamiento Municipal Concepción de la Vega,Comparación de Precios,Proceso ordinario,"CONTRATACION DE PERSONA O COMPAÑÍA PARA EL ALQUILER, INSTALACION, DESMONTE DE LUCES NAVIDEÑAS EN PARQUE DUARTE, CATEDRAL Y ENTORNO (PARQUE MAGICO).",Proceso adjudicado y celebrado,DOP,3900000.0,2021-11-09,15:03:58,No,No,Servicios,No,No,No,https://comunidad.comprasdominicana.gob.do//Public/Tendering/OpportunityDetail/Index?noticeUID=DO1.NTC.997039
SISALRIL-UC-CD-2021-0206,591,Superintendencia de Salud y Riesgos Laborales,Compras por Debajo del Umbral,Proceso ordinario,SERVICIO TRANSPORTE DE PERSONAL,Proceso adjudicado y celebrado,DOP,124000.0,2021-11-15,17:01:26,No,No,Servicios,No,No,No,https://comunidad.comprasdominicana.gob.do//Public/Tendering/OpportunityDetail/Index?noticeUID=DO1.NTC.1000057
ALTOS ESTUDIOS-UC-CD-2021-0028,162,Instituto de Altos Estudios de las Fuerzas Armadas,Compras por Debajo del Umbral,Proceso ordinario,Adquisición de neveras de 12 pies y ejecutivas.,Proceso adjudicado y celebrado,DOP,99450.0,2021-11-15,12:35:03,No,No,Bienes,No,No,No,https://comunidad.comprasdominicana.gob.do//Public/Tendering/OpportunityDetail/Index?noticeUID=DO1.NTC.999920
HPDHG-DAF-CM-2021-0365,928,Hospital Pediátrico Dr. Hugo De Mendoza (HPHM),Contratación Menor,Proceso ordinario,COMPRA MIDAZOLAM,Proceso adjudicado y celebrado,DOP,450000.0,2021-11-17,09:02:28,No,No,Bienes,No,No,No,https://comunidad.comprasdominicana.gob.do//Public/Tendering/OpportunityDetail/Index?noticeUID=DO1.NTC.1001309
CONAPOFA-UC-CD-2021-0337,678,Consejo Nacional de Población y Familia,Compras por Debajo del Umbral,Proceso ordinario,ELABORACION CAMISETAS Y GORRAS DEPORTIVAS,Proceso adjudicado y celebrado,DOP,36315.0,2021-11-19,14:10:04,No,No,Servicios,No,No,No,https://comunidad.comprasdominicana.gob.do//Public/Tendering/OpportunityDetail/Index?noticeUID=DO1.NTC.1002433
HMRA-UC-CD-2021-0722,978,Hospital Materno Dr. Reynaldo Almanzar,Compras por Debajo del Umbral,Proceso ordinario,SULFATO DE MAGNESIO ,Proceso adjudicado y celebrado,DOP,130900.0,2021-11-22,14:18:05,No,No,Bienes,No,No,No,https://comunidad.comprasdominicana.gob.do//Public/Tendering/OpportunityDetail/Index?noticeUID=DO1.NTC.1003429
CULTURA-UC-CD-2021-0136,259,Ministerio de Cultura,Compras por Debajo del Umbral,Proceso ordinario,Adquisición Batería para la Planta de Emergencia de la Dirección Nacional de Patrimonio Monumental.  ,Proceso adjudicado y celebrado,DOP,14000.0,2021-11-22,09:55:02,No,No,Bienes,No,No,No,https://comunidad.comprasdominicana.gob.do//Public/Tendering/OpportunityDetail/Index?noticeUID=DO1.NTC.1003208
CONIAF-UC-CD-2021-0071,699,Consejo Nacional de Investigaciones Agropecuarias y Forestales,Compras por Debajo del Umbral,Proceso ordinario,"COMPRA DE AZUCAR, PARA USO DE NUESTRA INSTITUCION.",Proceso adjudicado y celebrado,DOP,3944.0,2021-11-25,15:02:28,No,No,Bienes,No,No,No,https://comunidad.comprasdominicana.gob.do//Public/Tendering/OpportunityDetail/Index?noticeUID=DO1.NTC.1005124
IDAC-UC-CD-2021-0177,559,Instituto Dominicano de Aviación Civíl,Compras por Debajo del Umbral,Proceso ordinario,ADQUISICIÓN DE CERTIFICADO DE SEGURIDAD SSL WILDCARD,Proceso adjudicado y celebrado,DOP,45000.0,2021-12-01,12:05:38,No,No,Bienes,No,No,No,https://comunidad.comprasdominicana.gob.do//Public/Tendering/OpportunityDetail/Index?noticeUID=DO1.NTC.1007522
INFOTEP-CCC-PEPU-2021-0014,581,Instituto Nacional de formación Técnico Profesional,Procesos de Excepción,Proveedor único,“Servicio de Mantenimiento de los Chillers en el Edificio de la Oficina Nacional y la Dirección Regional Norte del  INFOTEP”,Proceso adjudicado y celebrado,DOP,1750809.66,2021-12-02,16:30:02,No,No,Servicios,No,No,No,https://comunidad.comprasdominicana.gob.do//Public/Tendering/OpportunityDetail/Index?noticeUID=DO1.NTC.1007943
MEPyD-UC-CD-2021-0121,131,"Ministerio de Economía, Planificación y Desarrollo",Compras por Debajo del Umbral,Proceso ordinario,Alquiler Equipos Audiovisuales. Dirigido a MIPYMES.,Proceso adjudicado y celebrado,DOP,119770.0,2021-12-08,15:31:04,Si,No,Servicios,No,No,No,https://comunidad.comprasdominicana.gob.do//Public/Tendering/OpportunityDetail/Index?noticeUID=DO1.NTC.1010344
HPMINSA-UC-CD-2021-0035,1115,Hospital Materno Infantil Nuestra Señora De La Altagracia,Compras por Debajo del Umbral,Proceso ordinario,ADQUISICIÓN  DE PRODUCTOS PARA EL CUIDADO DE HERIDAS,Proceso adjudicado y celebrado,DOP,70850.0,2021-12-09,08:01:49,No,No,Bienes,No,No,No,https://comunidad.comprasdominicana.gob.do//Public/Tendering/OpportunityDetail/Index?noticeUID=DO1.NTC.1010702
DGII-UC-CD-2021-0195,224,Dirección General Impuestos Internos,Compras por Debajo del Umbral,Proceso ordinario,Servicio de enmarcado de diploma de participación.,Proceso adjudicado y celebrado,DOP,10000.0,2021-12-10,10:55:02,No,No,Servicios,No,No,No,https://comunidad.comprasdominicana.gob.do//Public/Tendering/OpportunityDetail/Index?noticeUID=DO1.NTC.1011709
IAD-DAF-CM-2021-0115,724,Instituto Agrario Dominicano,Contratación Menor,Proceso ordinario,Contratación de un taller de mecánica para los servicios de Reparación de Motocicleta Todo Terreno Perteneciente a la institución,Proceso adjudicado y celebrado,DOP,980000.0,2021-12-10,18:00:04,No,No,Servicios,No,No,No,https://comunidad.comprasdominicana.gob.do//Public/Tendering/OpportunityDetail/Index?noticeUID=DO1.NTC.1011762
CAASD-UC-CD-2021-0091,625,Corporación del Acueducto y Alcantarillado de Santo Domingo,Compras por Debajo del Umbral,Proceso ordinario,"Contratación de servicio de reparación a la camioneta doble cabina Ford ranger, ficha No.453 asignada a la división producción de agua operaciones noroeste.",Proceso adjudicado y celebrado,DOP,105103.55,2021-12-16,14:10:02,No,No,Servicios,No,No,No,https://comunidad.comprasdominicana.gob.do//Public/Tendering/OpportunityDetail/Index?noticeUID=DO1.NTC.1013934
DESARROLLO PROVINCIA-UC-CD-2021-0055,209,Comisión Presidencial Apoyo Desarrollo Provincial,Compras por Debajo del Umbral,Proceso ordinario,SERVICIOS DE ALMUERZOS ADICIONALES PARA LA PRESENTACIÓN DEL POA 2022.,Proceso adjudicado y celebrado,DOP,126720.0,2021-12-17,09:00:25,No,No,Servicios,No,No,No,https://comunidad.comprasdominicana.gob.do//Public/Tendering/OpportunityDetail/Index?noticeUID=DO1.NTC.1014701
CAMARA CUENTAS-UC-CD-2021-0028,182,Camara de Cuentas de la República,Compras por Debajo del Umbral,Proceso ordinario,Adquisición de Accesorios Informáticos para uso de la institución,Cancelado,DOP,52726.0,2021-12-21,16:00:59,No,No,Bienes,No,No,No,https://comunidad.comprasdominicana.gob.do//Public/Tendering/OpportunityDetail/Index?noticeUID=DO1.NTC.1016037
AYUNT LOS ALCARRIZOS-UC-CD-2021-0098,721,Ayuntamiento Municipal de Los Alcarrizos,Compras por Debajo del Umbral,Proceso ordinario,COMPRA DE UN COLCHON DE CAMA DE HOSPITAL,Proceso adjudicado y celebrado,DOP,6000.0,2021-12-29,12:30:02,No,No,Bienes,No,No,No,https://comunidad.comprasdominicana.gob.do//Public/Tendering/OpportunityDetail/Index?noticeUID=DO1.NTC.1019308
ETED-UC-CD-2022-0003,612,Empresa de Transmisión Eléctrica Dominicana,Compras por Debajo del Umbral,Proceso ordinario,SILLAS ERGONOMICAS EJECUTIVAS,Cancelado,DOP,45000.0,2022-01-14,15:00:03,Si,No,Bienes,No,No,No,https://comunidad.comprasdominicana.gob.do//Public/Tendering/OpportunityDetail/Index?noticeUID=DO1.NTC.1028115
HRUSVP-UC-CD-2022-0007,1019,Hospital Regional Universitario San Vicente de Paul,Compras por Debajo del Umbral,Proceso ordinario,Adquisición de Gasas,Proceso adjudicado y celebrado,DOP,164240.0,2022-01-14,14:00:03,No,No,Bienes,No,No,No,https://comunidad.comprasdominicana.gob.do//Public/Tendering/OpportunityDetail/Index?noticeUID=DO1.NTC.1028113
SRSNORC-UC-CD-2022-0001,1048,SERVICIO REGIONAL DE SALUD CIBAO NORTE,Compras por Debajo del Umbral,Proceso ordinario,CONFECCION DE UNIFORMES PRA EL GRUPO GESTOR REGIONAL HEARTS,Proceso desierto,DOP,24700.0,2022-01-14,05:41:22,No,No,Bienes,No,No,No,https://comunidad.comprasdominicana.gob.do//Public/Tendering/OpportunityDetail/Index?noticeUID=DO1.NTC.1027517
HDSSD-CCC-CP-2022-0001,747,Hospital Docente SEMMA,Comparación de Precios,Proceso ordinario,ADQUISICIÓN  DE EQUIPOS PARA CARDIOLOGIA ,Proceso adjudicado y celebrado,DOP,1410000.0,2022-01-18,15:00:05,No,No,Bienes,No,No,No,https://comunidad.comprasdominicana.gob.do//Public/Tendering/OpportunityDetail/Index?noticeUID=DO1.NTC.1029925
AYUNTAMIENTO SAN P.-DAF-CM-2022-0009,682,Ayuntamiento de San Pedro de Macoris,Contratación Menor,Proceso ordinario,REMODELACION DEL PARQUE UBICADO EN LA CALLE ROMANA GONZALEZ DEL SECTOR BARRIO MEXICO,Proceso adjudicado y celebrado,DOP,378188.42,2022-01-19,15:01:10,No,No,Servicios,No,No,No,https://comunidad.comprasdominicana.gob.do//Public/Tendering/OpportunityDetail/Index?noticeUID=DO1.NTC.1030323
HGENSA-UC-CD-2022-0008,1007,Hospital Nuestra Señora de la Altagracia,Compras por Debajo del Umbral,Proceso ordinario,Adquisicion de productos de hacer imágenes diagnosticas medicas y de medicina nuclear(Dosimetros),Proceso adjudicado y celebrado,DOP,85000.0,2022-01-28,11:00:01,No,No,Bienes,No,No,No,https://comunidad.comprasdominicana.gob.do//Public/Tendering/OpportunityDetail/Index?noticeUID=DO1.NTC.1033307
OMSA-CCC-CP-2022-0002,248,Oficina Metropolitana de Servicios de Autobuses OMSA,Comparación de Precios,Proceso ordinario,SERVICIO DE ALQUILER DE 2 GRUAS y 1 CAMION DE CARGA PARA USO DE  LA INSTITUCION.,Proceso adjudicado y celebrado,DOP,4000000.0,2022-02-03,10:00:26,No,No,Servicios,No,No,No,https://comunidad.comprasdominicana.gob.do//Public/Tendering/OpportunityDetail/Index?noticeUID=DO1.NTC.1035704
HPDHG-UC-CD-2022-0048,928,Hospital Pediátrico Dr. Hugo De Mendoza (HPHM),Compras por Debajo del Umbral,Proceso ordinario,COMPRA DE CILINDRO CERRADURA,Proceso adjudicado y celebrado,DOP,13500.0,2022-02-03,11:50:03,No,No,Bienes,No,No,No,https://comunidad.comprasdominicana.gob.do//Public/Tendering/OpportunityDetail/Index?noticeUID=DO1.NTC.1036113
MIDE-CCC-CP-2022-0003,153,Ministerio de Defensa,Comparación de Precios,Proceso ordinario,Adquisición de Medicamentos.,Proceso adjudicado y celebrado,DOP,4026466.0,2022-02-09,14:00:02,No,No,Bienes,No,No,No,https://comunidad.comprasdominicana.gob.do//Public/Tendering/OpportunityDetail/Index?noticeUID=DO1.NTC.1038524
PROINDUSTRIA-UC-CD-2022-0014,677,Centro de Desarrollo y Competitividad Industrial,Compras por Debajo del Umbral,Proceso ordinario,"Servicio de dos (2) servidores redundantes en la nube para ser implementados en la solución de instalación del Software PRAXIS ERP, correspondiente al contrato CDCI-CS-226-11-2021",Proceso adjudicado y celebrado,DOP,110843.08,2022-02-09,15:54:01,No,No,Servicios,No,No,No,https://comunidad.comprasdominicana.gob.do//Public/Tendering/OpportunityDetail/Index?noticeUID=DO1.NTC.1038535
CAASD-DAF-CM-2022-0044,625,Corporación del Acueducto y Alcantarillado de Santo Domingo,Contratación Menor,Proceso ordinario,Adquisición de Manguera para el camión Hidrolimpiador Ficha No.534 la cual esta asignada a la División de Programación y Apoyo Operacional.,Proceso desierto,DOP,330973.126,2022-02-10,15:01:10,No,No,Bienes,No,No,No,https://comunidad.comprasdominicana.gob.do//Public/Tendering/OpportunityDetail/Index?noticeUID=DO1.NTC.1039026
OPTIC-UC-CD-2022-0005,703,Oficina Gubernamental de Tecnología de la Información y la Comunicación (OGTIC),Compras por Debajo del Umbral,Proceso ordinario,Adquisición de servicio de publicidad radial y televisiva,Proceso adjudicado y celebrado,DOP,150000.0,2022-02-11,11:40:03,No,No,Servicios,No,No,No,https://comunidad.comprasdominicana.gob.do//Public/Tendering/OpportunityDetail/Index?noticeUID=DO1.NTC.1039625
MIVHED-CCC-CP-2022-0002,1154,"Ministerio de la Vivienda, Hábitat y Edificaciones",Comparación de Precios,Proceso ordinario,Adquisición de Tickets de Combustibles para uso de la institución.,Proceso adjudicado y celebrado,DOP,5000000.0,2022-02-18,16:02:17,No,No,Bienes,No,No,No,https://comunidad.comprasdominicana.gob.do//Public/Tendering/OpportunityDetail/Index?noticeUID=DO1.NTC.1042547
HOSP RAMON DE LARA-UC-CD-2022-0089,151,Hospital Ramón de Lara FFAA,Compras por Debajo del Umbral,Proceso ordinario,Solicitud de cinta rotuladora ,Proceso adjudicado y celebrado,DOP,17000.0,2022-02-23,09:25:04,No,No,Bienes,No,No,No,https://comunidad.comprasdominicana.gob.do//Public/Tendering/OpportunityDetail/Index?noticeUID=DO1.NTC.1044306
AMTE-UC-CD-2022-0026,1073,Ayuntamiento Municipal de Tenares,Compras por Debajo del Umbral,Proceso ordinario,ADQUISICIÓN DE MATERIALES DE OFICINA PARA EL ÁREA DE CONTABILIDAD DEL AYUNTAMIENTO MUNICIPAL DE TENARES,Proceso adjudicado y celebrado,DOP,490.0,2022-02-28,12:04:13,No,No,Bienes,No,No,No,https://comunidad.comprasdominicana.gob.do//Public/Tendering/OpportunityDetail/Index?noticeUID=DO1.NTC.1046024
HPDHG-UC-CD-2022-0101,928,Hospital Pediátrico Dr. Hugo De Mendoza (HPHM),Compras por Debajo del Umbral,Proceso ordinario,COMPRA DE SOLUCIONES PARA CUBRIR FIN DE SEMANA,Proceso adjudicado y celebrado,DOP,141600.0,2022-03-04,11:10:03,No,No,Bienes,No,No,No,https://comunidad.comprasdominicana.gob.do//Public/Tendering/OpportunityDetail/Index?noticeUID=DO1.NTC.1048518
ERD-CCC-CP-2022-0011,171,Ejército de República Dominicana,Comparación de Precios,Proceso ordinario,ADQUISICION MATERIALES DE FERRETERIA,Proceso adjudicado y celebrado,DOP,5162428.0,2022-03-07,08:00:03,No,No,Bienes,No,No,No,https://comunidad.comprasdominicana.gob.do//Public/Tendering/OpportunityDetail/Index?noticeUID=DO1.NTC.1048901
CONAPOFA-UC-CD-2022-0087,678,Consejo Nacional de Población y Familia,Compras por Debajo del Umbral,Proceso ordinario,"Invitaciones en cartulina decorativas, botones con imagen,separadores",Proceso adjudicado y celebrado,DOP,25250.0,2022-03-07,09:20:04,No,No,Servicios,No,No,No,https://comunidad.comprasdominicana.gob.do//Public/Tendering/OpportunityDetail/Index?noticeUID=DO1.NTC.1049108
INTABACO-UC-CD-2022-0009,693,Instituto Nacional del Tabaco (INTABACO),Compras por Debajo del Umbral,Proceso ordinario,": COMPRA DE CAFÉ, AZUCAR Y CREMORA PARA SER CONSUMIDO POR LA INSTITUCION.	",Proceso adjudicado y celebrado,DOP,114956.2,2022-03-08,10:40:03,No,No,Bienes,No,No,No,https://comunidad.comprasdominicana.gob.do//Public/Tendering/OpportunityDetail/Index?noticeUID=DO1.NTC.1050006
ASDN-CCC-CP-2022-0002,614,Ayuntamiento Santo Domingo Norte,Comparación de Precios,Proceso ordinario,ADQUISICION DE FUNDAS PLASTICAS PARA RECOJIDA DESECHO SOLIDO,Proceso adjudicado y celebrado,DOP,5250000.0,2022-03-14,15:15:05,Si,No,Bienes,No,No,No,https://comunidad.comprasdominicana.gob.do//Public/Tendering/OpportunityDetail/Index?noticeUID=DO1.NTC.1052441
CAASD-UC-CD-2022-0075,625,Corporación del Acueducto y Alcantarillado de Santo Domingo,Compras por Debajo del Umbral,Proceso ordinario,Adquisición de  juntas Dresser de Ø30” en acero de GRP con perímetro de 242.7cm. para corrección de averías en Ciudad Juan Bosch.,Proceso adjudicado y celebrado,DOP,160008.0,2022-03-15,17:00:23,No,No,Bienes,No,No,No,https://comunidad.comprasdominicana.gob.do//Public/Tendering/OpportunityDetail/Index?noticeUID=DO1.NTC.1052747
MMUJER-UC-CD-2022-0071,174,Ministerio de la Mujer,Compras por Debajo del Umbral,Proceso ordinario,"Servicio de refrigerio y almuerzo para los encuentros de padres, madres y/o tutores de multiplicadores/as del Segundo Grupo de los Liceos: Eugenio M. de Hostos, Ramon E. Jiménez, Fe y Alegría y Pedro",Proceso adjudicado y celebrado,DOP,132573.0,2022-03-15,12:03:47,Si,Si,Servicios,No,No,No,https://comunidad.comprasdominicana.gob.do//Public/Tendering/OpportunityDetail/Index?noticeUID=DO1.NTC.1052720
INESPRE-DAF-CM-2022-0020,633,Instituto Estabilización de Precios,Contratación Menor,Proceso ordinario,Adquisición de Freezer Horizontales,Proceso adjudicado y celebrado,DOP,1234200.0,2022-03-15,15:25:04,No,No,Bienes,No,No,No,https://comunidad.comprasdominicana.gob.do//Public/Tendering/OpportunityDetail/Index?noticeUID=DO1.NTC.1052543
ITLA-DAF-CM-2022-0010,684,Instituto Tecnológico de las Américas,Contratación Menor,Proceso ordinario,Adquisición de Filamentos para Impresión de Sockets de Prótesis del Instituto Tecnológico de Las Américas (ITLA).,Proceso adjudicado y celebrado,DOP,410000.0,2022-03-17,12:04:40,No,No,Bienes,No,No,No,https://comunidad.comprasdominicana.gob.do//Public/Tendering/OpportunityDetail/Index?noticeUID=DO1.NTC.1054015
JDSO-CCC-CP-2022-0004,1089,Junta Distrital Santiago Oeste,Comparación de Precios,Proceso ordinario,COMPRA CARRO FUNEBRE,Proceso adjudicado y celebrado,DOP,2600000.0,2022-03-18,14:01:10,No,No,Bienes,No,No,No,https://comunidad.comprasdominicana.gob.do//Public/Tendering/OpportunityDetail/Index?noticeUID=DO1.NTC.1054431
Inst. Nac. de Cancer-DAF-CM-2022-0074,876,Instituto Nacional de Cancer 'Rosa E. Tavares',Contratación Menor,Proceso ordinario,'SERVICIO DE MANTENIMIENTO PREVENTIVO/CORRECTIVO DE SISTEMA DE AIRES ACONDICIONADOS DE LOS QUIRÓFANOS DEL INCART. ,Proceso adjudicado y celebrado,DOP,180000.0,2022-03-23,15:30:07,No,No,Servicios,No,No,No,https://comunidad.comprasdominicana.gob.do//Public/Tendering/OpportunityDetail/Index?noticeUID=DO1.NTC.1056237
INTRANT-CCC-CP-2022-0005,249,Instituto Nacional de Transito y Transporte Terrestre,Comparación de Precios,Proceso ordinario,Servicio de Contratación de Empresa Suplidora  Alimentos ,Proceso adjudicado y celebrado,DOP,2600001.0,2022-03-29,11:00:19,No,No,Servicios,No,No,No,https://comunidad.comprasdominicana.gob.do//Public/Tendering/OpportunityDetail/Index?noticeUID=DO1.NTC.1058808
DGAP-CCC-PEPB-2022-0024,223,Dirección General de Aduanas y Puertos,Procesos de Excepción,Publicidad,Servicio de Publicidad Institucional ,Proceso adjudicado y celebrado,DOP,88500.0,2022-04-07,15:03:13,No,No,Servicios,No,No,No,https://comunidad.comprasdominicana.gob.do//Public/Tendering/OpportunityDetail/Index?noticeUID=DO1.NTC.1062737
ONE-CCC-PEEX-2022-0001,218,Oficina Nacional de Estadísticas,Procesos de Excepción,Exclusividad,ALQUILER DE LOCAL -ALMACEN PARA HABILITACIÓN DE CENTRO DE OPERACIONES LOGISTICAS DEL X CENSO NACIONAL DE POBLACION Y VIVIENDA.,Proceso adjudicado y celebrado,DOP,10000000.0,2022-04-07,10:02:53,No,No,Servicios,No,No,No,https://comunidad.comprasdominicana.gob.do//Public/Tendering/OpportunityDetail/Index?noticeUID=DO1.NTC.1062705
SISALRIL-CCC-CP-2022-0002,591,Superintendencia de Salud y Riesgos Laborales,Comparación de Precios,Proceso ordinario,Servicio de Transporte,Proceso adjudicado y celebrado,DOP,5000000.0,2022-04-11,16:01:47,No,No,Servicios,No,No,No,https://comunidad.comprasdominicana.gob.do//Public/Tendering/OpportunityDetail/Index?noticeUID=DO1.NTC.1064051
SIPEN-UC-CD-2022-0031,674,Superintendencia de Pensiones,Compras por Debajo del Umbral,Proceso ordinario,"Renovación Certificado SSL, para el Dominio Correspondiente a la Escuela Previsional SIPEN.",Proceso adjudicado y celebrado,DOP,11500.0,2022-04-19,15:15:05,No,No,Servicios,No,No,No,https://comunidad.comprasdominicana.gob.do//Public/Tendering/OpportunityDetail/Index?noticeUID=DO1.NTC.1067335
CONALECHE-DAF-CM-2022-0008,889,Consejo Nac Reglamentación y Fomento Industria Lechera,Contratación Menor,Proceso ordinario,Solicituid de asesor tecnico,Cancelado,DOP,750000.0,2022-04-22,14:02:48,No,No,Bienes,No,No,No,https://comunidad.comprasdominicana.gob.do//Public/Tendering/OpportunityDetail/Index?noticeUID=DO1.NTC.1069034
DPP-UC-CD-2022-0016,1156,Dirección de Prensa del Presidente,Compras por Debajo del Umbral,Proceso ordinario,ADQUISICION UTENSILIO DE COCINA PARA SER UTILIZADO EN ESTA INSTITUCION,Cancelado,DOP,30000.0,2022-04-25,11:20:04,No,No,Bienes,No,No,No,https://comunidad.comprasdominicana.gob.do//Public/Tendering/OpportunityDetail/Index?noticeUID=DO1.NTC.1069614
IDAC-CCC-CP-2022-0004,559,Instituto Dominicano de Aviación Civíl,Comparación de Precios,Proceso ordinario,ADQUISICIÓN DE SWITCH Y ROUTER PARA ENLACE DE FIBRA OPTICA DEL AEROPUERTO INT. DE PUNTA CANA,Proceso adjudicado y celebrado,DOP,4900000.0,2022-04-26,15:00:51,No,No,Bienes,No,No,No,https://comunidad.comprasdominicana.gob.do//Public/Tendering/OpportunityDetail/Index?noticeUID=DO1.NTC.1070154
SDS-DAF-CM-2022-0014,895,Superintendencia de Seguros,Contratación Menor,Proceso ordinario,CONTRATACION DE SERVICIOS DE ALQUILER DE LOCAL,Proceso adjudicado y celebrado,DOP,396720.0,2022-04-28,11:03:21,No,No,Servicios,No,No,No,https://comunidad.comprasdominicana.gob.do//Public/Tendering/OpportunityDetail/Index?noticeUID=DO1.NTC.1071021
PRO CONSUMIDOR-UC-CD-2022-0029,636,Instituto Nacional de Protección de los Derechos del Consumidor,Compras por Debajo del Umbral,Proceso ordinario,Adquisición de Radios Digitales para uso del área de Seguridad,Proceso adjudicado y celebrado,DOP,138480.0,2022-04-29,13:14:05,No,No,Bienes,No,No,No,https://comunidad.comprasdominicana.gob.do//Public/Tendering/OpportunityDetail/Index?noticeUID=DO1.NTC.1072025
CDEEE-CCC-CP-2022-0009,577,Corporación Dominicana de Empresas Eléctricas Estatales,Comparación de Precios,Proceso ordinario,"Adquisición de Materiales Filtrantes Arena y Antracita, para la Planta de Tratamiento de Agua de la Central Termoeléctrica Punta Catalina (CTPC)",Sobres abiertos o aperturados,DOP,3251748.0,2022-05-06,09:30:02,No,No,Bienes,No,No,No,https://comunidad.comprasdominicana.gob.do//Public/Tendering/OpportunityDetail/Index?noticeUID=DO1.NTC.1074405
CORAMON-UC-CD-2022-0113,1085,Corporación de Acueducto y Alcantarillado de Monseñor Nouel,Compras por Debajo del Umbral,Proceso ordinario,Adquisición de Equipos para Cocina ,Proceso adjudicado y celebrado,DOP,14186.35,2022-05-11,11:02:33,No,No,Bienes,No,No,No,https://comunidad.comprasdominicana.gob.do//Public/Tendering/OpportunityDetail/Index?noticeUID=DO1.NTC.1076011
DCD-DAF-CM-2022-0018,904,Defensa Civil Dominicana,Contratación Menor,Proceso ordinario,"Hospedaje para 50 personas en Hotel que participaran en el ""Foro Internacional de Cambio Climático y Gestión de Riesgos"", para los días 20 y 21 de mayo del 2022",Proceso adjudicado y celebrado,DOP,380000.0,2022-05-12,16:47:03,No,No,Servicios,No,No,No,https://comunidad.comprasdominicana.gob.do//Public/Tendering/OpportunityDetail/Index?noticeUID=DO1.NTC.1077034
HOSP RAMON DE LARA-DAF-CM-2022-0069,151,Hospital Ramón de Lara FFAA,Contratación Menor,Proceso ordinario,Solicitud de Juegos de Sabanas. ,Proceso adjudicado y celebrado,DOP,630000.0,2022-05-20,09:20:03,No,No,Bienes,No,No,No,https://comunidad.comprasdominicana.gob.do//Public/Tendering/OpportunityDetail/Index?noticeUID=DO1.NTC.1080304
DIGEPRES-UC-CD-2022-0046,217,Dirección General de Presupuesto,Compras por Debajo del Umbral,Proceso ordinario,ADQUISICIÓN DE  AGUA PURIFICADA  EN BOTELLÓN  PARA USO DE DIGEPRES,Proceso adjudicado y celebrado,DOP,70000.0,2022-05-23,15:30:01,No,No,Bienes,No,No,No,https://comunidad.comprasdominicana.gob.do//Public/Tendering/OpportunityDetail/Index?noticeUID=DO1.NTC.1080943
INDOTEL-UC-CD-2022-0162,548,Instituto Dominicano de las Telecomunicaciones,Compras por Debajo del Umbral,Proceso ordinario,"Mantenimiento de los 258,522 Kms para el vehículo Isuzu Dmax 4x4, placa L-309691, año 2012, color Gris Chasis:MPATFS85HCH502547",Proceso adjudicado y celebrado,DOP,135500.0,2022-05-24,11:15:04,No,No,Servicios,No,No,No,https://comunidad.comprasdominicana.gob.do//Public/Tendering/OpportunityDetail/Index?noticeUID=DO1.NTC.1081522
TESORERIA NACIONAL-DAF-CM-2022-0015,222,Tesorería Nacional,Contratación Menor,Proceso ordinario,ADQUISICION DE 10 BANNER  PARA SER USADOS EN LA INSTITUCION.,Proceso adjudicado y celebrado,DOP,310000.0,2022-06-03,15:45:29,No,No,Bienes,No,No,No,https://comunidad.comprasdominicana.gob.do//Public/Tendering/OpportunityDetail/Index?noticeUID=DO1.NTC.1086667
AYUNTAMIENTO STGO-DAF-CM-2022-0047,731,Ayuntamiento Santiago de los Caballeros,Contratación Menor,Proceso ordinario,ADQUISICIÓN DE LUBRICANTES PARA FLOTILLA VEHICULAR DE LA INSTITUCIÓN  ,Proceso adjudicado y celebrado,DOP,799523.0,2022-06-06,16:04:20,No,No,Bienes,No,No,No,https://comunidad.comprasdominicana.gob.do//Public/Tendering/OpportunityDetail/Index?noticeUID=DO1.NTC.1087143
HMRA-UC-CD-2022-0435,978,Hospital Materno Dr. Reynaldo Almanzar,Compras por Debajo del Umbral,Proceso ordinario,CONTROLES DE QUIMICA ,Proceso adjudicado y celebrado,DOP,24895.2,2022-06-14,14:20:36,No,No,Bienes,No,No,No,https://comunidad.comprasdominicana.gob.do//Public/Tendering/OpportunityDetail/Index?noticeUID=DO1.NTC.1090631
DGCD-UC-CD-2022-0047,202,Comunidad Digna,Compras por Debajo del Umbral,Proceso ordinario,compra de material de limpieza para uso institucional,Proceso adjudicado y celebrado,DOP,164799.18,2022-06-20,14:55:03,No,No,Bienes,No,No,No,https://comunidad.comprasdominicana.gob.do//Public/Tendering/OpportunityDetail/Index?noticeUID=DO1.NTC.1092718
HPDHG-DAF-CM-2022-0149,928,Hospital Pediátrico Dr. Hugo De Mendoza (HPHM),Contratación Menor,Proceso ordinario,SERVICIO DE COPIAS EN IMPRESIONES ,Proceso adjudicado y celebrado,DOP,195000.0,2022-06-27,15:30:07,No,No,Servicios,No,No,No,https://comunidad.comprasdominicana.gob.do//Public/Tendering/OpportunityDetail/Index?noticeUID=DO1.NTC.1095623
MIP-CCC-CP-2022-0006,141,Ministerio de Interior y Policía,Comparación de Precios,Proceso ordinario,"SERVICIOS DE ALQUILER DE VEHICULOS (MINIBUS, AUTOBUSES Y VEHICULOS DE ALTA GAMA)",Proceso adjudicado y celebrado,DOP,2000000.32,2022-06-27,14:00:02,No,No,Servicios,No,No,No,https://comunidad.comprasdominicana.gob.do//Public/Tendering/OpportunityDetail/Index?noticeUID=DO1.NTC.1095329
UAF-UC-CD-2022-0017,901,Unidad de Análisis Financiero,Compras por Debajo del Umbral,Proceso ordinario,Adquisición de arreglo floral,Proceso adjudicado y celebrado,DOP,5782.0,2022-06-28,16:05:31,No,No,Bienes,No,No,No,https://comunidad.comprasdominicana.gob.do//Public/Tendering/OpportunityDetail/Index?noticeUID=DO1.NTC.1095840
HMRA-UC-CD-2022-0487,978,Hospital Materno Dr. Reynaldo Almanzar,Compras por Debajo del Umbral,Proceso ordinario,PRUEBAS MICROBIOLOGICAS,Proceso adjudicado y celebrado,DOP,5500.0,2022-06-28,14:25:03,No,No,Bienes,No,No,No,https://comunidad.comprasdominicana.gob.do//Public/Tendering/OpportunityDetail/Index?noticeUID=DO1.NTC.1095825
Bomberos D.N.-CCC-CP-2022-0003,267,"Cuerpo de Bomberos de Santo Domingo, D.N.",Comparación de Precios,Proceso ordinario,"COMPRAS DE INSUMOS DE RACIONES ALIMENTICIAS CORRESP, (06) MESES JULIO -DICIEMBRE",Proceso adjudicado y celebrado,DOP,4272840.0,2022-07-04,12:02:22,No,No,Bienes,No,No,No,https://comunidad.comprasdominicana.gob.do//Public/Tendering/OpportunityDetail/Index?noticeUID=DO1.NTC.1098617
IIBI-UC-CD-2022-0138,694,Instituto de Innovación en Biotecnología e Industria,Compras por Debajo del Umbral,Proceso ordinario,LLENADO DE TANQUE DE NITROGENO DE ALTA PUREZA PARA USO DEL LABORATORIO DE CROMATOGRAFIA DE LA INSTITUCION.,Proceso adjudicado y celebrado,DOP,12000.0,2022-07-19,16:45:00,No,No,Servicios,No,No,No,https://comunidad.comprasdominicana.gob.do//Public/Tendering/OpportunityDetail/Index?noticeUID=DO1.NTC.1105245
DGM-DAF-CM-2022-0036,143,Dirección General de Migración,Contratación Menor,Proceso ordinario,"COMPRA DE MATERIALES DE REPUESTOS, PARA SER UTILIZADOS EN DIFERENTES VEHÍCULOS DE ESTA DGM, PROCESO DIRIGIDO A MIPYMES MUJER.",Proceso adjudicado y celebrado,DOP,988310.0,2022-07-21,09:30:02,Si,Si,Bienes,No,No,No,https://comunidad.comprasdominicana.gob.do//Public/Tendering/OpportunityDetail/Index?noticeUID=DO1.NTC.1106405
LMD-UC-CD-2022-0159,828,Liga Municipal Dominicana,Compras por Debajo del Umbral,Proceso ordinario,ALQUILER DE SILLAS Y LONAS,Proceso adjudicado y celebrado,DOP,18600.0,2022-07-22,14:40:05,No,No,Servicios,No,No,No,https://comunidad.comprasdominicana.gob.do//Public/Tendering/OpportunityDetail/Index?noticeUID=DO1.NTC.1106629
SRSN-DAF-CM-2022-0018,980,Servicio Regional de Salud Cibao Nordeste,Contratación Menor,Proceso ordinario,SERVICIO DE MANTENIMIENTO CON PIEZAS INCLUIDA PARA LA FLOTILLA DE ESTE SERVICIO REGIONAL DE SALUD NORDESTE,Proceso adjudicado y celebrado,DOP,850000.0,2022-07-29,16:30:02,No,No,Servicios,No,No,No,https://comunidad.comprasdominicana.gob.do//Public/Tendering/OpportunityDetail/Index?noticeUID=DO1.NTC.1111134
HRJPP-UC-CD-2022-0165,1091,Hospital Regional Juan Pablo Pina,Compras por Debajo del Umbral,Proceso ordinario,MEDICAMENTOS,Proceso adjudicado y celebrado,DOP,160200.0,2022-08-03,11:10:06,No,No,Bienes,No,No,No,https://comunidad.comprasdominicana.gob.do//Public/Tendering/OpportunityDetail/Index?noticeUID=DO1.NTC.1112614
MIDEREC-DAF-CM-2022-0046,225,"Ministerio de Deportes, Educación Física y Recreación",Contratación Menor,Proceso ordinario,"Adquisición de bombas de agua y tinacos para el uso de diferentes áreas del Centro Olímpico Juan Pablo Duarte, DIRIGIDO A MIPYMES.",Proceso desierto,DOP,410000.0,2022-08-04,12:40:02,Si,No,Bienes,No,No,No,https://comunidad.comprasdominicana.gob.do//Public/Tendering/OpportunityDetail/Index?noticeUID=DO1.NTC.1113217
COREPOL-DAF-CM-2022-0007,152,Comité de Retiro de la Policia Nacional,Contratación Menor,Proceso ordinario,SOLICITUD COMPRA UTILES DE ESCRITORIO OFICINA E INFORMATICA.,Proceso adjudicado y celebrado,DOP,1081968.61,2022-08-09,08:00:05,Si,No,Bienes,No,No,No,https://comunidad.comprasdominicana.gob.do//Public/Tendering/OpportunityDetail/Index?noticeUID=DO1.NTC.1115101
HOSPNEYARIAS-DAF-CM-2022-0391,862,Hospital Traumatológico Dr. Ney Arias Lora,Contratación Menor,Proceso ordinario,INSUMOS LABORATORIO,Proceso adjudicado y celebrado,DOP,245650.0,2022-08-18,14:15:03,No,No,Bienes,No,No,No,https://comunidad.comprasdominicana.gob.do//Public/Tendering/OpportunityDetail/Index?noticeUID=DO1.NTC.1118636
HOSPNEYARIAS-DAF-CM-2022-0399,862,Hospital Traumatológico Dr. Ney Arias Lora,Contratación Menor,Proceso ordinario,LECHES,Proceso adjudicado y celebrado,DOP,168000.0,2022-08-22,13:03:04,No,No,Bienes,No,No,No,https://comunidad.comprasdominicana.gob.do//Public/Tendering/OpportunityDetail/Index?noticeUID=DO1.NTC.1119820
CONALECHE-UC-CD-2022-0244,889,Consejo Nac Reglamentación y Fomento Industria Lechera,Compras por Debajo del Umbral,Proceso ordinario,Corona de flores,Proceso adjudicado y celebrado,DOP,14500.0,2022-08-22,14:45:06,No,No,Bienes,No,No,No,https://comunidad.comprasdominicana.gob.do//Public/Tendering/OpportunityDetail/Index?noticeUID=DO1.NTC.1120325
MERCADOM-DAF-CM-2022-0036,1006,Mercados Dominicanos de Abasto Agropecuario,Contratación Menor,Proceso ordinario,SERVICIO DE COMIDA EMPRESARIAL ADM,Proceso adjudicado y celebrado,DOP,1000000.0,2022-08-24,09:15:01,No,No,Servicios,No,No,No,https://comunidad.comprasdominicana.gob.do//Public/Tendering/OpportunityDetail/Index?noticeUID=DO1.NTC.1121407
IIBI-UC-CD-2022-0183,694,Instituto de Innovación en Biotecnología e Industria,Compras por Debajo del Umbral,Proceso ordinario,COMPRA DE MOBILIARIO DE OFICINA PARA USO DEL DEPARTAMENTO DE DIRECCION DE INVESTIGACION E INNOVACION DE LA INSTITUCION.,Proceso adjudicado y celebrado,DOP,115000.0,2022-08-29,13:01:48,No,No,Bienes,No,No,No,https://comunidad.comprasdominicana.gob.do//Public/Tendering/OpportunityDetail/Index?noticeUID=DO1.NTC.1123318
HRJPP-UC-CD-2022-0206,1091,Hospital Regional Juan Pablo Pina,Compras por Debajo del Umbral,Proceso ordinario,MATERIAL MEDICO GASTABLES,Proceso adjudicado y celebrado,DOP,9900.0,2022-08-30,09:35:04,No,No,Bienes,No,No,No,https://comunidad.comprasdominicana.gob.do//Public/Tendering/OpportunityDetail/Index?noticeUID=DO1.NTC.1123903
COREPOL-DAF-CM-2022-0014,152,Comité de Retiro de la Policia Nacional,Contratación Menor,Proceso ordinario,SERVICIO DESMONTE Y COLOCACION DE MEMBRANAS.,Proceso adjudicado y celebrado,DOP,356310.0,2022-09-07,15:03:20,No,No,Servicios,No,No,No,https://comunidad.comprasdominicana.gob.do//Public/Tendering/OpportunityDetail/Index?noticeUID=DO1.NTC.1127538
INABIMA-UC-CD-2022-0056,812,Instituto Nacional de Bienestar Magisterial,Compras por Debajo del Umbral,Proceso ordinario,Contratación de empresa para la adquisición e instalación de bisagra hidráulica para puerta flotantes de cristal de la Sede Central del INABIMA,Proceso adjudicado y celebrado,DOP,13000.0,2022-09-07,15:30:05,No,No,Servicios,No,No,No,https://comunidad.comprasdominicana.gob.do//Public/Tendering/OpportunityDetail/Index?noticeUID=DO1.NTC.1127541
HFMP-UC-CD-2022-0061,1062,"Hospital Docente Universitario Doctor Francisco E, Moscoso Puello",Compras por Debajo del Umbral,Proceso ordinario,IMPRESOS (RECETARIOS SEPTIEMBRE 2022),Proceso adjudicado y celebrado,DOP,142000.0,2022-09-12,08:00:54,No,No,Bienes,No,No,No,https://comunidad.comprasdominicana.gob.do//Public/Tendering/OpportunityDetail/Index?noticeUID=DO1.NTC.1128802
MIMARENA-DAF-CM-2022-0090,260,Ministerio de Medio Ambiente,Contratación Menor,Proceso ordinario,Adquisición de Mobiliario para la readecuación de la Dirección de Tecnología,Proceso adjudicado y celebrado,DOP,1230000.0,2022-09-20,18:00:06,Si,No,Bienes,No,No,No,https://comunidad.comprasdominicana.gob.do//Public/Tendering/OpportunityDetail/Index?noticeUID=DO1.NTC.1132455
VPRD-UC-CD-2022-0058,1043,Vicepresidencia de la República Dominicana,Compras por Debajo del Umbral,Proceso ordinario,Adquisición de enmarcado de Virgen para el área del despacho de la Vicepresidencia de la República Dominicana,Proceso adjudicado y celebrado,DOP,8079.55,2022-09-20,17:01:08,No,No,Bienes,No,No,No,https://comunidad.comprasdominicana.gob.do//Public/Tendering/OpportunityDetail/Index?noticeUID=DO1.NTC.1132747
MISPAS-MAE-PEEN-2022-0001,240,Ministerio de Salud Pública y Asistencia Social,Procesos de Excepción,Emergencia,ADQUISICION DE COMBUSTIBLE,Proceso adjudicado y celebrado,DOP,2500000.0,2022-09-22,17:40:05,No,No,Bienes,Si,No,No,https://comunidad.comprasdominicana.gob.do//Public/Tendering/OpportunityDetail/Index?noticeUID=DO1.NTC.1133654
DGII-UC-CD-2022-0190,224,Dirección General Impuestos Internos,Compras por Debajo del Umbral,Proceso ordinario,Reparación de módulo de transferencia automática (Transfer) del Centro de Transacciones Múltiples Lope de Vega,Proceso adjudicado y celebrado,DOP,13500.0,2022-09-26,14:15:01,No,No,Servicios,No,No,No,https://comunidad.comprasdominicana.gob.do//Public/Tendering/OpportunityDetail/Index?noticeUID=DO1.NTC.1134832
HSLM-UC-CD-2022-0123,1069,Hospital Materno Infantil San Lorenzo de Los Minas,Compras por Debajo del Umbral,Proceso ordinario,VEGETALEA 9.1,Proceso adjudicado y celebrado,DOP,129050.0,2022-09-29,17:00:01,No,No,Bienes,No,No,No,https://comunidad.comprasdominicana.gob.do//Public/Tendering/OpportunityDetail/Index?noticeUID=DO1.NTC.1136749
ETED-UC-CD-2022-0162,612,Empresa de Transmisión Eléctrica Dominicana,Compras por Debajo del Umbral,Proceso ordinario,"SERVICIO DE COPIADO, IMPRESIONES Y ENCUADERNACIONES. ",Proceso adjudicado y celebrado,DOP,130000.0,2022-09-29,09:00:08,No,No,Servicios,No,No,No,https://comunidad.comprasdominicana.gob.do//Public/Tendering/OpportunityDetail/Index?noticeUID=DO1.NTC.1137003
IAD-UC-CD-2022-0088,724,Instituto Agrario Dominicano,Compras por Debajo del Umbral,Proceso ordinario,Servicio de mantenimiento preventivo para vehículos de la institución fuera de garantía. ,Proceso adjudicado y celebrado,DOP,164981.0,2022-09-29,15:40:39,No,No,Servicios,No,No,No,https://comunidad.comprasdominicana.gob.do//Public/Tendering/OpportunityDetail/Index?noticeUID=DO1.NTC.1136631
DGCP-UC-CD-2022-0084,7,Dirección General de Contrataciones Públicas,Compras por Debajo del Umbral,Proceso ordinario,Adquisicion y mantenimiento de extintores ,Proceso adjudicado y celebrado,DOP,131500.0,2022-09-30,15:30:06,No,No,Servicios,No,No,No,https://comunidad.comprasdominicana.gob.do//Public/Tendering/OpportunityDetail/Index?noticeUID=DO1.NTC.1137324
APORDOM-UC-CD-2022-0086,687,APORDOM (Autoridad Portuaria Dominicana),Compras por Debajo del Umbral,Proceso ordinario,CONTRATACIÓN DE SERVICIO DE MAESTRÍA DE CEREMONIA PARA ENTREGA DE RECONOCIMIENTO DE APORDOM,Proceso adjudicado y celebrado,DOP,150000.0,2022-09-30,15:20:01,No,No,Servicios,No,No,No,https://comunidad.comprasdominicana.gob.do//Public/Tendering/OpportunityDetail/Index?noticeUID=DO1.NTC.1137441
AYUNTAMIENTO SAN P.-CCC-LPN-2022-0001,682,Ayuntamiento de San Pedro de Macoris,Licitación Pública Nacional,Proceso ordinario,"ADQUISICION DE UNA (1) MOTONIVELADORA CON CUCHILLA (GREDAR) Y UNA (1) RETROEXCAVADORA CON BRAZO ESTÁNDAR, A DISPOSICION DEL AYUNTAMIENTO DEL MUNICIPIO DE SAN PEDRO DE MACORIS",Proceso adjudicado y celebrado,DOP,19000000.0,2022-10-10,16:02:41,No,No,Bienes,No,No,No,https://comunidad.comprasdominicana.gob.do//Public/Tendering/OpportunityDetail/Index?noticeUID=DO1.NTC.1141062
MINPRE-DAF-CM-2022-0021,197,Ministerio de la Presidencia,Contratación Menor,Proceso ordinario,Adquisición de Mobiliario,Proceso adjudicado y celebrado,DOP,421729.57,2022-10-12,12:04:29,No,No,Bienes,No,No,No,https://comunidad.comprasdominicana.gob.do//Public/Tendering/OpportunityDetail/Index?noticeUID=DO1.NTC.1142024
DGAP-CCC-PEPB-2022-0117,223,Dirección General de Aduanas y Puertos,Procesos de Excepción,Publicidad,Servicio de Publicidad Institucional ,Proceso adjudicado y celebrado,DOP,88500.0,2022-10-14,16:04:22,No,No,Servicios,No,No,No,https://comunidad.comprasdominicana.gob.do//Public/Tendering/OpportunityDetail/Index?noticeUID=DO1.NTC.1143242
MMUJER-DAF-CM-2022-0113,174,Ministerio de la Mujer,Contratación Menor,Proceso ordinario,"SERVICIO DE HOSPEDAJE, CON DESAYUNO, CENA Y REFRIGERIO PARA EL PERSONAL QUE PARTICIPARÁ EN LA CAMPAÑA DE PREVENCIÓN “VIVIR SIN VIOLENCIA ES POSIBLE” A SER REALIZADA EN LA REGIÓN NOROESTE DEL PAIS.",Proceso adjudicado y celebrado,DOP,900000.0,2022-10-19,16:03:58,No,No,Servicios,No,No,No,https://comunidad.comprasdominicana.gob.do//Public/Tendering/OpportunityDetail/Index?noticeUID=DO1.NTC.1145146
MIP-DAF-CM-2022-0300,141,Ministerio de Interior y Policía,Contratación Menor,Proceso ordinario,Adquisición de Quinientos (500) Empaques de Alimentos Crudos que serán utilizados en actividades propias del Plan de Seguridad Ciudadana “Mi País Seguro” de este Ministerio,Proceso adjudicado y celebrado,DOP,943650.0,2022-10-19,12:07:41,Si,No,Bienes,No,No,No,https://comunidad.comprasdominicana.gob.do//Public/Tendering/OpportunityDetail/Index?noticeUID=DO1.NTC.1145521
EGEHID-CCC-CP-2022-0046,580,Empresa de Generación Hidroélectrica Dominicana,Comparación de Precios,Proceso ordinario,"Construcción de Camino  la Jina- El Morro, Municipio Tavera, Provincia  la Vega Rep- Domincana ",Proceso adjudicado y celebrado,DOP,81167806.96,2022-10-19,17:01:17,No,No,Obras,No,No,No,https://comunidad.comprasdominicana.gob.do//Public/Tendering/OpportunityDetail/Index?noticeUID=DO1.NTC.1145239
ADESS-UC-CD-2022-0187,208,Administradora de Subsidios Sociales,Compras por Debajo del Umbral,Proceso ordinario,SOLICITUD DE IMPRESION DE FOTOS DE VERIFICAION DE COMERCIOS,Proceso adjudicado y celebrado,DOP,18720.0,2022-10-20,12:15:03,No,No,Servicios,No,No,No,https://comunidad.comprasdominicana.gob.do//Public/Tendering/OpportunityDetail/Index?noticeUID=DO1.NTC.1145926
HSLM-UC-CD-2022-0185,1069,Hospital Materno Infantil San Lorenzo de Los Minas,Compras por Debajo del Umbral,Proceso ordinario,FRASCOS ESTERILES,Proceso adjudicado y celebrado,DOP,15000.0,2022-10-20,11:30:03,No,No,Bienes,No,No,No,https://comunidad.comprasdominicana.gob.do//Public/Tendering/OpportunityDetail/Index?noticeUID=DO1.NTC.1145814
AGRICULTURA-DAF-CM-2022-0177,226,Ministerio de Agricultura,Contratación Menor,Proceso ordinario,ADQUISICION DE ALIMENTOS PARA VACAS,Proceso adjudicado y celebrado,DOP,245970.0,2022-10-21,16:04:46,No,No,Bienes,No,No,No,https://comunidad.comprasdominicana.gob.do//Public/Tendering/OpportunityDetail/Index?noticeUID=DO1.NTC.1146352
INAPA-CCC-PEPU-2022-0013,635,Instituto Nacional de Aguas Potables y Alcantarillados,Procesos de Excepción,Proveedor único,"RENOVACION ALQUILER DE UN LOCAL COMERCIAL EN EL MUNICIPIO LAS TERRENAS, PROVINCIA SAMANA, POR UN PERIODO DE 2 AÑOS",Proceso adjudicado y celebrado,DOP,1082400.0,2022-10-24,11:01:50,No,No,Servicios,No,No,No,https://comunidad.comprasdominicana.gob.do//Public/Tendering/OpportunityDetail/Index?noticeUID=DO1.NTC.1147015
CULTURA-UC-CD-2022-0229,259,Ministerio de Cultura,Compras por Debajo del Umbral,Proceso ordinario,REPARACION DE BAÑOS DEL MUSEO DE LA FORTALEZA DE SANTO DOMINGO,Proceso adjudicado y celebrado,DOP,122000.0,2022-10-28,09:55:04,No,No,Servicios,No,No,No,https://comunidad.comprasdominicana.gob.do//Public/Tendering/OpportunityDetail/Index?noticeUID=DO1.NTC.1149412
HFMP-UC-CD-2022-0195,1062,"Hospital Docente Universitario Doctor Francisco E, Moscoso Puello",Compras por Debajo del Umbral,Proceso ordinario,MEDICAMENTOS (CEFTRIAXONA),Proceso adjudicado y celebrado,DOP,160000.0,2022-10-31,15:40:03,No,No,Bienes,No,No,No,https://comunidad.comprasdominicana.gob.do//Public/Tendering/OpportunityDetail/Index?noticeUID=DO1.NTC.1150048
FAD-UC-CD-2022-0186,173,Fuerza Aérea Dominicana,Compras por Debajo del Umbral,Proceso ordinario,Adquisición Prendas Militares,Proceso adjudicado y celebrado,DOP,141270.0,2022-11-02,17:10:05,No,No,Bienes,No,No,No,https://comunidad.comprasdominicana.gob.do//Public/Tendering/OpportunityDetail/Index?noticeUID=DO1.NTC.1151552
Hosp. Juan Bosch-UC-CD-2022-0287,945,Hospital Traumatológico y Quirúrgico del Cibao Central Juan Bosch,Compras por Debajo del Umbral,Proceso ordinario,COMPRA DE KIT REACTIVOS DETERGENTES A Y B MAQUINA URIT 1280.,Cancelado,DOP,129750.0,2022-11-03,11:40:03,No,No,Bienes,No,No,No,https://comunidad.comprasdominicana.gob.do//Public/Tendering/OpportunityDetail/Index?noticeUID=DO1.NTC.1151916
ERD-DAF-CM-2022-0177,171,Ejército de República Dominicana,Contratación Menor,Proceso ordinario,ADQUISICIÓN DE MALLA CICLÓNICA Y MATERIALES PARA USO EN DIFERENTES UNIDADES DE ESTA INSTITUCIÓN.,Proceso adjudicado y celebrado,DOP,1096751.0,2022-11-07,08:02:38,No,No,Bienes,No,No,No,https://comunidad.comprasdominicana.gob.do//Public/Tendering/OpportunityDetail/Index?noticeUID=DO1.NTC.1153105
CORAABO-UC-CD-2022-0085,832,Corporación de Acueducto y Alcantarillado del Municipio de Boca Chica,Compras por Debajo del Umbral,Proceso ordinario,"GOMAS PARA EL CAMIÓN CISTERNA DE LA INSTITUCIÓN, PLACA No. X476850",Proceso adjudicado y celebrado,DOP,35800.0,2022-11-08,12:30:01,No,No,Bienes,No,No,No,https://comunidad.comprasdominicana.gob.do//Public/Tendering/OpportunityDetail/Index?noticeUID=DO1.NTC.1153721
AGRICULTURA-DAF-CM-2022-0193,226,Ministerio de Agricultura,Contratación Menor,Proceso ordinario,Contratación de consultoría.,Cancelado,DOP,1064360.0,2022-11-08,12:01:59,No,No,Servicios,No,No,No,https://comunidad.comprasdominicana.gob.do//Public/Tendering/OpportunityDetail/Index?noticeUID=DO1.NTC.1153418
HGDVC-UC-CD-2022-0171,986,Hospital General Dr. Vinicio Calventi,Compras por Debajo del Umbral,Proceso ordinario,ADQUISICION DE MIDAZOLAN 15MG/3ML AMPOLLAS ,Proceso adjudicado y celebrado,DOP,159728.0,2022-11-09,11:45:04,No,No,Bienes,No,No,No,https://comunidad.comprasdominicana.gob.do//Public/Tendering/OpportunityDetail/Index?noticeUID=DO1.NTC.1154218
MUSEO HISTORIA NAT.-UC-CD-2022-0188,842,Museo Nacional de Historia Natural (Prof. Eugenio de Jesús Marcano),Compras por Debajo del Umbral,Proceso ordinario,COMPRA DE AGUA PARA LA INSTITUCION,Proceso adjudicado y celebrado,DOP,20795.0,2022-11-09,10:40:03,No,No,Bienes,No,No,No,https://comunidad.comprasdominicana.gob.do//Public/Tendering/OpportunityDetail/Index?noticeUID=DO1.NTC.1154010
INSUDE-UC-CD-2022-0094,546,Universidad Nacional para la Defensa,Compras por Debajo del Umbral,Proceso ordinario,ADQUISICION DE PINTURA Y MATERIALES FERRETEROS,Proceso adjudicado y celebrado,DOP,133505.2,2022-11-15,14:40:28,No,No,Bienes,No,No,No,https://comunidad.comprasdominicana.gob.do//Public/Tendering/OpportunityDetail/Index?noticeUID=DO1.NTC.1157557
AGRICULTURA-DAF-CM-2022-0198,226,Ministerio de Agricultura,Contratación Menor,Proceso ordinario,Adquisición de Gomas (Neumáticos) para Vehículos,Proceso adjudicado y celebrado,DOP,165560.0,2022-11-15,15:30:05,No,No,Bienes,No,No,No,https://comunidad.comprasdominicana.gob.do//Public/Tendering/OpportunityDetail/Index?noticeUID=DO1.NTC.1157757
DIDA-UC-CD-2022-0064,672,Dirección de Información y Defensa Afiliados Seguridad Social,Compras por Debajo del Umbral,Proceso ordinario,Adquisición de pódium en acrílico con logo institucional,Proceso adjudicado y celebrado,DOP,146000.0,2022-11-17,15:20:04,No,No,Bienes,No,No,No,https://comunidad.comprasdominicana.gob.do//Public/Tendering/OpportunityDetail/Index?noticeUID=DO1.NTC.1158847
Hosp. Juan Bosch-DAF-CM-2022-0308,945,Hospital Traumatológico y Quirúrgico del Cibao Central Juan Bosch,Contratación Menor,Proceso ordinario,"COMPRAS DE REACTIVOS HEPATITIS C, HEPATITIS B Y VDRL",Proceso adjudicado y celebrado,DOP,227810.0,2022-11-21,11:35:02,No,No,Bienes,No,No,No,https://comunidad.comprasdominicana.gob.do//Public/Tendering/OpportunityDetail/Index?noticeUID=DO1.NTC.1159925
DGDC-UC-CD-2022-0103,206,Dirección General de Desarrollo Comunidad,Compras por Debajo del Umbral,Proceso ordinario,Adquisición de 500 botellones de agua y 500 fardos de agua 16 OZ.,Proceso adjudicado y celebrado,DOP,125000.0,2022-11-21,14:20:10,No,No,Bienes,No,No,No,https://comunidad.comprasdominicana.gob.do//Public/Tendering/OpportunityDetail/Index?noticeUID=DO1.NTC.1160231
CERTV-DAF-CM-2022-0068,691,Corporación Estatal de Radio y Televisión,Contratación Menor,Proceso ordinario,ADQUISICION DE TRES (3) COMPUTADORAS PARA ACTUALIZACIÓN DEL SOFTWARE SQUID A SER UTILIZADO EN ESTA CERTV,Proceso adjudicado y celebrado,DOP,600000.0,2022-11-25,14:30:42,No,No,Bienes,No,No,No,https://comunidad.comprasdominicana.gob.do//Public/Tendering/OpportunityDetail/Index?noticeUID=DO1.NTC.1163237
HRJPP-DAF-CM-2022-0089,1091,Hospital Regional Juan Pablo Pina,Contratación Menor,Proceso ordinario,ADQUISICION DE SOLUCION LACTATO EN RINGER,Proceso adjudicado y celebrado,DOP,900000.0,2022-11-25,09:55:03,No,No,Bienes,No,No,No,https://comunidad.comprasdominicana.gob.do//Public/Tendering/OpportunityDetail/Index?noticeUID=DO1.NTC.1163516
AGRICULTURA-UC-CD-2022-0326,226,Ministerio de Agricultura,Compras por Debajo del Umbral,Proceso ordinario,"Adquisición de Gomas, Batería y Repuestos para Vehículos",Proceso adjudicado y celebrado,DOP,78824.0,2022-11-28,12:06:43,No,No,Bienes,No,No,No,https://comunidad.comprasdominicana.gob.do//Public/Tendering/OpportunityDetail/Index?noticeUID=DO1.NTC.1163795
MINISTERIO HACIENDA-UC-CD-2022-0197,4,Ministerio de Hacienda,Compras por Debajo del Umbral,Proceso ordinario,"Adquisición de equipos de protección militar, para uso del departamento de seguridad en los operativos de la Dirección de Casinos y Juegos de Azar del MH.",Proceso adjudicado y celebrado,DOP,31039.99,2022-11-29,14:23:36,No,No,Bienes,No,No,No,https://comunidad.comprasdominicana.gob.do//Public/Tendering/OpportunityDetail/Index?noticeUID=DO1.NTC.1165132
GCPS-UC-CD-2022-0676,178,Gabinete de Coordinación de Políticas Sociales,Compras por Debajo del Umbral,Proceso ordinario,Adquisición de Estufa de 30 Pulgadas Seis Hornilla y Horno Para Escuela Vocacional de Hato Mayor.,Proceso adjudicado y celebrado,DOP,35000.0,2022-11-30,16:03:16,No,No,Bienes,No,No,No,https://comunidad.comprasdominicana.gob.do//Public/Tendering/OpportunityDetail/Index?noticeUID=DO1.NTC.1165542
CERTV-DAF-CM-2022-0065,691,Corporación Estatal de Radio y Televisión,Contratación Menor,Proceso ordinario,"ADQUISICIÓN DE CUATRO DESHUMIFICADORES, PARA USO DE LOS DEPARTAMENTOS DE CREATIVIDAD, POSPRODUCCION Y PRODUCCIÓN  ",Proceso adjudicado y celebrado,DOP,264296.0,2022-12-01,13:30:42,No,No,Bienes,No,No,No,https://comunidad.comprasdominicana.gob.do//Public/Tendering/OpportunityDetail/Index?noticeUID=DO1.NTC.1166634
DPP-UC-CD-2022-0056,1156,Dirección de Prensa del Presidente,Compras por Debajo del Umbral,Proceso ordinario,ADQUISICION DE AIRES ACONDICIONADO PARA LAS OFICINAS ADMINISTRATIVA DE ESTA DIRECCION.,Proceso adjudicado y celebrado,DOP,160000.0,2022-12-02,16:20:05,No,No,Bienes,No,No,No,https://comunidad.comprasdominicana.gob.do//Public/Tendering/OpportunityDetail/Index?noticeUID=DO1.NTC.1167157
FOMISAR-UC-CD-2022-0034,1297,Consejo Provincial para la administración de los Fondos Mineros Sánchez Ramirez,Compras por Debajo del Umbral,Proceso ordinario,ENCUENTRO NAVIDAD 2022 CON LA PRENSA,Proceso adjudicado y celebrado,DOP,125000.0,2022-12-02,10:09:56,No,No,Servicios,No,No,No,https://comunidad.comprasdominicana.gob.do//Public/Tendering/OpportunityDetail/Index?noticeUID=DO1.NTC.1166909
CORAAMOCA-DAF-CM-2022-0065,628,Corporación de Acueducto y Alcantarillado Moca,Contratación Menor,Proceso ordinario,Adquisición de neumáticos,Proceso adjudicado y celebrado,DOP,596774.0,2022-12-07,14:04:19,No,No,Bienes,No,No,No,https://comunidad.comprasdominicana.gob.do//Public/Tendering/OpportunityDetail/Index?noticeUID=DO1.NTC.1168831
INABIE-DAF-CM-2022-0062,856,INSTITUTO NACIONAL DE BIENESTAR ESTUDIANTIL,Contratación Menor,Proceso ordinario,Contratación de Servicio de mantenimiento preventivo y correctivo para  generador eléctrico,Proceso adjudicado y celebrado,DOP,1237000.0,2022-12-09,09:13:54,No,No,Servicios,No,No,No,https://comunidad.comprasdominicana.gob.do//Public/Tendering/OpportunityDetail/Index?noticeUID=DO1.NTC.1170102
INAZUCAR-UC-CD-2022-0088,897,Instituto Azucarero Dominicano,Compras por Debajo del Umbral,Proceso ordinario,Compra de Materiales Electricos,Proceso adjudicado y celebrado,DOP,12791.75,2022-12-14,14:00:31,No,No,Bienes,No,No,No,https://comunidad.comprasdominicana.gob.do//Public/Tendering/OpportunityDetail/Index?noticeUID=DO1.NTC.1172346
AYUNTAMIENTO LA VEGA-DAF-CM-2022-0057,683,Ayuntamiento Municipal Concepción de la Vega,Contratación Menor,Proceso ordinario,"ADQUISICION DE LETREROS, ADHESIVOS Y SERVICIO DE MANTENIMIENTO",Proceso adjudicado y celebrado,DOP,691621.6,2022-12-15,15:01:56,Si,No,Servicios,No,No,No,https://comunidad.comprasdominicana.gob.do//Public/Tendering/OpportunityDetail/Index?noticeUID=DO1.NTC.1173149
IDAC-DAF-CM-2022-0157,559,Instituto Dominicano de Aviación Civíl,Contratación Menor,Proceso ordinario,ADQUISICION DE MOTOCICLETAS PARA USO DEL IDAC,Proceso adjudicado y celebrado,DOP,280000.0,2022-12-16,14:02:11,No,No,Bienes,No,No,No,https://comunidad.comprasdominicana.gob.do//Public/Tendering/OpportunityDetail/Index?noticeUID=DO1.NTC.1173542
DGCD-UC-CD-2022-0129,202,Comunidad Digna,Compras por Debajo del Umbral,Proceso ordinario,COMPRA DE TONERS  PARA LA IMPRESORA CANON ORIGINAL Y SACNER ORIGIANL NEGRO,Proceso adjudicado y celebrado,DOP,164964.0,2022-12-19,11:30:05,No,No,Bienes,No,No,No,https://comunidad.comprasdominicana.gob.do//Public/Tendering/OpportunityDetail/Index?noticeUID=DO1.NTC.1174108
AYUNT LOS ALCARRIZOS-DAF-CM-2022-0073,721,Ayuntamiento Municipal de Los Alcarrizos,Contratación Menor,Proceso ordinario,COMPRA DE VARIOS ATAUDES ,Proceso adjudicado y celebrado,DOP,363000.0,2022-12-19,10:15:01,No,No,Bienes,No,No,No,https://comunidad.comprasdominicana.gob.do//Public/Tendering/OpportunityDetail/Index?noticeUID=DO1.NTC.1174408
INDOTEL-UC-CD-2022-0404,548,Instituto Dominicano de las Telecomunicaciones,Compras por Debajo del Umbral,Proceso ordinario,"Solicitud Contratación almuerzo para Representantes de la UIT, Presidencia y Dirección Ejecutiva /Internacionales de la institución",Proceso adjudicado y celebrado,DOP,33000.0,2022-12-19,14:40:05,No,No,Servicios,No,No,No,https://comunidad.comprasdominicana.gob.do//Public/Tendering/OpportunityDetail/Index?noticeUID=DO1.NTC.1174520
ADESS-UC-CD-2022-0231,208,Administradora de Subsidios Sociales,Compras por Debajo del Umbral,Proceso ordinario,SOLICITUD REFRIGERIO PARA ACTIVIDAD DE INTEGRACION,Proceso adjudicado y celebrado,DOP,76000.0,2022-12-21,15:10:01,No,No,Servicios,No,No,No,https://comunidad.comprasdominicana.gob.do//Public/Tendering/OpportunityDetail/Index?noticeUID=DO1.NTC.1175409
RSCC-UC-CD-2022-0356,1079,Servicio Regional de Salud Cibao Sur,Compras por Debajo del Umbral,Proceso ordinario,REPARACIÓN Y MANTENIMIENTO DE MOTOCICLETA,Proceso adjudicado y celebrado,DOP,4800.0,2022-12-28,10:25:03,No,No,Servicios,No,No,No,https://comunidad.comprasdominicana.gob.do//Public/Tendering/OpportunityDetail/Index?noticeUID=DO1.NTC.1178802
HDPB-UC-CD-2023-0013,1037,Hospital Docente Padre Billini,Compras por Debajo del Umbral,Proceso ordinario,ADQUISICIÓN DE CINTA PARA CARNET  ,Proceso adjudicado y celebrado,DOP,11800.0,2023-01-12,11:00:03,No,No,Bienes,No,No,No,https://comunidad.comprasdominicana.gob.do//Public/Tendering/OpportunityDetail/Index?noticeUID=DO1.NTC.1184303
INPOSDOM-UC-CD-2023-0006,622,Instituto Postal Dominicano,Compras por Debajo del Umbral,Proceso ordinario,MATERIALES PARA CARNET ,Proceso adjudicado y celebrado,DOP,99386.0,2023-01-20,14:50:04,No,No,Bienes,No,No,No,https://comunidad.comprasdominicana.gob.do//Public/Tendering/OpportunityDetail/Index?noticeUID=DO1.NTC.1187817
HOSGEDOPOL-DAF-CM-2023-0002,147,Hospital General Docente de la Policía Nacional,Contratación Menor,Proceso ordinario,ADQUISICION DE MATERIALES DE LIMPIEZA DIRIGIDO EXCLUSIVAMENTE A EMPRESAS MIPYMES MUJERES,Proceso adjudicado y celebrado,DOP,1353746.75,2023-01-23,08:00:05,Si,Si,Bienes,No,No,No,https://comunidad.comprasdominicana.gob.do//Public/Tendering/OpportunityDetail/Index?noticeUID=DO1.NTC.1188201
SRSM-UC-CD-2023-0002,988,Servicio Regional de Salud Ozama,Compras por Debajo del Umbral,Proceso ordinario,ADQUISICIÓN DE CORONA FÚNEBRE,Proceso adjudicado y celebrado,DOP,18000.0,2023-01-23,14:01:38,No,No,Bienes,No,No,No,https://comunidad.comprasdominicana.gob.do//Public/Tendering/OpportunityDetail/Index?noticeUID=DO1.NTC.1188528
DCD-CCC-CP-2023-0001,904,Defensa Civil Dominicana,Comparación de Precios,Proceso ordinario,Contratación de suministro de combustible en tickets prepagados.,Proceso adjudicado y celebrado,DOP,4170000.0,2023-01-27,15:35:09,No,No,Servicios,No,No,No,https://comunidad.comprasdominicana.gob.do//Public/Tendering/OpportunityDetail/Index?noticeUID=DO1.NTC.1191821
PROCURADURIA-UC-CD-2023-0015,6,Procuraduría General de la República,Compras por Debajo del Umbral,Proceso ordinario,"SERVICIO DE REPARACIÓN DE EQUIPOS AUDIOVISUALES, SEGÚN REQ. NO. 023-412",Proceso desierto,DOP,40000.0,2023-02-10,16:45:01,No,No,Servicios,No,No,No,https://comunidad.comprasdominicana.gob.do//Public/Tendering/OpportunityDetail/Index?noticeUID=DO1.NTC.1197559
SISALRIL-UC-CD-2023-0021,591,Superintendencia de Salud y Riesgos Laborales,Compras por Debajo del Umbral,Proceso ordinario,SERVICIO DE CATERING PARA LA ACTIVIDAD DEL DIA DE SAN VALENTIN,Proceso adjudicado y celebrado,DOP,187000.0,2023-02-10,09:20:04,No,No,Servicios,No,No,No,https://comunidad.comprasdominicana.gob.do//Public/Tendering/OpportunityDetail/Index?noticeUID=DO1.NTC.1197103
EGEHID-CCC-LPN-2023-0005,580,Empresa de Generación Hidroélectrica Dominicana,Licitación Pública Nacional,Proceso ordinario,"Rehabilitación Carretera D.M. Tireo - Presa Pinalito, Municipio Constanza, Longitud de 9.00 Kms y Camino de Acceso a Hidroeléctrica El Salto Constanza Longitud 1.80 Km, Provincia La Vega, Rep. Dom.",Cancelado,DOP,242773072.9,2023-02-15,14:01:05,No,No,Obras,No,No,No,https://comunidad.comprasdominicana.gob.do//Public/Tendering/OpportunityDetail/Index?noticeUID=DO1.NTC.1201348
HRDAC-UC-CD-2023-0041,1087,Hospital Regional Dr. Alejandro Cabral,Compras por Debajo del Umbral,Proceso ordinario,Adquisición de insumos de limpieza,Proceso adjudicado y celebrado,DOP,52800.0,2023-02-16,10:30:56,No,No,Bienes,No,No,No,https://comunidad.comprasdominicana.gob.do//Public/Tendering/OpportunityDetail/Index?noticeUID=DO1.NTC.1201809
ACADEMIA AEREA-DAF-CM-2023-0002,562,Academia Aérea General Brigada Frank Andrés Felix Miranda,Contratación Menor,Proceso ordinario,Adquisicion de Colchones y Ropa de Cama,Proceso adjudicado y celebrado,DOP,342410.0,2023-02-20,11:40:03,No,No,Bienes,No,No,No,https://comunidad.comprasdominicana.gob.do//Public/Tendering/OpportunityDetail/Index?noticeUID=DO1.NTC.1202913
HUMNSA-UC-CD-2023-0008,1139,Hospital Universitario Maternidad Nuestra Señora de la Altagracia,Compras por Debajo del Umbral,Proceso ordinario,Adquisicion de Aires Acondicionados ,Proceso adjudicado y celebrado,DOP,134000.0,2023-02-23,11:30:04,No,No,Bienes,No,No,No,https://comunidad.comprasdominicana.gob.do//Public/Tendering/OpportunityDetail/Index?noticeUID=DO1.NTC.1205004
DIGESETT-UC-CD-2023-0010,180,Dirección General de Seguridad de Tránsito y Transporte Terrestre,Compras por Debajo del Umbral,Proceso ordinario,ADQUISICION DE SERVICIOS DE REPARACION DE NEUMATICOS,Proceso adjudicado y celebrado,DOP,144000.0,2023-02-24,15:31:22,No,No,Servicios,No,No,No,https://comunidad.comprasdominicana.gob.do//Public/Tendering/OpportunityDetail/Index?noticeUID=DO1.NTC.1205348
HRJPP-UC-CD-2023-0073,1091,Hospital Regional Juan Pablo Pina,Compras por Debajo del Umbral,Proceso ordinario,DESPENSA,Proceso adjudicado y celebrado,DOP,177116.27,2023-02-28,11:30:03,No,No,Bienes,No,No,No,https://comunidad.comprasdominicana.gob.do//Public/Tendering/OpportunityDetail/Index?noticeUID=DO1.NTC.1206112
MIDE-CCC-CP-2023-0002,153,Ministerio de Defensa,Comparación de Precios,Proceso ordinario,"Servicio para fabricación e instalación de toldo, rejas protectoras, barandas, tramería, estaciones modulares y laminado de cristales, para acondicionar el nuevo Almacén de Propiedades MIDE.",Proceso adjudicado y celebrado,DOP,1759600.3,2023-02-28,10:00:04,No,No,Servicios,No,No,No,https://comunidad.comprasdominicana.gob.do//Public/Tendering/OpportunityDetail/Index?noticeUID=DO1.NTC.1206203
ISFODOSU-UC-CD-2023-0026,883,Instituto Superior de Formación Docente Salomé Ureña,Compras por Debajo del Umbral,Proceso ordinario,Adquisición de Cajas plásticas con tapa,Cancelado,DOP,200000.0,2023-03-02,10:02:43,No,No,Bienes,No,No,No,https://comunidad.comprasdominicana.gob.do//Public/Tendering/OpportunityDetail/Index?noticeUID=DO1.NTC.1207308
ASDE-UC-CD-2023-0036,615,Ayuntamiento Santo Domingo Este,Compras por Debajo del Umbral,Proceso ordinario,SOLICITUD DE COMPRA DE UTENSILIOS PARA EL PROCESO DE CARNETIZACION,Proceso adjudicado y celebrado,DOP,73000.0,2023-03-06,13:00:51,No,No,Bienes,No,No,No,https://comunidad.comprasdominicana.gob.do//Public/Tendering/OpportunityDetail/Index?noticeUID=DO1.NTC.1208222
GCPS-UC-CD-2023-0033,178,Gabinete de Coordinación de Políticas Sociales,Compras por Debajo del Umbral,Proceso ordinario,Adquisición de Botellones de Agua para uso de la Institución ,Proceso adjudicado y celebrado,DOP,60500.0,2023-03-07,14:30:04,No,No,Bienes,No,No,No,https://comunidad.comprasdominicana.gob.do//Public/Tendering/OpportunityDetail/Index?noticeUID=DO1.NTC.1209036
IAD-DAF-CM-2023-0020,724,Instituto Agrario Dominicano,Contratación Menor,Proceso ordinario,Contratación de servicio de transporte para diferentes actividades de la Institución.,Proceso adjudicado y celebrado,DOP,1500000.0,2023-03-08,17:00:05,No,No,Servicios,No,No,No,https://comunidad.comprasdominicana.gob.do//Public/Tendering/OpportunityDetail/Index?noticeUID=DO1.NTC.1209649
Bellas Artes-UC-CD-2023-0007,977,Dirección General de Bellas Artes,Compras por Debajo del Umbral,Proceso ordinario,"Solicitud de alquiler de camión para transporte de carga y descarga, con chofer y personal incluido.   ( Dirigido a Mipymes).",Proceso adjudicado y celebrado,DOP,200000.0,2023-03-08,16:02:41,Si,No,Servicios,No,No,No,https://comunidad.comprasdominicana.gob.do//Public/Tendering/OpportunityDetail/Index?noticeUID=DO1.NTC.1209751
HRDAC-UC-CD-2023-0068,1087,Hospital Regional Dr. Alejandro Cabral,Compras por Debajo del Umbral,Proceso ordinario,Adquisición del Mantenimiento Anual Preventivo Correctivo Ventilador del Área de Neonatal,Proceso adjudicado y celebrado,DOP,65900.0,2023-03-09,11:50:06,No,No,Bienes,No,No,No,https://comunidad.comprasdominicana.gob.do//Public/Tendering/OpportunityDetail/Index?noticeUID=DO1.NTC.1210518
PRO CONSUMIDOR-DAF-CM-2023-0009,636,Instituto Nacional de Protección de los Derechos del Consumidor,Contratación Menor,Proceso ordinario,"ADQUISICIÓN DE PRODUCTOS Y MATERIALES DE LIMPIEZA PARA USO STITUCIONAL, PERÍODO MARZO 2023 - AGOSTO 2023",Proceso adjudicado y celebrado,DOP,427948.67,2023-03-13,15:00:58,No,No,Bienes,No,No,No,https://comunidad.comprasdominicana.gob.do//Public/Tendering/OpportunityDetail/Index?noticeUID=DO1.NTC.1211527
PRO CONSUMIDOR-UC-CD-2023-0009,636,Instituto Nacional de Protección de los Derechos del Consumidor,Compras por Debajo del Umbral,Proceso ordinario,ADQUISICIÓN DE CASCOS PARA PERSONAL MOTORIZADO QUE REALIZARA OPERATIVO INSPECCIÓN,Proceso adjudicado y celebrado,DOP,8720.02,2023-03-14,10:02:17,No,No,Bienes,No,No,No,https://comunidad.comprasdominicana.gob.do//Public/Tendering/OpportunityDetail/Index?noticeUID=DO1.NTC.1212204
Dpto. Aeroportuario-UC-CD-2023-0040,676,Departamento Aeroportuario,Compras por Debajo del Umbral,Proceso ordinario,Servicio de Limpieza y Desinfección de Muebles del DA ,Proceso adjudicado y celebrado,DOP,73109.85,2023-03-14,09:45:03,No,No,Servicios,No,No,No,https://comunidad.comprasdominicana.gob.do//Public/Tendering/OpportunityDetail/Index?noticeUID=DO1.NTC.1211808
Inst. Nac. de Cancer-UC-CD-2023-0049,876,Instituto Nacional de Cancer 'Rosa E. Tavares',Compras por Debajo del Umbral,Proceso ordinario,Adquisición de repuestos para máquina fregadora de pisos,Proceso adjudicado y celebrado,DOP,73230.0,2023-03-14,11:00:04,No,No,Bienes,No,No,No,https://comunidad.comprasdominicana.gob.do//Public/Tendering/OpportunityDetail/Index?noticeUID=DO1.NTC.1212306
HLEA-UC-CD-2023-0016,1112,Centro Especializado de Atención Ambulatoria En Salud Dr. Nelson Astacio,Compras por Debajo del Umbral,Proceso ordinario,Adquisición de Pilas Alcalinas para la Unidad de Cardiología del Edificio Consulta Externa,Proceso adjudicado y celebrado,DOP,180000.0,2023-03-16,18:00:05,No,No,Bienes,No,No,No,https://comunidad.comprasdominicana.gob.do//Public/Tendering/OpportunityDetail/Index?noticeUID=DO1.NTC.1213455
MIP-DAF-CM-2023-0044,141,Ministerio de Interior y Policía,Contratación Menor,Proceso ordinario,Adquisición de Maquinas de Coser ,Proceso adjudicado y celebrado,DOP,885000.0,2023-03-20,10:30:06,Si,No,Bienes,No,No,No,https://comunidad.comprasdominicana.gob.do//Public/Tendering/OpportunityDetail/Index?noticeUID=DO1.NTC.1214615
HRUSVP-UC-CD-2023-0032,1019,Hospital Regional Universitario San Vicente de Paul,Compras por Debajo del Umbral,Proceso ordinario,Servicio de Pintura y Cuadre de Carroseria Ambulancia Hyundai,Proceso adjudicado y celebrado,DOP,45500.0,2023-03-28,12:20:02,No,No,Servicios,No,No,No,https://comunidad.comprasdominicana.gob.do//Public/Tendering/OpportunityDetail/Index?noticeUID=DO1.NTC.1219625
INCORT-UC-CD-2023-0044,937,Instituto Nacional de Coordinación de Transplante,Compras por Debajo del Umbral,Proceso ordinario,Reparación y pintura vehículo institucional,Proceso adjudicado y celebrado,DOP,50000.0,2023-03-28,16:30:04,No,No,Servicios,No,No,No,https://comunidad.comprasdominicana.gob.do//Public/Tendering/OpportunityDetail/Index?noticeUID=DO1.NTC.1219656
FAD-UC-CD-2023-0055,173,Fuerza Aérea Dominicana,Compras por Debajo del Umbral,Proceso ordinario,"Servicio de Instalación, Configuración Y Funcionamiento total de 3 Extractores.  ",Proceso adjudicado y celebrado,DOP,41000.0,2023-03-31,16:04:35,No,No,Servicios,No,No,No,https://comunidad.comprasdominicana.gob.do//Public/Tendering/OpportunityDetail/Index?noticeUID=DO1.NTC.1222038
Hosp Marcelino Velez-UC-CD-2023-0091,881,Hospital General Regional Dr. Macelino Velez Santana,Compras por Debajo del Umbral,Proceso ordinario,COMPRAS DE AGUA DESTILADA GL ,Proceso adjudicado y celebrado,DOP,204000.0,2023-04-03,17:00:04,No,No,Bienes,No,No,No,https://comunidad.comprasdominicana.gob.do//Public/Tendering/OpportunityDetail/Index?noticeUID=DO1.NTC.1223135
CNSS-UC-CD-2023-0038,586,Consejo Nacional de la Seguridad Social,Compras por Debajo del Umbral,Proceso ordinario,COMPRA DE YOYO PORTA CARNET PARA LOS EMPLEADOS DEL CNSS,Proceso adjudicado y celebrado,DOP,4800.0,2023-04-11,13:01:06,No,No,Bienes,No,No,No,https://comunidad.comprasdominicana.gob.do//Public/Tendering/OpportunityDetail/Index?noticeUID=DO1.NTC.1226215
JDSO-DAF-CM-2023-0005,1089,Junta Distrital Santiago Oeste,Contratación Menor,Proceso ordinario,ADQUISICION DE MOVILIARIO CASA COMUNITARIA ,Proceso adjudicado y celebrado,DOP,1013030.0,2023-04-11,08:00:02,No,No,Bienes,No,No,No,https://comunidad.comprasdominicana.gob.do//Public/Tendering/OpportunityDetail/Index?noticeUID=DO1.NTC.1225801
Bomberos SDE-UC-CD-2023-0035,947,Cuerpo de Bomberos de Santo Domingo Este,Compras por Debajo del Umbral,Proceso ordinario,COMPRA DE TIKET DE COMBUSTIBLE (GASOLINA REG.) PARA USO EN LAS UNIDADES DEL CUERPO DE BOMBEROS SANTO DOMINGO ESTE,Proceso adjudicado y celebrado,DOP,52500.0,2023-04-12,12:03:42,No,No,Bienes,No,No,No,https://comunidad.comprasdominicana.gob.do//Public/Tendering/OpportunityDetail/Index?noticeUID=DO1.NTC.1226319
RSCC-DAF-CM-2023-0030,1079,Servicio Regional de Salud Cibao Sur,Contratación Menor,Proceso ordinario,LAMPARA CUELLO DE GANZO,Proceso adjudicado y celebrado,DOP,400000.0,2023-04-17,14:02:06,No,No,Bienes,No,No,No,https://comunidad.comprasdominicana.gob.do//Public/Tendering/OpportunityDetail/Index?noticeUID=DO1.NTC.1228626
CONANI-CCC-CP-2023-0005,843,Consejo Nacional para la Niñez y la Adolescencia,Comparación de Precios,Proceso ordinario,ADQUISICIÓN DE PLATAFORMA PARA EL MONITOREO Y SOPORTE DE LOS SISTEMAS DE SEGURIDAD INFORMÁTICA DE LA INSTITUCIÓN,Proceso desierto,DOP,5154000.0,2023-04-27,17:30:00,No,No,Servicios,No,No,No,https://comunidad.comprasdominicana.gob.do//Public/Tendering/OpportunityDetail/Index?noticeUID=DO1.NTC.1233159
HMRA-UC-CD-2023-0280,978,Hospital Materno Dr. Reynaldo Almanzar,Compras por Debajo del Umbral,Proceso ordinario,INSUMOS MEDICOS VARIOS,Proceso adjudicado y celebrado,DOP,142290.0,2023-04-28,14:02:48,No,No,Bienes,No,No,No,https://comunidad.comprasdominicana.gob.do//Public/Tendering/OpportunityDetail/Index?noticeUID=DO1.NTC.1233728
CNSS-UC-CD-2023-0064,586,Consejo Nacional de la Seguridad Social,Compras por Debajo del Umbral,Proceso ordinario,ADQUISICION DE BOTONES DE PREMIO PARA RECONOCIMIENTO DE COLABORADORES DIRIGIDO A MIPYMES,Proceso adjudicado y celebrado,DOP,190000.0,2023-05-03,13:00:02,Si,No,Bienes,No,No,No,https://comunidad.comprasdominicana.gob.do//Public/Tendering/OpportunityDetail/Index?noticeUID=DO1.NTC.1234733
IDEICE-DAF-CM-2023-0006,869,Instituto Dom.de Evaluacion e Investigacion de la Calidad Educativa,Contratación Menor,Proceso ordinario,SERVICIOS DE IMPRESIONES,Proceso adjudicado y celebrado,DOP,886350.0,2023-05-03,13:00:46,No,No,Servicios,No,No,No,https://comunidad.comprasdominicana.gob.do//Public/Tendering/OpportunityDetail/Index?noticeUID=DO1.NTC.1235122
MIDE-DAF-CM-2023-0083,153,Ministerio de Defensa,Contratación Menor,Proceso ordinario,Adquisición de radios de comunicación UHF y Handsfree profesional,Proceso adjudicado y celebrado,DOP,865060.0,2023-05-04,14:30:09,No,No,Bienes,No,No,No,https://comunidad.comprasdominicana.gob.do//Public/Tendering/OpportunityDetail/Index?noticeUID=DO1.NTC.1235634
Ayuntamiento Higuey-UC-CD-2023-0054,913,Ayuntamiento del Municipio de Salvaleón de Higuey.,Compras por Debajo del Umbral,Proceso ordinario,"ADQUISICION DE 4 LONAS, 2 LONAS 20 X 10 Y  2 LONAS 10 X 10, LOS CUALES SERAN UTLIZADOS EN  ACTIVIDADES  PROPIAS DE LA  ALCALDIA.",Proceso adjudicado y celebrado,DOP,106200.0,2023-05-08,09:20:03,No,No,Bienes,No,No,No,https://comunidad.comprasdominicana.gob.do//Public/Tendering/OpportunityDetail/Index?noticeUID=DO1.NTC.1236806
CONTRALORIA-CCC-CP-2023-0001,139,Contraloría Gral de la República,Comparación de Precios,Proceso ordinario,CONTRATACIÓN DE LOS SERVICIOS DE ARRENDAMIENTO  DE IMPRESORAS MULTIFUNCIONALES PARA LA CONTRALORIA GENERAL DE LA REPUBLICA ,Proceso adjudicado y celebrado,DOP,3400000.0,2023-05-15,14:04:15,No,No,Servicios,No,No,No,https://comunidad.comprasdominicana.gob.do//Public/Tendering/OpportunityDetail/Index?noticeUID=DO1.NTC.1239934
GANADERIA-MAE-PEUR-2023-0001,227,Dirección General de Ganadería,Procesos de Excepción,Urgencia,"ADQUISICIÓN DE POLIZA DE SEGURO DE LEY, SEGURO FULL, AUTO EXCESO, PROPIEDAD INMOBILIARIA , RESPONSABILIDAD CIVIL Y DE FIDELIDAD PARA EL AÑO 2023.",Proceso adjudicado y celebrado,DOP,5154161.99,2023-05-16,12:03:49,No,No,Servicios,No,No,No,https://comunidad.comprasdominicana.gob.do//Public/Tendering/OpportunityDetail/Index?noticeUID=DO1.NTC.1240318
HRUSVP-UC-CD-2023-0046,1019,Hospital Regional Universitario San Vicente de Paul,Compras por Debajo del Umbral,Proceso ordinario,ADQUISICION DE CARNE DE POLLO FRESCO CON EQUIPAJE,Proceso adjudicado y celebrado,DOP,172000.0,2023-05-16,09:50:04,No,No,Bienes,No,No,No,https://comunidad.comprasdominicana.gob.do//Public/Tendering/OpportunityDetail/Index?noticeUID=DO1.NTC.1240604
CAMARA CUENTAS-UC-CD-2023-0058,182,Camara de Cuentas de la República,Compras por Debajo del Umbral,Proceso ordinario,Corona de Flores por Motivo al Aniversario Institucional,Proceso adjudicado y celebrado,DOP,30000.0,2023-05-17,13:35:03,No,No,Bienes,No,No,No,https://comunidad.comprasdominicana.gob.do//Public/Tendering/OpportunityDetail/Index?noticeUID=DO1.NTC.1240926
HSBG-DAF-CM-2023-0063,1136,Hospital Dr. Salvador B. Gautier,Contratación Menor,Proceso ordinario,VIVERES Y FRUTAS,Proceso adjudicado y celebrado,DOP,1347400.0,2023-05-17,11:30:02,No,No,Bienes,No,No,No,https://comunidad.comprasdominicana.gob.do//Public/Tendering/OpportunityDetail/Index?noticeUID=DO1.NTC.1240915
DIGEIG-DAF-CM-2023-0022,720,Dirección nacional de Ética e Integridad Gubernamental,Contratación Menor,Proceso ordinario,"Contratación de Servicio de Catering para los talleres de transparencia en los territorios, en los municipios de Bani, Azua y Bonao.",Proceso adjudicado y celebrado,DOP,415000.0,2023-05-19,12:04:18,No,No,Servicios,No,No,No,https://comunidad.comprasdominicana.gob.do//Public/Tendering/OpportunityDetail/Index?noticeUID=DO1.NTC.1242220
MAPRE-DAF-CM-2023-0040,134,Ministerio Administrativo de la Presidencia,Contratación Menor,Proceso ordinario,"ADQUISICIÓN DE IMPRESORA, TONERES Y CARTUCHOS DE IMPRESIÓN ",Proceso adjudicado y celebrado,DOP,493400.0,2023-05-22,15:03:55,No,No,Bienes,No,No,No,https://comunidad.comprasdominicana.gob.do//Public/Tendering/OpportunityDetail/Index?noticeUID=DO1.NTC.1242631
CORAMON-UC-CD-2023-0060,1085,Corporación de Acueducto y Alcantarillado de Monseñor Nouel,Compras por Debajo del Umbral,Proceso ordinario,ARTÍCULOS PARA REPARACIÓN DE AVERÍA,Proceso adjudicado y celebrado,DOP,50900.0,2023-05-23,17:00:05,No,No,Bienes,No,No,No,https://comunidad.comprasdominicana.gob.do//Public/Tendering/OpportunityDetail/Index?noticeUID=DO1.NTC.1243639
Dpto. Aeroportuario-UC-CD-2023-0075,676,Departamento Aeroportuario,Compras por Debajo del Umbral,Proceso ordinario,Adquisición  de plantas,Proceso adjudicado y celebrado,DOP,200000.0,2023-05-26,14:02:22,No,No,Servicios,No,No,No,https://comunidad.comprasdominicana.gob.do//Public/Tendering/OpportunityDetail/Index?noticeUID=DO1.NTC.1245227
ISFODOSU-CCC-LPN-2023-0010,883,Instituto Superior de Formación Docente Salomé Ureña,Licitación Pública Nacional,Proceso ordinario,"Adquisición de Tiques de Combustible para un período de un año, destinados al uso de la Rectoría del ISFODOSU.",Proceso adjudicado y celebrado,DOP,11450000.0,2023-05-29,12:01:37,No,No,Bienes,No,No,No,https://comunidad.comprasdominicana.gob.do//Public/Tendering/OpportunityDetail/Index?noticeUID=DO1.NTC.1246601
DPP-UC-CD-2023-0032,1156,Dirección de Prensa del Presidente,Compras por Debajo del Umbral,Proceso ordinario,"ADQUISICIÓN DE ÁRTICULOS DE LIMPIEZA, PARA ESTA DIRECCION DE PRENSA DEL PRESIDENTE",Proceso adjudicado y celebrado,DOP,43800.0,2023-05-30,12:30:09,No,No,Bienes,No,No,No,https://comunidad.comprasdominicana.gob.do//Public/Tendering/OpportunityDetail/Index?noticeUID=DO1.NTC.1247828
MAPRE-UC-CD-2023-0174,134,Ministerio Administrativo de la Presidencia,Compras por Debajo del Umbral,Proceso ordinario,CONTRATACION DE SERVICIOS DE MANTENIMIENTO DE VEHICULOS,Proceso adjudicado y celebrado,DOP,73537.06,2023-06-05,11:45:04,No,No,Servicios,No,No,No,https://comunidad.comprasdominicana.gob.do//Public/Tendering/OpportunityDetail/Index?noticeUID=DO1.NTC.1250616
ADESS-DAF-CM-2023-0016,208,Administradora de Subsidios Sociales,Contratación Menor,Proceso ordinario,"Servicio de transporte de contingencia para envío de valijas, bultos, mobiliarios y demás a todas las delegaciones a nivel nacional, por un periodo de 12 meses.",Proceso desierto,DOP,1250000.0,2023-06-07,12:06:16,No,No,Servicios,No,No,No,https://comunidad.comprasdominicana.gob.do//Public/Tendering/OpportunityDetail/Index?noticeUID=DO1.NTC.1252314
ARD-UC-CD-2023-0143,172,Armada de República Dominicana,Compras por Debajo del Umbral,Proceso ordinario,"ADQUISICIÓN DE EQUIPOS DE BUCEO, PARA SER UTILIZADOS POR EL PERSONAL DE BUZOS DE LA DIRECCIÓN GENERAL DE SALVAMENTO Y RESCATE, ARD.",Proceso adjudicado y celebrado,DOP,61325.0,2023-06-07,16:20:03,No,No,Bienes,No,No,No,https://comunidad.comprasdominicana.gob.do//Public/Tendering/OpportunityDetail/Index?noticeUID=DO1.NTC.1251940
ASDO-DAF-CM-2023-0033,616,Ayuntamiento Santo Domingo Oeste,Contratación Menor,Proceso ordinario,"Adquisición de 6,200 Galones de Gasoil Premium a Granel para ser administrado a las diferentes unidades vehiculares de esta Alcaldía.",Proceso adjudicado y celebrado,DOP,1470020.0,2023-06-12,11:15:01,No,No,Bienes,No,No,No,https://comunidad.comprasdominicana.gob.do//Public/Tendering/OpportunityDetail/Index?noticeUID=DO1.NTC.1253019
MIREX-DAF-CM-2023-0058,1,Ministerio de Relaciones Exteriores,Contratación Menor,Proceso ordinario,SERVICIO DE CAPACITACION PARA LOS EMPLEADOS DE ESTE MINISTERIO. ,Proceso adjudicado y celebrado,DOP,1440000.0,2023-06-16,14:01:27,No,No,Servicios,No,No,No,https://comunidad.comprasdominicana.gob.do//Public/Tendering/OpportunityDetail/Index?noticeUID=DO1.NTC.1255623
Hosp. Juan Bosch-UC-CD-2023-0145,945,Hospital Traumatológico y Quirúrgico del Cibao Central Juan Bosch,Compras por Debajo del Umbral,Proceso ordinario,"COMPRA DE COMPRESORES, TARJETAS Y CONTROLES PARA AIRE ACONDICIONADO",Proceso adjudicado y celebrado,DOP,24950.0,2023-06-16,09:09:07,No,No,Bienes,No,No,No,https://comunidad.comprasdominicana.gob.do//Public/Tendering/OpportunityDetail/Index?noticeUID=DO1.NTC.1255706
MJ-CCC-PEPB-2023-0001,3,Ministerio de la Juventud,Procesos de Excepción,Publicidad,"PUBLICACION DE LA CONVOCATORIA A LICITACION PUBLICA NACIONAL DE REF: MJ-CCC-LPN-2023-0001, DURANTE LOS DIAS MIERCOLES 21 Y JUEVES 22 DEL 2023",Proceso adjudicado y celebrado,DOP,63338.08,2023-06-20,14:10:35,No,No,Servicios,No,No,No,https://comunidad.comprasdominicana.gob.do//Public/Tendering/OpportunityDetail/Index?noticeUID=DO1.NTC.1256833
MIP-UC-CD-2023-0270,141,Ministerio de Interior y Policía,Compras por Debajo del Umbral,Proceso ordinario,Servicios de mantenimiento o reparación del vehículo Kia Sorento chasis #454750,Proceso adjudicado y celebrado,DOP,135915.04,2023-06-22,15:01:39,No,No,Servicios,No,No,No,https://comunidad.comprasdominicana.gob.do//Public/Tendering/OpportunityDetail/Index?noticeUID=DO1.NTC.1257946
DCD-UC-CD-2023-0089,904,Defensa Civil Dominicana,Compras por Debajo del Umbral,Proceso ordinario,Adquisición de equipos de almacenamiento de datos e información para ser utilizarse en las cámaras de la subdirección y el Departamento de Comunicaciones de esta Defensa Civil ,Proceso adjudicado y celebrado,DOP,11085.0,2023-06-23,10:30:03,No,No,Bienes,No,No,No,https://comunidad.comprasdominicana.gob.do//Public/Tendering/OpportunityDetail/Index?noticeUID=DO1.NTC.1258510
MIMARENA-UC-CD-2023-0089,260,Ministerio de Medio Ambiente,Compras por Debajo del Umbral,Proceso ordinario,"Contratación de servicio de alquiler de transporte, a requerimiento de este Ministerio. Dirigido a MIPYMES.",Proceso adjudicado y celebrado,DOP,205750.0,2023-07-03,10:05:04,Si,No,Servicios,No,No,No,https://comunidad.comprasdominicana.gob.do//Public/Tendering/OpportunityDetail/Index?noticeUID=DO1.NTC.1262006
HMRA-UC-CD-2023-0449,978,Hospital Materno Dr. Reynaldo Almanzar,Compras por Debajo del Umbral,Proceso ordinario,"SOL. SALINA, NIFEDIPINA, LISINA, ",Proceso adjudicado y celebrado,DOP,202590.0,2023-07-05,10:05:56,No,No,Bienes,No,No,No,https://comunidad.comprasdominicana.gob.do//Public/Tendering/OpportunityDetail/Index?noticeUID=DO1.NTC.1263509
MIDE-UC-CD-2023-0255,153,Ministerio de Defensa,Compras por Debajo del Umbral,Proceso ordinario,Adquisicion de impresora y Scanner,Proceso adjudicado y celebrado,DOP,169600.0,2023-07-07,16:50:06,No,No,Bienes,No,No,No,https://comunidad.comprasdominicana.gob.do//Public/Tendering/OpportunityDetail/Index?noticeUID=DO1.NTC.1264842
ITLA-CCC-PEPB-2023-0004,684,Instituto Tecnológico de las Américas,Procesos de Excepción,Publicidad,Adquisición de Servicios de Publicidad en Medios Impresos para esta Institución,Proceso adjudicado y celebrado,DOP,1438111.55,2023-07-07,16:06:27,No,No,Servicios,No,No,No,https://comunidad.comprasdominicana.gob.do//Public/Tendering/OpportunityDetail/Index?noticeUID=DO1.NTC.1264938
INAPA-CCC-SO-2023-0002,635,Instituto Nacional de Aguas Potables y Alcantarillados,Sorteo de Obras,Proceso ordinario,"AMPLIACIÓN REDES DE DISTRIBUCIÓN ACUEDUCTO BAJOS DE HAINA, LOS GRINGOS, LOS SERRANOS, LA PARED, LOS SOLARES, PIEDRA BLANCA, BARRIO NUEVO ENTRE CALLES, SNIP 15090 PROVINCIA SAN CRISTOBAL.",Proceso adjudicado y celebrado,DOP,184469326.5,2023-07-17,17:30:01,No,No,Obras,No,No,No,https://comunidad.comprasdominicana.gob.do//Public/Tendering/OpportunityDetail/Index?noticeUID=DO1.NTC.1269052
MIP-DAF-CM-2023-0231,141,Ministerio de Interior y Policía,Contratación Menor,Proceso ordinario,ADQUISICION DE MEDALLAS Y TROFEOS PARA ACTIVIDADES DENTRO DE LA ESTRATEGIA DE SEGURIDAD CIUDADANA MI PAIS SEGURO DE ESTE MINISTERIO.,Proceso adjudicado y celebrado,DOP,539083.0,2023-07-17,12:03:05,Si,No,Bienes,No,No,No,https://comunidad.comprasdominicana.gob.do//Public/Tendering/OpportunityDetail/Index?noticeUID=DO1.NTC.1269219
INAP-UC-CD-2023-0078,176,Instituto Nacional de Administración Pública,Compras por Debajo del Umbral,Proceso ordinario,SERVICIO DE CERRAJERIA PARA CAJA FUERTE DEL INAP,Proceso adjudicado y celebrado,DOP,10620.0,2023-07-20,14:02:46,No,No,Servicios,No,No,No,https://comunidad.comprasdominicana.gob.do//Public/Tendering/OpportunityDetail/Index?noticeUID=DO1.NTC.1271528
HMRA-UC-CD-2023-0493,978,Hospital Materno Dr. Reynaldo Almanzar,Compras por Debajo del Umbral,Proceso ordinario,DERIVADOS DE LACTEOS,Proceso adjudicado y celebrado,DOP,168323.0,2023-07-26,14:03:37,No,No,Bienes,No,No,No,https://comunidad.comprasdominicana.gob.do//Public/Tendering/OpportunityDetail/Index?noticeUID=DO1.NTC.1273524
MIP-UC-CD-2023-0331,141,Ministerio de Interior y Policía,Compras por Debajo del Umbral,Proceso ordinario,60 Uniformes de Baloncesto infantil ,Proceso adjudicado y celebrado,DOP,88216.8,2023-07-28,12:04:19,No,No,Servicios,No,No,No,https://comunidad.comprasdominicana.gob.do//Public/Tendering/OpportunityDetail/Index?noticeUID=DO1.NTC.1274714
INESPRE-DAF-CM-2023-0075,633,Instituto Estabilización de Precios,Contratación Menor,Proceso ordinario,Servicio de alquiler de Almacenes por un periodo de tres (03) meses dirigido a Mipymes Mujeres,Proceso adjudicado y celebrado,DOP,1500000.0,2023-07-28,12:40:02,Si,Si,Servicios,No,No,No,https://comunidad.comprasdominicana.gob.do//Public/Tendering/OpportunityDetail/Index?noticeUID=DO1.NTC.1274918
COAAROM-UC-CD-2023-0132,627,Corporación de Acueducto y Alcantarillado de la Romana,Compras por Debajo del Umbral,Proceso ordinario,Compra de artículos de ferretería ,Proceso adjudicado y celebrado,DOP,52000.0,2023-08-07,13:00:04,No,No,Bienes,No,No,No,https://comunidad.comprasdominicana.gob.do//Public/Tendering/OpportunityDetail/Index?noticeUID=DO1.NTC.1278231
MAPRE-DAF-CM-2023-0066,134,Ministerio Administrativo de la Presidencia,Contratación Menor,Proceso ordinario,AQUISICION DE MOBILIARIO DE OFICINA PARA LA CONSULTORIA JURIDICA  DEL PODER EJECUTIVO,Proceso adjudicado y celebrado,DOP,294577.72,2023-08-10,15:30:34,No,No,Bienes,No,No,No,https://comunidad.comprasdominicana.gob.do//Public/Tendering/OpportunityDetail/Index?noticeUID=DO1.NTC.1280437
MIMARENA-UC-CD-2023-0128,260,Ministerio de Medio Ambiente,Compras por Debajo del Umbral,Proceso ordinario,Adquisición de Botella Hidráulica. Segunda Convocatoria.,Proceso desierto,DOP,45600.0,2023-08-15,16:02:38,No,No,Bienes,No,No,No,https://comunidad.comprasdominicana.gob.do//Public/Tendering/OpportunityDetail/Index?noticeUID=DO1.NTC.1282147
Inst. Nac. de Cancer-CCC-CP-2023-0008,876,Instituto Nacional de Cancer 'Rosa E. Tavares',Comparación de Precios,Proceso ordinario,"Adquisición de Medicamentos (Medicamentos, Radiofármacos y Diagnósticos)",Proceso desierto,DOP,2735922.0,2023-08-15,14:31:03,No,No,Bienes,No,No,No,https://comunidad.comprasdominicana.gob.do//Public/Tendering/OpportunityDetail/Index?noticeUID=DO1.NTC.1281936
GCPS-DAF-CM-2023-0154,178,Gabinete de Coordinación de Políticas Sociales,Contratación Menor,Proceso ordinario,Servicio de reparación de Planta Eléctrica 550V de la Institución ,Proceso adjudicado y celebrado,DOP,500000.0,2023-08-29,15:01:03,No,No,Servicios,No,No,No,https://comunidad.comprasdominicana.gob.do//Public/Tendering/OpportunityDetail/Index?noticeUID=DO1.NTC.1287334
APORDOM-DAF-CM-2023-0042,687,APORDOM (Autoridad Portuaria Dominicana),Contratación Menor,Proceso ordinario,CONTRATACIÓN DE AGENCIA PUBLICITARIA PARA GESTIÓN DE MEDIOS.,Proceso adjudicado y celebrado,DOP,1543000.0,2023-09-01,12:00:04,No,No,Servicios,No,No,No,https://comunidad.comprasdominicana.gob.do//Public/Tendering/OpportunityDetail/Index?noticeUID=DO1.NTC.1289109
FEDA-UC-CD-2023-0042,673,Fondo Especial para el Desarrollo Agropecuario,Compras por Debajo del Umbral,Proceso ordinario,Compa de Letreros en Acrílico,Proceso adjudicado y celebrado,DOP,110889.9,2023-09-05,12:04:42,No,No,Bienes,No,No,No,https://comunidad.comprasdominicana.gob.do//Public/Tendering/OpportunityDetail/Index?noticeUID=DO1.NTC.1290811
Bellas Artes-DAF-CM-2023-0037,977,Dirección General de Bellas Artes,Contratación Menor,Proceso ordinario,"Contratación de servicios de pulido y brillado de pisos del Lobby del primer y segundo nivel, pasillo del primer nivel y segundo nivel y Despacho del Palacio de Bellas Artes.  ",Proceso adjudicado y celebrado,DOP,250000.0,2023-09-05,16:01:41,No,No,Servicios,No,No,No,https://comunidad.comprasdominicana.gob.do//Public/Tendering/OpportunityDetail/Index?noticeUID=DO1.NTC.1290330
HMLS-UC-CD-2023-0002,1308,Hospital Municipal Laguna Salada,Compras por Debajo del Umbral,Proceso ordinario,solucion salino,Proceso adjudicado y celebrado,DOP,10000.0,2023-09-07,13:15:03,No,No,Bienes,No,No,No,https://comunidad.comprasdominicana.gob.do//Public/Tendering/OpportunityDetail/Index?noticeUID=DO1.NTC.1291716
UTECO-UC-CD-2023-0006,1012,Universidad Tecnologica del Cibao Oriental,Compras por Debajo del Umbral,Proceso ordinario,"Servicio de alojamiento con desayuno, almuerzo y cena desde el 11 al 14 de septiembre, servicio de catering para 10 personas el día 11 y para 50 personas los días 12, 13 y 14 de los corrientes.",Proceso adjudicado y celebrado,DOP,107840.0,2023-09-11,08:00:06,No,No,Servicios,No,No,No,https://comunidad.comprasdominicana.gob.do//Public/Tendering/OpportunityDetail/Index?noticeUID=DO1.NTC.1292801
MEPyD-UC-CD-2023-0086,131,"Ministerio de Economía, Planificación y Desarrollo",Compras por Debajo del Umbral,Proceso ordinario,Adquisición de Buzones y Placas en Acrilico,Proceso adjudicado y celebrado,DOP,163000.0,2023-09-15,12:05:33,No,No,Bienes,No,No,No,https://comunidad.comprasdominicana.gob.do//Public/Tendering/OpportunityDetail/Index?noticeUID=DO1.NTC.1295225
IDOPPRIL-UC-CD-2023-0148,735,Instituto Dominicano de la Prevención y Protección de Riesgos Laborales,Compras por Debajo del Umbral,Proceso ordinario,ADQUISICION DE CORONA FUNEBRE ,Proceso adjudicado y celebrado,DOP,11000.0,2023-09-18,15:01:22,Si,No,Bienes,No,No,No,https://comunidad.comprasdominicana.gob.do//Public/Tendering/OpportunityDetail/Index?noticeUID=DO1.NTC.1295923
GCPS-UC-CD-2023-0263,178,Gabinete de Coordinación de Políticas Sociales,Compras por Debajo del Umbral,Proceso ordinario,Adquisición de Gasoil para uso de la Institución ,Proceso adjudicado y celebrado,DOP,199440.0,2023-09-18,12:30:05,No,No,Bienes,No,No,No,https://comunidad.comprasdominicana.gob.do//Public/Tendering/OpportunityDetail/Index?noticeUID=DO1.NTC.1296116
DGM-DAF-CM-2023-0066,143,Dirección General de Migración,Contratación Menor,Proceso ordinario,  ADQUISICION DE LICENCIAMIENTO DE GESTION DE SEGURIDAD (FORTI AUTHENTICATOR),Proceso adjudicado y celebrado,DOP,1500000.0,2023-09-20,14:02:24,No,No,Servicios,No,No,No,https://comunidad.comprasdominicana.gob.do//Public/Tendering/OpportunityDetail/Index?noticeUID=DO1.NTC.1296929
COE-UC-CD-2023-0020,892,Centro de Operaciones de Emergencias,Compras por Debajo del Umbral,Proceso ordinario,"ADQUISICIÓN DE GAS LICUADO DE PETRÓLEO, PARA SER UTILIZADO EN LA PREPARACIÓN DE LOS ALIMENTOS AL PERSONAL QUE LABORA EN EL CENTRO DE OPERACIONES DE EMERGENCIAS, COE.",Proceso adjudicado y celebrado,DOP,5967.0,2023-09-21,15:03:41,No,No,Bienes,No,No,No,https://comunidad.comprasdominicana.gob.do//Public/Tendering/OpportunityDetail/Index?noticeUID=DO1.NTC.1297634
CORAASAN-UC-CD-2023-0254,626,Corporación de Acueducto y Alcantarillado de Santiago,Compras por Debajo del Umbral,Proceso ordinario,Adquisición de máquinas de sumar y archiveros.,Proceso adjudicado y celebrado,DOP,103936.42,2023-10-03,11:15:04,No,No,Bienes,No,No,No,https://comunidad.comprasdominicana.gob.do//Public/Tendering/OpportunityDetail/Index?noticeUID=DO1.NTC.1302716
EDESUR-UC-CD-2023-0023,815,Empresa Distribuidora de Electricidad del Sur,Compras por Debajo del Umbral,Proceso ordinario,"Contratación servicio de evaluación, calibración y mantenimiento analizador de calidad baja tensión y tester funcional mester",Proceso desierto,DOP,113200.0,2023-10-05,18:00:02,No,No,Servicios,No,No,No,https://comunidad.comprasdominicana.gob.do//Public/Tendering/OpportunityDetail/Index?noticeUID=DO1.NTC.1303636
HSLM-UC-CD-2023-0527,1069,Hospital Materno Infantil San Lorenzo de Los Minas,Compras por Debajo del Umbral,Proceso ordinario,SOLUCION SALINA 0.9% 1000 ML FRASCO,Proceso adjudicado y celebrado,DOP,200000.0,2023-10-09,14:02:01,No,No,Bienes,No,No,No,https://comunidad.comprasdominicana.gob.do//Public/Tendering/OpportunityDetail/Index?noticeUID=DO1.NTC.1305124
EGEHID-UC-CD-2023-0124,580,Empresa de Generación Hidroélectrica Dominicana,Compras por Debajo del Umbral,Proceso ordinario,"CONTRATACION DE UN SERVICIO DE ALQUILER DE SONIDO PARA  MONTAJE DEL EVENTO DEL FORO DE SANTIAGO DE LOS CABALLEROS, SOLICITADO POR LA GERENCIA DE PROTOCOLO ",Proceso adjudicado y celebrado,DOP,205000.0,2023-10-09,17:25:27,No,No,Servicios,No,No,No,https://comunidad.comprasdominicana.gob.do//Public/Tendering/OpportunityDetail/Index?noticeUID=DO1.NTC.1304740
INESPRE-UC-CD-2023-0116,633,Instituto Estabilización de Precios,Compras por Debajo del Umbral,Proceso ordinario,Servicios de Picaderas para los Talleres de Redacción y Presentación de Informes Técnicos (Compras Verdes),Proceso adjudicado y celebrado,DOP,97000.0,2023-10-10,12:26:06,No,No,Servicios,No,Si,No,https://comunidad.comprasdominicana.gob.do//Public/Tendering/OpportunityDetail/Index?noticeUID=DO1.NTC.1305315
MISPAS-UC-CD-2023-0170,240,Ministerio de Salud Pública y Asistencia Social,Compras por Debajo del Umbral,Proceso ordinario,"ADQUISICION DE MATERIALES ELECTRICOS Y AFINES, DIRIGIDO A MIPYMES.",Proceso adjudicado y celebrado,DOP,85313.0,2023-10-11,16:25:02,Si,No,Bienes,No,No,No,https://comunidad.comprasdominicana.gob.do//Public/Tendering/OpportunityDetail/Index?noticeUID=DO1.NTC.1306331
HTDDC-UC-CD-2023-0031,1105,Hospital Traumatológico Dr. Darío Contreras,Compras por Debajo del Umbral,Proceso ordinario,ADQUISICIÓN DE PINTURA  PARA EL HOSPITAL TRAUMATOLOGICO DR. DARIO CONTRERAS ,Proceso adjudicado y celebrado,DOP,190000.0,2023-10-11,13:15:05,No,No,Bienes,No,No,No,https://comunidad.comprasdominicana.gob.do//Public/Tendering/OpportunityDetail/Index?noticeUID=DO1.NTC.1306106
CONANI-DAF-CM-2023-0113,843,Consejo Nacional para la Niñez y la Adolescencia,Contratación Menor,Proceso ordinario,Adquisición de termos térmicos para uso de los colaboradores de la institución (Exclusivo Para Mi Pymes Mujer),Proceso adjudicado y celebrado,DOP,1500000.0,2023-10-16,18:00:01,Si,Si,Bienes,No,No,No,https://comunidad.comprasdominicana.gob.do//Public/Tendering/OpportunityDetail/Index?noticeUID=DO1.NTC.1307852
CORAASAN-UC-CD-2023-0269,626,Corporación de Acueducto y Alcantarillado de Santiago,Compras por Debajo del Umbral,Proceso ordinario,Adquisición de método estándar para Laboratorio AP,Proceso adjudicado y celebrado,DOP,100923.3,2023-10-17,13:20:04,No,No,Bienes,No,No,No,https://comunidad.comprasdominicana.gob.do//Public/Tendering/OpportunityDetail/Index?noticeUID=DO1.NTC.1308709
Defensor del Pueblo-UC-CD-2023-0167,964,Defensor del Pueblo,Compras por Debajo del Umbral,Proceso ordinario,Servicios de instalación de aires acondicionados para uso institucional.,Proceso adjudicado y celebrado,DOP,70200.0,2023-10-19,11:03:45,No,No,Servicios,No,No,No,https://comunidad.comprasdominicana.gob.do//Public/Tendering/OpportunityDetail/Index?noticeUID=DO1.NTC.1309615
Dpto. Aeroportuario-CCC-CP-2023-0018,676,Departamento Aeroportuario,Comparación de Precios,Proceso ordinario,"Contratación de Firma Consultora para la Realización de Estudio de Factibilidad  Aeronáutica del Proyecto Aeropuerto Internacional Cabo Rojo, a ser construido en la localidad de Tres Charcos.",Proceso adjudicado y celebrado,DOP,3410472.6,2023-10-24,14:03:06,No,No,Servicios,No,No,No,https://comunidad.comprasdominicana.gob.do//Public/Tendering/OpportunityDetail/Index?noticeUID=DO1.NTC.1311828
Hosp Marcelino Velez-DAF-CM-2023-0218,881,Hospital General Regional Dr. Macelino Velez Santana,Contratación Menor,Proceso ordinario,"COMPRAS DE INSUMOS MEDICOS TUBO, CATETER VARIOS ",Proceso adjudicado y celebrado,DOP,1273067.0,2023-10-30,15:30:04,No,No,Bienes,No,No,No,https://comunidad.comprasdominicana.gob.do//Public/Tendering/OpportunityDetail/Index?noticeUID=DO1.NTC.1314646
AYUNT LOS ALCARRIZOS-DAF-CM-2023-0049,721,Ayuntamiento Municipal de Los Alcarrizos,Contratación Menor,Proceso ordinario,ALQUILER DE CUATRO (4) CAMIONES VOLTEOS,Proceso adjudicado y celebrado,DOP,1512000.0,2023-10-30,12:12:40,No,No,Servicios,No,No,No,https://comunidad.comprasdominicana.gob.do//Public/Tendering/OpportunityDetail/Index?noticeUID=DO1.NTC.1314425
HPDHG-DAF-CM-2023-0255,928,Hospital Pediátrico Dr. Hugo De Mendoza (HPHM),Contratación Menor,Proceso ordinario,COMPRA DE ANTIBIOTICOS,Proceso adjudicado y celebrado,DOP,1524000.0,2023-11-07,09:10:07,No,No,Bienes,No,No,No,https://comunidad.comprasdominicana.gob.do//Public/Tendering/OpportunityDetail/Index?noticeUID=DO1.NTC.1317612
MIDE-UC-CD-2023-0448,153,Ministerio de Defensa,Compras por Debajo del Umbral,Proceso ordinario,Adquisición de neveras cooler full size/ruedas,Proceso adjudicado y celebrado,DOP,140450.0,2023-11-09,16:40:08,No,No,Bienes,No,No,No,https://comunidad.comprasdominicana.gob.do//Public/Tendering/OpportunityDetail/Index?noticeUID=DO1.NTC.1319052
ISFODOSU-DAF-CM-2023-0369,883,Instituto Superior de Formación Docente Salomé Ureña,Contratación Menor,Proceso ordinario,Recinto 2- EPH-Santiago-Servicio de Instalación de Transmisión nueva para Vehículo asignado a la Vicerrectora del Recinto Emilio Prud’Homme.,Proceso adjudicado y celebrado,DOP,694253.0,2023-11-13,12:03:04,No,No,Servicios,No,No,No,https://comunidad.comprasdominicana.gob.do//Public/Tendering/OpportunityDetail/Index?noticeUID=DO1.NTC.1319914
HMY-UC-CD-2023-0082,1143,Hospital Municipal de Yamasá,Compras por Debajo del Umbral,Proceso ordinario,ADQUISICION DE COMPUTADORA LAPTO ,Proceso adjudicado y celebrado,DOP,45000.0,2023-11-21,10:40:16,No,No,Bienes,No,No,No,https://comunidad.comprasdominicana.gob.do//Public/Tendering/OpportunityDetail/Index?noticeUID=DO1.NTC.1324908
DGII-UC-CD-2023-0230,224,Dirección General Impuestos Internos,Compras por Debajo del Umbral,Proceso ordinario,Servicio de Refrigerio para Actividad de Integración de la Sede Central de la DGII. Proceso dirigido a Mipymes,Proceso adjudicado y celebrado,DOP,107500.0,2023-11-22,16:25:06,Si,No,Servicios,No,No,No,https://comunidad.comprasdominicana.gob.do//Public/Tendering/OpportunityDetail/Index?noticeUID=DO1.NTC.1325371
CODOPESCA-UC-CD-2023-0077,896,Consejo Dominicano de Pesca y Acuicultura,Compras por Debajo del Umbral,Proceso ordinario,ADQUISICIÓN DE MATERIALES DE LIMPIEZA,Proceso adjudicado y celebrado,DOP,179990.24,2023-11-23,14:03:29,Si,Si,Bienes,No,No,No,https://comunidad.comprasdominicana.gob.do//Public/Tendering/OpportunityDetail/Index?noticeUID=DO1.NTC.1326026
DGCN-UC-CD-2023-0101,196,Dirección General de Catastro Nacional,Compras por Debajo del Umbral,Proceso ordinario,SERVICIOS DE MANTENIMIENTOS DE LOS EXTINTORES Y AIRES ACONDICIONADOS DE LA SEDE CENTRAL Y LAS DIFERENTES DELEGACIONES.,Proceso adjudicado y celebrado,DOP,178721.96,2023-11-27,14:45:10,No,No,Servicios,No,No,No,https://comunidad.comprasdominicana.gob.do//Public/Tendering/OpportunityDetail/Index?noticeUID=DO1.NTC.1326945
ETED-DAF-CM-2023-0315,612,Empresa de Transmisión Eléctrica Dominicana,Contratación Menor,Proceso ordinario,SERVICIO DE CATERING PARA LAS REUNIONES DEL CONSEJO DIRECTIVO PARA EL PERIODO ENERO-JULIO 2024,Proceso adjudicado y celebrado,DOP,780000.0,2023-11-27,17:00:45,Si,No,Servicios,No,No,No,https://comunidad.comprasdominicana.gob.do//Public/Tendering/OpportunityDetail/Index?noticeUID=DO1.NTC.1327357
INAFOCAM-DAF-CM-2023-0052,878,Instituto Nacional de Formacion y Capacitacion del Magisterio,Contratación Menor,Proceso ordinario,Adquisición de tóner para ser utilizados por los diferentes Departamentos del Inafocam,Proceso adjudicado y celebrado,DOP,1444643.78,2023-11-29,09:10:05,No,No,Servicios,No,No,No,https://comunidad.comprasdominicana.gob.do//Public/Tendering/OpportunityDetail/Index?noticeUID=DO1.NTC.1328705
ITSC-DAF-CM-2023-0048,863,Instituto Técnico Superior Comunitario,Contratación Menor,Proceso ordinario,Adquisición de Materiales ,Proceso adjudicado y celebrado,DOP,354707.84,2023-11-29,18:00:38,No,No,Bienes,No,No,No,https://comunidad.comprasdominicana.gob.do//Public/Tendering/OpportunityDetail/Index?noticeUID=DO1.NTC.1328761
SIPEN-UC-CD-2023-0161,674,Superintendencia de Pensiones,Compras por Debajo del Umbral,Proceso ordinario,Adquisición de laminado para carnet ,Proceso adjudicado y celebrado,DOP,13800.0,2023-12-05,15:13:36,No,No,Bienes,No,No,No,https://comunidad.comprasdominicana.gob.do//Public/Tendering/OpportunityDetail/Index?noticeUID=DO1.NTC.1330639
CPADB-DAF-CM-2023-0048,204,Comisión Presidencial Apoyo Desarrollo Barrial,Contratación Menor,Proceso ordinario,"Adquisición de equipos de Salón de Belleza, para ser donados a diferentes Barrios del Gran Santo Domingo, Santiago y Provincia Duarte.’’",Proceso adjudicado y celebrado,DOP,1542500.0,2023-12-06,16:12:10,No,No,Bienes,No,No,No,https://comunidad.comprasdominicana.gob.do//Public/Tendering/OpportunityDetail/Index?noticeUID=DO1.NTC.1331553
HPDHG-UC-CD-2023-0738,928,Hospital Pediátrico Dr. Hugo De Mendoza (HPHM),Compras por Debajo del Umbral,Proceso ordinario,COMPRA DE PIERNAS CERDO Y POLLOS ENTEROS ,Proceso adjudicado y celebrado,DOP,83250.0,2023-12-08,13:40:07,No,No,Bienes,No,No,No,https://comunidad.comprasdominicana.gob.do//Public/Tendering/OpportunityDetail/Index?noticeUID=DO1.NTC.1332627
DGII-CCC-PEPU-2023-0032,224,Dirección General Impuestos Internos,Procesos de Excepción,Proveedor único,Renovación del Contrato Alquiler Local San Cristóbal.,Proceso adjudicado y celebrado,DOP,17067443.88,2023-12-12,16:00:04,No,No,Servicios,No,No,No,https://comunidad.comprasdominicana.gob.do//Public/Tendering/OpportunityDetail/Index?noticeUID=DO1.NTC.1333864
HPPEM-UC-CD-2023-0172,1084,Hospital Provincial Dr. Pedro E. Marchena,Compras por Debajo del Umbral,Proceso ordinario,ADQUISICION DE CARNES PARA EL USO DE ESTE CENTRO HOSPITALARIO ,Proceso adjudicado y celebrado,DOP,205500.0,2023-12-12,13:01:33,No,No,Bienes,No,No,No,https://comunidad.comprasdominicana.gob.do//Public/Tendering/OpportunityDetail/Index?noticeUID=DO1.NTC.1333728
CNSS-UC-CD-2023-0212,586,Consejo Nacional de la Seguridad Social,Compras por Debajo del Umbral,Proceso ordinario,ADQUISICION DE CABLES Y SPLITTER DIRIGIDA A MIPYMES,Proceso adjudicado y celebrado,DOP,106200.0,2023-12-13,15:10:58,Si,No,Bienes,No,No,No,https://comunidad.comprasdominicana.gob.do//Public/Tendering/OpportunityDetail/Index?noticeUID=DO1.NTC.1334250
CECCOM-DAF-CM-2023-0019,882,Cuerpo Especializado de Control de Combustibles,Contratación Menor,Proceso ordinario,Solicitud de servicio de alquiler,Proceso adjudicado y celebrado,DOP,550000.0,2023-12-13,13:31:16,No,No,Servicios,No,No,No,https://comunidad.comprasdominicana.gob.do//Public/Tendering/OpportunityDetail/Index?noticeUID=DO1.NTC.1334534
ONE-UC-CD-2023-0155,218,Oficina Nacional de Estadísticas,Compras por Debajo del Umbral,Proceso ordinario,“SERVICIO DE LAVANDERIA (LAVADO DE MANTELES)”.,Proceso adjudicado y celebrado,DOP,4444.0,2023-12-15,15:32:24,No,No,Servicios,No,No,No,https://comunidad.comprasdominicana.gob.do//Public/Tendering/OpportunityDetail/Index?noticeUID=DO1.NTC.1335750
HOSPITAL CENTRAL FFA-UC-CD-2024-0002,157,Hospital Central de las FFAA,Compras por Debajo del Umbral,Proceso ordinario,Adquisición de Materiales Médicos ,Proceso adjudicado y celebrado,DOP,213793.18,2024-01-18,10:50:01,No,No,Bienes,No,No,No,https://comunidad.comprasdominicana.gob.do//Public/Tendering/OpportunityDetail/Index?noticeUID=DO1.NTC.1350408
MEPyD-UC-CD-2024-0006,131,"Ministerio de Economía, Planificación y Desarrollo",Compras por Debajo del Umbral,Proceso ordinario,Adquisición e instalación de puerta flotante para VIOTDR.,Proceso adjudicado y celebrado,DOP,180000.0,2024-02-02,11:02:22,No,No,Bienes,No,No,No,https://comunidad.comprasdominicana.gob.do//Public/Tendering/OpportunityDetail/Index?noticeUID=DO1.NTC.1357408
FONPER-DAF-CM-2024-0005,660,Fondo Patrimonial para las Empresas Reformadas,Contratación Menor,Proceso ordinario,Adquisición de horno rotativo para proyectos pendientes de entrega.,Proceso adjudicado y celebrado,DOP,1623149.0,2024-02-05,16:01:00,Si,No,Bienes,No,No,No,https://comunidad.comprasdominicana.gob.do//Public/Tendering/OpportunityDetail/Index?noticeUID=DO1.NTC.1358048
DGDM-UC-CD-2024-0001,1369,Dirección General de Museos,Compras por Debajo del Umbral,Proceso ordinario,Servicio de mantenimiento preventivo y reparaciones mínimas de las unidades de aires acondicionados de varios Museos.”.,Proceso adjudicado y celebrado,DOP,234000.0,2024-02-07,14:00:35,Si,No,Servicios,No,No,No,https://comunidad.comprasdominicana.gob.do//Public/Tendering/OpportunityDetail/Index?noticeUID=DO1.NTC.1359129
DGAP-UC-CD-2024-0047,223,Dirección General de Aduanas y Puertos,Compras por Debajo del Umbral,Proceso ordinario,Suministro e instalación de láminas para shutter principal administración AILA carga.,Proceso adjudicado y celebrado,DOP,177295.0,2024-02-14,17:00:29,Si,No,Servicios,No,No,No,https://comunidad.comprasdominicana.gob.do//Public/Tendering/OpportunityDetail/Index?noticeUID=DO1.NTC.1362746
IIBI-DAF-CD-2024-0005,694,Instituto de Innovación en Biotecnología e Industria,Compras por Debajo del Umbral,Proceso ordinario,SERVICIO DE MANTENIMIENTO PREVENTIVO DE DOS ASCENSORES DE LA INSTITUCION POR 12 MESES.,Proceso adjudicado y celebrado,DOP,102000.0,2024-02-19,15:30:02,No,No,Servicios,No,No,No,https://comunidad.comprasdominicana.gob.do//Public/Tendering/OpportunityDetail/Index?noticeUID=DO1.NTC.1365135
MAPRE-CCC-CP-2024-0006,134,Ministerio Administrativo de la Presidencia,Comparación de Precios,Proceso ordinario,CONTRATACION DE SERVICIOS DE TALLERES EXTERNOS,Proceso adjudicado y celebrado,DOP,5300000.0,2024-02-20,10:01:02,No,No,Servicios,No,No,No,https://comunidad.comprasdominicana.gob.do//Public/Tendering/OpportunityDetail/Index?noticeUID=DO1.NTC.1365803
ODAC-DAF-CD-2024-0007,872,Organismo Dominicano de Acreditación,Compras por Debajo del Umbral,Proceso ordinario,"Adquisición de Materiales y Suministro de Oficina Correspondientes al 1er trimestre del año 2024, para ser Utilizados por este Organismo Dominicano de Acreditación (ODAC).",Proceso adjudicado y celebrado,DOP,19890.46,2024-02-21,09:00:16,No,No,Bienes,No,No,No,https://comunidad.comprasdominicana.gob.do//Public/Tendering/OpportunityDetail/Index?noticeUID=DO1.NTC.1366005
MINISTERIO HACIENDA-DAF-CD-2024-0016,4,Ministerio de Hacienda,Compras por Debajo del Umbral,Proceso ordinario,Adquisición de suministros tecnológicos para la Asamblea de Reuniones Anuales de Gobernadores del BID y del BID-INVEST,Proceso adjudicado y celebrado,DOP,204000.0,2024-02-22,15:01:42,No,No,Bienes,No,No,No,https://comunidad.comprasdominicana.gob.do//Public/Tendering/OpportunityDetail/Index?noticeUID=DO1.NTC.1366528
CDC-DAF-CD-2024-0005,866,Comision de Defensa Comercial,Compras por Debajo del Umbral,Proceso ordinario,Reparación aires acondicionados ,Proceso adjudicado y celebrado,DOP,15340.0,2024-02-28,14:04:43,No,No,Servicios,No,No,No,https://comunidad.comprasdominicana.gob.do//Public/Tendering/OpportunityDetail/Index?noticeUID=DO1.NTC.1368332
MIP-DAF-CD-2024-0016,141,Ministerio de Interior y Policía,Compras por Debajo del Umbral,Proceso ordinario,Contratación de servicios para gestión de eventos para reunión con líderes comunitarios ,Proceso adjudicado y celebrado,DOP,232460.0,2024-02-29,16:30:05,Si,No,Servicios,No,No,No,https://comunidad.comprasdominicana.gob.do//Public/Tendering/OpportunityDetail/Index?noticeUID=DO1.NTC.1369127
AGRICULTURA-DAF-CM-2024-0014,226,Ministerio de Agricultura,Contratación Menor,Proceso ordinario,REPARACION A TODO COSTO CON PIEZAS INCLUIDAS,Proceso adjudicado y celebrado,DOP,1370854.19,2024-03-08,12:07:19,Si,No,Servicios,No,No,No,https://comunidad.comprasdominicana.gob.do//Public/Tendering/OpportunityDetail/Index?noticeUID=DO1.NTC.1372522
HRJPP-DAF-CD-2024-0028,1091,Hospital Regional Juan Pablo Pina,Compras por Debajo del Umbral,Proceso ordinario,ADQUISICION DE GAS.,Proceso adjudicado y celebrado,DOP,86190.0,2024-03-13,12:07:07,No,No,Bienes,No,No,No,https://comunidad.comprasdominicana.gob.do//Public/Tendering/OpportunityDetail/Index?noticeUID=DO1.NTC.1374722
CONAPE-CCC-CP-2024-0001,210,Consejo Nacional de la Persona Envejeciente,Comparación de Precios,Proceso ordinario,LICENCIAS Y SOFTWARE PARA USO INSTITUCIONAL,Proceso adjudicado y celebrado,DOP,2372000.0,2024-03-13,16:05:45,No,No,Servicios,No,No,No,https://comunidad.comprasdominicana.gob.do//Public/Tendering/OpportunityDetail/Index?noticeUID=DO1.NTC.1374545
COAAROM-DAF-CD-2024-0019,627,Corporación de Acueducto y Alcantarillado de la Romana,Compras por Debajo del Umbral,Proceso ordinario,COMPRA PIEZAS VEHICULO JAC,Proceso adjudicado y celebrado,DOP,58979.94,2024-03-19,15:03:22,No,No,Bienes,No,No,No,https://comunidad.comprasdominicana.gob.do//Public/Tendering/OpportunityDetail/Index?noticeUID=DO1.NTC.1377226
ISFODOSU-DAF-CM-2024-0041,883,Instituto Superior de Formación Docente Salomé Ureña,Contratación Menor,Proceso ordinario,"REC- Adquisición de artículos para reconocimiento (pines, placas, medallas, estatuillas y trofeos), para el recinto FEM y Rectoría del ISFODOSU.",Proceso adjudicado y celebrado,DOP,1481072.99,2024-03-25,15:30:43,No,No,Bienes,No,No,No,https://comunidad.comprasdominicana.gob.do//Public/Tendering/OpportunityDetail/Index?noticeUID=DO1.NTC.1379228
Hosp. Juan Bosch-DAF-CD-2024-0052,945,Hospital Traumatológico y Quirúrgico del Cibao Central Juan Bosch,Compras por Debajo del Umbral,Proceso ordinario,SERVICIO DE REPARACION Y MANTENIMIENTO E INSTALACION DEL MOTOR MONOFASICO DE LA SECADORA INDUSTRIAL ,Proceso adjudicado y celebrado,DOP,193346.54,2024-03-25,14:22:01,No,No,Servicios,No,No,No,https://comunidad.comprasdominicana.gob.do//Public/Tendering/OpportunityDetail/Index?noticeUID=DO1.NTC.1379122
UTEPDA-DAF-CM-2024-0023,1018,Unidad Técnica Ejecutora de Proyectos de Desarrollo Agroforestal,Contratación Menor,Proceso ordinario,"COMPRA DE KITS PARA LA ELABORACION DE HABICHUELAS CON DULCES, PARA SER DISTRIBUIDOS EN LOS DIFERENTES PROYECTOS DE LA UTEPDA,",Proceso desierto,DOP,1701200.0,2024-03-26,17:00:33,Si,No,Bienes,No,No,No,https://comunidad.comprasdominicana.gob.do//Public/Tendering/OpportunityDetail/Index?noticeUID=DO1.NTC.1380048
SRSNORC-DAF-CM-2024-0021,1048,SERVICIO REGIONAL DE SALUD CIBAO NORTE,Contratación Menor,Proceso ordinario,INTRUMENTOS DE ODONTOLOGIA PARA DEPENDENCIAS DEL SRSN II,Proceso adjudicado y celebrado,DOP,627100.0,2024-03-26,14:00:02,No,No,Bienes,No,No,No,https://comunidad.comprasdominicana.gob.do//Public/Tendering/OpportunityDetail/Index?noticeUID=DO1.NTC.1380122
ISFODOSU-DAF-CM-2024-0057,883,Instituto Superior de Formación Docente Salomé Ureña,Contratación Menor,Proceso ordinario,"Rec-Alquiler Salon de Hotel  para el almuerzo de los Directivos, personal administrativo y apoyo, participantes en la graduación extraordinaria abril 2024.",Proceso adjudicado y celebrado,DOP,485000.0,2024-03-27,10:03:13,No,No,Servicios,No,No,No,https://comunidad.comprasdominicana.gob.do//Public/Tendering/OpportunityDetail/Index?noticeUID=DO1.NTC.1380507
SISALRIL-CCC-CP-2024-0003,591,Superintendencia de Salud y Riesgos Laborales,Comparación de Precios,Proceso ordinario,SERVICIO DE TRANSPORTE INSTITUCIONAL ,Proceso adjudicado y celebrado,DOP,3500000.0,2024-04-10,08:02:12,No,No,Servicios,No,No,No,https://comunidad.comprasdominicana.gob.do//Public/Tendering/OpportunityDetail/Index?noticeUID=DO1.NTC.1385702
MEM-DAF-CM-2024-0047,916,Ministerio de Energía y Minas,Contratación Menor,Proceso ordinario,Adquisición de materiales AA materiales ferreteros MEM,Proceso adjudicado y celebrado,DOP,484350.0,2024-04-18,11:01:56,No,No,Bienes,No,No,No,https://comunidad.comprasdominicana.gob.do//Public/Tendering/OpportunityDetail/Index?noticeUID=DO1.NTC.1389511
SIUBEN-DAF-CD-2024-0018,195,Sistema Unico de Beneficiarios (SIUBEN),Compras por Debajo del Umbral,Proceso ordinario,"Compra de materiales para mantenimientos internos para uso en oficinas SIUBEN, destinada a empresas Mipymes Mujer, Compras Verdes",Proceso desierto,DOP,115174.0,2024-04-23,12:07:00,Si,Si,Bienes,No,Si,No,https://comunidad.comprasdominicana.gob.do//Public/Tendering/OpportunityDetail/Index?noticeUID=DO1.NTC.1391321
HRCL-DAF-CD-2024-0011,1120,Hospital Dr. Rodolfo De La Cruz Lora,Compras por Debajo del Umbral,Proceso ordinario,LA ADQUISICIÓN DE MEDICAMENTOS CONTROLADOS PARA SER USADOS EN LAS CIRUGÍAS DE PACIENTES INGRESADIOS DEL HOSPITAL RODOLFO DE LA CRUZ LORA.,Proceso adjudicado y celebrado,DOP,146250.0,2024-04-23,08:06:13,No,No,Bienes,No,No,No,https://comunidad.comprasdominicana.gob.do//Public/Tendering/OpportunityDetail/Index?noticeUID=DO1.NTC.1391102
MINISTERIO HACIENDA-DAF-CD-2024-0038,4,Ministerio de Hacienda,Compras por Debajo del Umbral,Proceso ordinario,ADQUISICIÓN DE ARTÍCULOS FERRETEROS PARA EL DEPARTAMENTO DE SERVICIO GENERALES DEL MH.,Proceso adjudicado y celebrado,DOP,66500.0,2024-04-23,09:31:09,Si,No,Bienes,No,No,No,https://comunidad.comprasdominicana.gob.do//Public/Tendering/OpportunityDetail/Index?noticeUID=DO1.NTC.1391107
DGAP-DAF-CD-2024-0076,223,Dirección General de Aduanas y Puertos,Compras por Debajo del Umbral,Proceso ordinario,"Adquisición de cintas para impresoras y caja de cartón, DGA. ",Proceso adjudicado y celebrado,DOP,117750.0,2024-04-24,17:10:05,Si,No,Bienes,No,No,No,https://comunidad.comprasdominicana.gob.do//Public/Tendering/OpportunityDetail/Index?noticeUID=DO1.NTC.1391870
MIMARENA-DAF-CM-2024-0044,260,Ministerio de Medio Ambiente,Contratación Menor,Proceso ordinario,Contratación de los servicios de instalacion de puntos de red para el uso de este Ministerio. Por desmonte/a Requerimiento. 2da. Convocatoria.,Proceso adjudicado y celebrado,DOP,600000.0,2024-05-02,11:00:02,No,No,Servicios,No,No,No,https://comunidad.comprasdominicana.gob.do//Public/Tendering/OpportunityDetail/Index?noticeUID=DO1.NTC.1394914
HDRJM-DAF-CD-2024-0089,1092,Hospital Provincial Dr. Rafael J. Mañón,Compras por Debajo del Umbral,Proceso ordinario,MEDICAMENTOS,Proceso adjudicado y celebrado,DOP,176250.0,2024-05-02,15:09:02,No,No,Bienes,No,No,No,https://comunidad.comprasdominicana.gob.do//Public/Tendering/OpportunityDetail/Index?noticeUID=DO1.NTC.1394833
CECANOT-DAF-CM-2024-0122,885,Centro Cardio-Neuro Oftalmologico y Trasplante,Contratación Menor,Proceso ordinario,"SERVICIO DE EVALUACION, REPARACION Y PUESTA EN MARCHA DE LA PLANTA DE TRATAMIENTO DE DESECHOS BIOMEDICOS DE CSLEA",Cancelado,DOP,1760816.41,2024-05-03,15:03:53,No,No,Servicios,No,No,No,https://comunidad.comprasdominicana.gob.do//Public/Tendering/OpportunityDetail/Index?noticeUID=DO1.NTC.1395333
CORAASAN-DAF-CM-2024-0043,626,Corporación de Acueducto y Alcantarillado de Santiago,Contratación Menor,Proceso ordinario,Adquisición de baterías. Proceso dirigido a MIPYMES,Proceso adjudicado y celebrado,DOP,669789.19,2024-05-08,12:05:30,Si,No,Bienes,No,No,No,https://comunidad.comprasdominicana.gob.do//Public/Tendering/OpportunityDetail/Index?noticeUID=DO1.NTC.1397715
PROMESECAL-DAF-CD-2024-0028,582,Programa de Medicamentos Esenciales,Compras por Debajo del Umbral,Proceso ordinario,"ADQUISICIÓN DE LÁMPARAS LED DE 72W PARA USO DE LAS FARMACIAS DEL PUEBLO, DIRIGIDO A MIPYMES MUJER.",Proceso adjudicado y celebrado,DOP,140892.0,2024-05-08,15:25:05,Si,Si,Bienes,No,No,No,https://comunidad.comprasdominicana.gob.do//Public/Tendering/OpportunityDetail/Index?noticeUID=DO1.NTC.1397340
HPDHG-DAF-CD-2024-0186,928,Hospital Pediátrico Dr. Hugo De Mendoza (HPHM),Compras por Debajo del Umbral,Proceso ordinario,CONTRACIÓN SERVICIO INGENIERÍA CIVÍL Y/O ARQUITECTURA,Proceso adjudicado y celebrado,DOP,234000.0,2024-05-09,16:02:59,No,No,Servicios,No,No,No,https://comunidad.comprasdominicana.gob.do//Public/Tendering/OpportunityDetail/Index?noticeUID=DO1.NTC.1398054
EDENORTE-DAF-CM-2024-0016,698,Empresa de Distribución Eléctrica del Norte,Contratación Menor,Proceso ordinario,"ADQUISICIÓN DE CINTAS DE BACKUP Y LIMPIEZA LT 06 PARA EDENORTE DIRIGIDO A MIPYME, PRIMERA CONVOCATORIA.",Proceso adjudicado y celebrado,DOP,704925.0,2024-05-09,11:00:39,Si,No,Bienes,No,No,No,https://comunidad.comprasdominicana.gob.do//Public/Tendering/OpportunityDetail/Index?noticeUID=DO1.NTC.1398110
SUPBANCO-DAF-CD-2024-0050,639,Superintendencia de Bancos,Compras por Debajo del Umbral,Proceso ordinario,[PRESENTAR OFERTA SIN ITBIS] Suministro e instalación de plantas y maceteros en la Sede de la Superintendencia de Bancos.,Proceso adjudicado y celebrado,DOP,211617.5,2024-05-10,11:59:05,No,No,Servicios,No,No,No,https://comunidad.comprasdominicana.gob.do//Public/Tendering/OpportunityDetail/Index?noticeUID=DO1.NTC.1398523
HOSPNEYARIAS-DAF-CD-2024-0184,862,Hospital Traumatológico Dr. Ney Arias Lora,Compras por Debajo del Umbral,Proceso ordinario,TRANSPORTE DE MEDICAMENTOS,Proceso adjudicado y celebrado,DOP,118000.0,2024-05-13,08:20:03,No,No,Servicios,No,No,No,https://comunidad.comprasdominicana.gob.do//Public/Tendering/OpportunityDetail/Index?noticeUID=DO1.NTC.1399505
HFMG-DAF-CD-2024-0059,1123,Hospital Félix María Goico,Compras por Debajo del Umbral,Proceso ordinario,COMPRA DE REACTIVO DE LABORATORIO ,Proceso adjudicado y celebrado,DOP,93813.0,2024-05-14,12:13:03,No,No,Bienes,No,No,No,https://comunidad.comprasdominicana.gob.do//Public/Tendering/OpportunityDetail/Index?noticeUID=DO1.NTC.1400015
INTRANT-DAF-CM-2024-0013,249,Instituto Nacional de Transito y Transporte Terrestre,Contratación Menor,Proceso ordinario,Servicio de Impresión de rótulos para ser colocados en vehículos de transporte de pasajeros a nivel nacional.,Proceso adjudicado y celebrado,DOP,1700000.0,2024-05-20,14:00:05,No,No,Servicios,No,No,No,https://comunidad.comprasdominicana.gob.do//Public/Tendering/OpportunityDetail/Index?noticeUID=DO1.NTC.1402328
INAIPI-CCC-PEPU-2024-0003,946,Instituto Nacional de Atención Integral a la Primera Infancia,Procesos de Excepción,Proveedor único,ALQUILER CAFI BRISAS DE LOS PALMARES ID-218 SABANA PERDIDA,Proceso adjudicado y celebrado,DOP,2360000.0,2024-05-24,11:00:01,No,No,Servicios,No,No,No,https://comunidad.comprasdominicana.gob.do//Public/Tendering/OpportunityDetail/Index?noticeUID=DO1.NTC.1405409
HSLM-DAF-CD-2024-0268,1069,Hospital Materno Infantil San Lorenzo de Los Minas,Compras por Debajo del Umbral,Proceso ordinario,PROPOFOL 10MG/ML VIAL 20ML I.V Y FENTANIL 0.05MG/2ML,Proceso adjudicado y celebrado,DOP,150000.0,2024-05-27,09:03:55,No,No,Bienes,No,No,No,https://comunidad.comprasdominicana.gob.do//Public/Tendering/OpportunityDetail/Index?noticeUID=DO1.NTC.1405506
HRDAC-DAF-CD-2024-0128,1087,Hospital Regional Dr. Alejandro Cabral,Compras por Debajo del Umbral,Proceso ordinario,Adquisición de Materiales Ferreteros para la Instalación del Sistema de los Ponchadores en el Área de Recursos Humanos  ,Proceso adjudicado y celebrado,DOP,10898.08,2024-05-29,10:15:44,No,No,Bienes,No,No,No,https://comunidad.comprasdominicana.gob.do//Public/Tendering/OpportunityDetail/Index?noticeUID=DO1.NTC.1406718
HOSP RAMON DE LARA-DAF-CD-2024-0192,151,Hospital Ramón de Lara FFAA,Compras por Debajo del Umbral,Proceso ordinario,Solicitud de Guantes de examen.,Proceso adjudicado y celebrado,DOP,100000.0,2024-06-03,11:40:35,No,No,Bienes,No,No,No,https://comunidad.comprasdominicana.gob.do//Public/Tendering/OpportunityDetail/Index?noticeUID=DO1.NTC.1407617
DEFENSA PUBLICA-DAF-CM-2024-0017,700,Oficina Nacional de Defensa Pública,Contratación Menor,Proceso ordinario,"Adquisición de baterías, neumático de repuesta y supresor de pico para ser utilizados por esta ONDP.",Proceso adjudicado y celebrado,DOP,316100.0,2024-06-04,14:30:03,Si,No,Bienes,No,No,No,https://comunidad.comprasdominicana.gob.do//Public/Tendering/OpportunityDetail/Index?noticeUID=DO1.NTC.1408150
HOSPITAL CENTRAL FFA-DAF-CD-2024-0101,157,Hospital Central de las FFAA,Compras por Debajo del Umbral,Proceso ordinario,Adquisicion de Materiales Medicos ,Sobres abiertos o aperturados,DOP,60677.97,2024-06-05,16:03:32,No,No,Bienes,No,No,No,https://comunidad.comprasdominicana.gob.do//Public/Tendering/OpportunityDetail/Index?noticeUID=DO1.NTC.1408947
INEFI-CCC-PEPB-2024-0004,875,Instituto Nacional de Educacion Fisica,Procesos de Excepción,Publicidad,Contratación De Publicidad A Través De Medios De Comunicación Social,Proceso adjudicado y celebrado,DOP,3727900.0,2024-06-06,17:00:02,No,No,Servicios,No,No,No,https://comunidad.comprasdominicana.gob.do//Public/Tendering/OpportunityDetail/Index?noticeUID=DO1.NTC.1409349
AYUNTAMIENTO MOCA-DAF-CD-2024-0025,732,Ayuntamiento Municipal de Moca,Compras por Debajo del Umbral,Proceso ordinario,ADQUISICIÓN DE GALONES GAS PROPANO,Proceso adjudicado y celebrado,DOP,229928.4,2024-06-06,10:20:18,No,No,Bienes,No,No,No,https://comunidad.comprasdominicana.gob.do//Public/Tendering/OpportunityDetail/Index?noticeUID=DO1.NTC.1409510
DGDC-DAF-CD-2024-0039,206,Dirección General de Desarrollo Comunidad,Compras por Debajo del Umbral,Proceso ordinario,Servicio de reparación y mantenimiento de vehículo. ,Proceso adjudicado y celebrado,DOP,165000.0,2024-06-07,15:08:35,No,No,Servicios,No,No,No,https://comunidad.comprasdominicana.gob.do//Public/Tendering/OpportunityDetail/Index?noticeUID=DO1.NTC.1409951
CEAASNA-DAF-CM-2024-0006,1112,Centro Especializado de Atención Ambulatoria En Salud Dr. Nelson Astacio,Contratación Menor,Proceso ordinario,Adquisicion de Herramientas para la Unidad de Otorrinolaringología de este Centro de Salud ,Proceso adjudicado y celebrado,DOP,1558480.0,2024-06-07,16:04:11,No,No,Bienes,No,No,No,https://comunidad.comprasdominicana.gob.do//Public/Tendering/OpportunityDetail/Index?noticeUID=DO1.NTC.1409839
HRJPP-DAF-CD-2024-0112,1091,Hospital Regional Juan Pablo Pina,Compras por Debajo del Umbral,Proceso ordinario,ADQUISICION DE PAPELERIA.,Proceso adjudicado y celebrado,DOP,198985.0,2024-06-13,11:30:03,No,No,Bienes,No,No,No,https://comunidad.comprasdominicana.gob.do//Public/Tendering/OpportunityDetail/Index?noticeUID=DO1.NTC.1412214
OTCA-DAF-CD-2024-0008,1346,Oficina de Tratados Comerciales Agrícolas,Compras por Debajo del Umbral,Proceso ordinario,AQUISICION DE MOBILIARIOS PARA LA OFICINA DE TRATADOS COMERCIALES AGRICOLAS ,Proceso adjudicado y celebrado,DOP,165700.0,2024-06-14,15:04:44,No,No,Bienes,No,No,No,https://comunidad.comprasdominicana.gob.do//Public/Tendering/OpportunityDetail/Index?noticeUID=DO1.NTC.1412835
HMHE-DAF-CD-2024-0032,1131,Hospital Municipal Hacienda Estrella,Compras por Debajo del Umbral,Proceso ordinario,NEBULIZADOR Y ABANICOS ,Proceso adjudicado y celebrado,DOP,112500.0,2024-06-17,14:07:03,No,No,Bienes,No,No,No,https://comunidad.comprasdominicana.gob.do//Public/Tendering/OpportunityDetail/Index?noticeUID=DO1.NTC.1413236
MIP-DAF-CD-2024-0128,141,Ministerio de Interior y Policía,Compras por Debajo del Umbral,Proceso ordinario,BANDEJAS DE FIAMBRES PARA 15 PERSONAS.,Proceso adjudicado y celebrado,DOP,92748.0,2024-06-19,12:25:09,Si,No,Servicios,No,No,No,https://comunidad.comprasdominicana.gob.do//Public/Tendering/OpportunityDetail/Index?noticeUID=DO1.NTC.1414328
HOSPNEYARIAS-DAF-CD-2024-0284,862,Hospital Traumatológico Dr. Ney Arias Lora,Compras por Debajo del Umbral,Proceso ordinario,SONDA DE GASTROTOMIA,Proceso adjudicado y celebrado,DOP,142800.0,2024-06-24,14:03:46,No,No,Bienes,No,No,No,https://comunidad.comprasdominicana.gob.do//Public/Tendering/OpportunityDetail/Index?noticeUID=DO1.NTC.1415635
HFMG-DAF-CD-2024-0082,1123,Hospital Félix María Goico,Compras por Debajo del Umbral,Proceso ordinario,COMPRA DE REACTIVO DE LABORATORIO ,Proceso adjudicado y celebrado,DOP,132515.0,2024-06-24,08:10:04,No,No,Bienes,No,No,No,https://comunidad.comprasdominicana.gob.do//Public/Tendering/OpportunityDetail/Index?noticeUID=DO1.NTC.1415605
CORAAVEGA-DAF-CD-2024-0068,712,Corporación de Acueductos y Alcantarillados de La Vega,Compras por Debajo del Umbral,Proceso ordinario,"ADQUISICION DE BOMBA SUMERGIBLE DE 5 HP PARA EL POZO DEL ACUEDUCTO SANTO CERRO, LA VEGA",Proceso adjudicado y celebrado,DOP,19940.0,2024-07-09,11:31:45,No,No,Bienes,No,No,No,https://comunidad.comprasdominicana.gob.do//Public/Tendering/OpportunityDetail/Index?noticeUID=DO1.NTC.1421317
CECANOT-DAF-CD-2024-0201,885,Centro Cardio-Neuro Oftalmologico y Trasplante,Compras por Debajo del Umbral,Proceso ordinario,ADQUISICION DE CATETERES DIAGNOSTICOS,Proceso adjudicado y celebrado,DOP,37000.0,2024-07-11,09:01:52,No,No,Bienes,No,No,No,https://comunidad.comprasdominicana.gob.do//Public/Tendering/OpportunityDetail/Index?noticeUID=DO1.NTC.1422403
MMUJER-DAF-CM-2024-0071,174,Ministerio de la Mujer,Contratación Menor,Proceso ordinario,"CONTRATACIÓN DE UNA EMPRESA O PERSONA FÍSICA PARA SERVICIO DE TRANSPORTE DE LA REGION NORTE, SUR Y ESTE PARA EL TRASLADO DE LOS PARTICIPANTES AL “ENCUENTRO NACIONAL SOBRE AVANCES Y DESAFÍOS DE LOS DER",Proceso adjudicado y celebrado,DOP,1500000.0,2024-07-12,13:00:48,No,No,Servicios,No,No,No,https://comunidad.comprasdominicana.gob.do//Public/Tendering/OpportunityDetail/Index?noticeUID=DO1.NTC.1422720
HOSPNEYARIAS-DAF-CD-2024-0343,862,Hospital Traumatológico Dr. Ney Arias Lora,Compras por Debajo del Umbral,Proceso ordinario,FILTRO HUMIFICADOR,Proceso adjudicado y celebrado,DOP,206000.0,2024-07-15,11:02:19,No,No,Bienes,No,No,No,https://comunidad.comprasdominicana.gob.do//Public/Tendering/OpportunityDetail/Index?noticeUID=DO1.NTC.1423123
FONDOMARENA-DAF-CD-2024-0024,709,Fondo Nacional Medio Ambiente y Recursos Naturales,Compras por Debajo del Umbral,Proceso ordinario,Adquisición de Software para computadores,Proceso adjudicado y celebrado,DOP,95000.0,2024-07-22,14:04:10,No,No,Bienes,No,No,No,https://comunidad.comprasdominicana.gob.do//Public/Tendering/OpportunityDetail/Index?noticeUID=DO1.NTC.1426052
FAD-DAF-CD-2024-0147,173,Fuerza Aérea Dominicana,Compras por Debajo del Umbral,Proceso ordinario,Adquisición de Pasajes Aéreo y Seguros de Viaje,Proceso adjudicado y celebrado,DOP,193055.4,2024-07-22,15:06:28,No,No,Servicios,No,No,No,https://comunidad.comprasdominicana.gob.do//Public/Tendering/OpportunityDetail/Index?noticeUID=DO1.NTC.1425842
HSBG-DAF-CD-2024-0044,1136,Hospital Dr. Salvador B. Gautier,Compras por Debajo del Umbral,Proceso ordinario,Adquisicion de guineos.,Proceso adjudicado y celebrado,DOP,175000.0,2024-07-23,13:20:03,No,No,Bienes,No,No,No,https://comunidad.comprasdominicana.gob.do//Public/Tendering/OpportunityDetail/Index?noticeUID=DO1.NTC.1426133
Teatro Nacional-DAF-CM-2024-0026,982,Teatro Nacional Eduardo Brito,Contratación Menor,Proceso ordinario,CONEXION VAYA,Proceso desierto,DOP,662500.0,2024-07-24,16:04:00,No,No,Servicios,No,No,No,https://comunidad.comprasdominicana.gob.do//Public/Tendering/OpportunityDetail/Index?noticeUID=DO1.NTC.1426749
CP-DAF-CD-2024-0012,669,Dirección General de Crédito Público,Compras por Debajo del Umbral,Proceso ordinario,Adquisición Articulos de limpieza para ser utilizado en la Dirección General de Crédito Público,Proceso adjudicado y celebrado,DOP,234600.0,2024-07-26,13:01:55,Si,No,Bienes,No,No,No,https://comunidad.comprasdominicana.gob.do//Public/Tendering/OpportunityDetail/Index?noticeUID=DO1.NTC.1427736
Bellas Artes-DAF-CM-2024-0046,977,Dirección General de Bellas Artes,Contratación Menor,Proceso ordinario,CONTRATACIÓN DE LOS SERVICIOS DE MONTAJE Y DIVISIÓN DE SHEETROCK PARA SER UTILIZADOS EN OFICINAS DEL PALACIO DE BELLAS ARTES. ,Proceso adjudicado y celebrado,DOP,650000.0,2024-07-31,15:09:34,No,No,Servicios,No,No,No,https://comunidad.comprasdominicana.gob.do//Public/Tendering/OpportunityDetail/Index?noticeUID=DO1.NTC.1429355
CEIZTUR-DAF-CD-2024-0055,589,Comité Ejecutor de Infraesctrutura de Zona Turísticas,Compras por Debajo del Umbral,Proceso ordinario,"Adquisición de Papel Toalla y Papel Higiénico para la Institución, Dirigido a MiPymes Mujer",Cancelado,DOP,49400.0,2024-08-07,10:07:21,Si,Si,Bienes,No,No,No,https://comunidad.comprasdominicana.gob.do//Public/Tendering/OpportunityDetail/Index?noticeUID=DO1.NTC.1431616
ASDE-DAF-CM-2024-0077,615,Ayuntamiento Santo Domingo Este,Contratación Menor,Proceso ordinario,SOLICITUD DE COMPRA DE LAMPARAS Y DETECTORES DE METALES PARA SER UTILIZADOS EN DIFERENTES AREAS DEL ASDE,Proceso adjudicado y celebrado,DOP,1284000.0,2024-08-08,15:15:43,No,No,Bienes,No,No,No,https://comunidad.comprasdominicana.gob.do//Public/Tendering/OpportunityDetail/Index?noticeUID=DO1.NTC.1432153
HRCL-DAF-CD-2024-0095,1120,Hospital Dr. Rodolfo De La Cruz Lora,Compras por Debajo del Umbral,Proceso ordinario,COMPRA DE MEDICAMENTOS.,Proceso adjudicado y celebrado,DOP,131640.0,2024-08-08,12:30:49,No,No,Bienes,No,No,No,https://comunidad.comprasdominicana.gob.do//Public/Tendering/OpportunityDetail/Index?noticeUID=DO1.NTC.1432427
APORDOM-DAF-CM-2024-0037,687,APORDOM (Autoridad Portuaria Dominicana),Contratación Menor,Proceso ordinario,"Adquisición de Banderas de Interior y Mantelería, para esta APORDOM, dirigido a Mipymes",Proceso adjudicado y celebrado,DOP,371560.0,2024-08-12,12:30:51,Si,No,Bienes,No,No,No,https://comunidad.comprasdominicana.gob.do//Public/Tendering/OpportunityDetail/Index?noticeUID=DO1.NTC.1433433
INPOSDOM-DAF-CM-2024-0021,622,Instituto Postal Dominicano,Contratación Menor,Proceso ordinario,Adquisicion de materiales de imprenta,Proceso desierto,DOP,481189.0,2024-08-12,12:30:26,No,No,Bienes,No,No,No,https://comunidad.comprasdominicana.gob.do//Public/Tendering/OpportunityDetail/Index?noticeUID=DO1.NTC.1433432
ARSSEMMA-DAF-CM-2024-0020,711,Administradora de Riesgos de Salud para los Maestros,Contratación Menor,Proceso ordinario,Adquisición de materiales de limpieza tercer trimestre para uso de la institución,Proceso adjudicado y celebrado,DOP,536890.0,2024-08-12,11:45:03,No,No,Bienes,No,No,No,https://comunidad.comprasdominicana.gob.do//Public/Tendering/OpportunityDetail/Index?noticeUID=DO1.NTC.1433421
HMDER-DAF-CD-2024-0028,1144,Hospital Materno Dra. Evangelina Rodríguez,Compras por Debajo del Umbral,Proceso ordinario,COMPRA SANGRE CARNERO PARA ESTE HOSPITAL MATERNO DRA EVANGELINA RODRÍGUEZ.,Proceso adjudicado y celebrado,DOP,17250.0,2024-08-13,16:13:02,No,No,Bienes,No,No,No,https://comunidad.comprasdominicana.gob.do//Public/Tendering/OpportunityDetail/Index?noticeUID=DO1.NTC.1433946
PROMESECAL-DAF-CD-2024-0073,582,Programa de Medicamentos Esenciales,Compras por Debajo del Umbral,Proceso ordinario,ADQUISICIÓN DE BOTELLONES DE 5 GALONES.,Proceso adjudicado y celebrado,DOP,30000.0,2024-08-14,11:25:01,No,No,Bienes,No,No,No,https://comunidad.comprasdominicana.gob.do//Public/Tendering/OpportunityDetail/Index?noticeUID=DO1.NTC.1434219
SIV-DAF-CD-2024-0057,809,Superintendencia de Valores,Compras por Debajo del Umbral,Proceso ordinario,Servicio de lavandería para la Superintendencia del Mercado de Valores,Proceso adjudicado y celebrado,DOP,75000.0,2024-08-14,10:35:06,No,No,Servicios,No,No,No,https://comunidad.comprasdominicana.gob.do//Public/Tendering/OpportunityDetail/Index?noticeUID=DO1.NTC.1434506
HRJPP-DAF-CD-2024-0170,1091,Hospital Regional Juan Pablo Pina,Compras por Debajo del Umbral,Proceso ordinario,ADQUISICION DE ACTIVOS FIJOS,Proceso adjudicado y celebrado,DOP,37000.0,2024-08-14,08:30:02,No,No,Bienes,No,No,No,https://comunidad.comprasdominicana.gob.do//Public/Tendering/OpportunityDetail/Index?noticeUID=DO1.NTC.1434403
INAFOCAM-DAF-CM-2024-0032,878,Instituto Nacional de Formacion y Capacitacion del Magisterio,Contratación Menor,Proceso ordinario,"Contratación de Servicio de capacitacion  para el II Seminario Interamericano sobre Comunicación y Manejo de Crisis en la Administración Pública.  (CIABAPM) 2024, ",Proceso adjudicado y celebrado,DOP,1380000.004,2024-08-15,16:02:31,No,No,Servicios,No,No,No,https://comunidad.comprasdominicana.gob.do//Public/Tendering/OpportunityDetail/Index?noticeUID=DO1.NTC.1435046
MAP-DAF-CM-2024-0044,175,Ministerio de Administración Pública,Contratación Menor,Proceso ordinario,CONTRATACIÓN DE LOS SERVICIOS CATERING PARA LAS DIFERENTES ACTIVIDADES A REALIZARSE EN EL MINISTERIO DE ADMINISTRACION PUBLICA. (COMPRAS VERDES-SOSTENIBLE). DIRIGIDA A MIPYMES.,Proceso adjudicado y celebrado,DOP,1700000.0,2024-08-19,15:04:58,Si,No,Servicios,No,Si,No,https://comunidad.comprasdominicana.gob.do//Public/Tendering/OpportunityDetail/Index?noticeUID=DO1.NTC.1435535
HMDER-DAF-CD-2024-0034,1144,Hospital Materno Dra. Evangelina Rodríguez,Compras por Debajo del Umbral,Proceso ordinario,COMPRA INSUMOS PARA LABORATORIO PARA USO EN PACIENTES DEL HOSPITAL MATERNO DRA. EVANGELINA RODRIGUEZ,Proceso adjudicado y celebrado,DOP,214844.79,2024-08-21,12:25:08,No,No,Bienes,No,No,No,https://comunidad.comprasdominicana.gob.do//Public/Tendering/OpportunityDetail/Index?noticeUID=DO1.NTC.1436418
ISFODOSU-DAF-CM-2024-0174,883,Instituto Superior de Formación Docente Salomé Ureña,Contratación Menor,Proceso ordinario,EMH- CONTRATACIÓN SERVICIO DE MONTAJE Y ORGANIZACIÓN DE ENCUENTRO ANUAL DE EGRESADOS EMH,Proceso adjudicado y celebrado,DOP,480000.0,2024-08-23,16:03:10,No,No,Bienes,No,No,No,https://comunidad.comprasdominicana.gob.do//Public/Tendering/OpportunityDetail/Index?noticeUID=DO1.NTC.1437234
HFMP-DAF-CM-2024-0105,1062,"Hospital Docente Universitario Doctor Francisco E, Moscoso Puello",Contratación Menor,Proceso ordinario,COMPRA DE DESPENSA POR DOS MESES (PRODUCTOS VARIOS),Proceso adjudicado y celebrado,DOP,1138200.0,2024-08-26,14:02:49,No,No,Bienes,No,No,No,https://comunidad.comprasdominicana.gob.do//Public/Tendering/OpportunityDetail/Index?noticeUID=DO1.NTC.1437625
HSBG-DAF-CD-2024-0061,1136,Hospital Dr. Salvador B. Gautier,Compras por Debajo del Umbral,Proceso ordinario,Adquisición de TUBO Y BOMBILLO LED,Proceso adjudicado y celebrado,DOP,207120.0,2024-08-27,10:08:43,No,No,Bienes,No,No,No,https://comunidad.comprasdominicana.gob.do//Public/Tendering/OpportunityDetail/Index?noticeUID=DO1.NTC.1438304
MMUJER-DAF-CD-2024-0357,174,Ministerio de la Mujer,Compras por Debajo del Umbral,Proceso ordinario,SERVICIO DE UN SISTEMA GENERADOR DE CÓDIGOS QR PARA USO DE LA DIRECCIÓN DE COMUNICACIÓN Y DESPACHO,Proceso adjudicado y celebrado,DOP,63200.0,2024-09-05,09:45:00,No,No,Servicios,No,No,No,https://comunidad.comprasdominicana.gob.do//Public/Tendering/OpportunityDetail/Index?noticeUID=DO1.NTC.1441908
PROINDUSTRIA-DAF-CD-2024-0122,677,Centro de Desarrollo y Competitividad Industrial,Compras por Debajo del Umbral,Proceso ordinario,COMPRA DE CONOS,Proceso adjudicado y celebrado,DOP,18974.4,2024-09-06,14:11:45,No,No,Bienes,No,No,No,https://comunidad.comprasdominicana.gob.do//Public/Tendering/OpportunityDetail/Index?noticeUID=DO1.NTC.1444035
HOSPNEYARIAS-DAF-CD-2024-0465,862,Hospital Traumatológico Dr. Ney Arias Lora,Compras por Debajo del Umbral,Proceso ordinario,CONECTORES DE TRANSICION,Proceso adjudicado y celebrado,DOP,42480.0,2024-09-12,12:08:12,No,No,Bienes,No,No,No,https://comunidad.comprasdominicana.gob.do//Public/Tendering/OpportunityDetail/Index?noticeUID=DO1.NTC.1446415
HMDER-DAF-CD-2024-0053,1144,Hospital Materno Dra. Evangelina Rodríguez,Compras por Debajo del Umbral,Proceso ordinario,COMPRA PRUEBAS VIRALES  PARA USO EN PACIENTES DE ESTE CENTRO DE SALUD DRA. EVANGELINA RODRIGUEZ ,Proceso adjudicado y celebrado,DOP,8392.0,2024-09-20,11:03:14,No,No,Bienes,No,No,No,https://comunidad.comprasdominicana.gob.do//Public/Tendering/OpportunityDetail/Index?noticeUID=DO1.NTC.1450113
INDRHI-DAF-CD-2024-0573,640,Instituto Nacional de Recursos Hidráulicos,Compras por Debajo del Umbral,Proceso ordinario,"COMPRA DE ELECTRODOMESTICOS, PARA SER UTILIZADAS EN DISTINTAS AREAS DE LA INSTITUCION. ",Proceso adjudicado y celebrado,DOP,152470.0,2024-09-27,15:40:02,No,No,Bienes,No,No,No,https://comunidad.comprasdominicana.gob.do//Public/Tendering/OpportunityDetail/Index?noticeUID=DO1.NTC.1453039
MMUJER-DAF-CM-2024-0090,174,Ministerio de la Mujer,Contratación Menor,Proceso ordinario,"COMPRA DE EQUIPOS, MATERIALES Y SUMINISTROS PARA EL ESTUDIO DE GRABACIÓN DE LA ESCUELA NACIONAL DE IGUALDAD, MAGALY PINEDA. C-PREV",Proceso adjudicado y celebrado,DOP,1752383.0,2024-10-01,10:01:08,No,No,Bienes,No,No,No,https://comunidad.comprasdominicana.gob.do//Public/Tendering/OpportunityDetail/Index?noticeUID=DO1.NTC.1454411
HGENSA-DAF-CM-2024-0070,1007,Hospital Nuestra Señora de la Altagracia,Contratación Menor,Proceso ordinario,ADQUISICION DE EQUIPO DE ASEO,Proceso adjudicado y celebrado,DOP,1076794.0,2024-10-07,10:03:15,No,No,Bienes,No,No,No,https://comunidad.comprasdominicana.gob.do//Public/Tendering/OpportunityDetail/Index?noticeUID=DO1.NTC.1456606
Hosp Marcelino Velez-DAF-CM-2024-0195,881,Hospital General Regional Dr. Macelino Velez Santana,Contratación Menor,Proceso ordinario,"COMPRAS DE MEDICAMENTOS MISOPROSTOL, ACIDO ASCORBICO, ACIDO FOLICO, FUROSEMIDA, ETC",Proceso adjudicado y celebrado,DOP,1563100.0,2024-10-17,17:00:47,No,No,Bienes,No,No,No,https://comunidad.comprasdominicana.gob.do//Public/Tendering/OpportunityDetail/Index?noticeUID=DO1.NTC.1462041
Hosp Marcelino Velez-DAF-CD-2024-0311,881,Hospital General Regional Dr. Macelino Velez Santana,Compras por Debajo del Umbral,Proceso ordinario,COMPRA DE SPINTROL CALIBRADOR Y UREAL LQ,Proceso adjudicado y celebrado,DOP,11255.0,2024-10-23,12:13:04,No,No,Bienes,No,No,No,https://comunidad.comprasdominicana.gob.do//Public/Tendering/OpportunityDetail/Index?noticeUID=DO1.NTC.1464318
HMRA-DAF-CD-2024-0519,978,Hospital Materno Dr. Reynaldo Almanzar,Compras por Debajo del Umbral,Proceso ordinario,FUNDAS ,Proceso adjudicado y celebrado,DOP,206100.0,2024-10-24,10:55:04,No,No,Bienes,No,No,No,https://comunidad.comprasdominicana.gob.do//Public/Tendering/OpportunityDetail/Index?noticeUID=DO1.NTC.1464717
UAF-DAF-CM-2024-0033,901,Unidad de Análisis Financiero,Contratación Menor,Proceso ordinario,"Contratación de servicios de traducción e interpretación del español a los idiomas inglés, portugués y francés para la LVII reunión plenaria de los grupos de trabajo del GELAVEX.",Proceso adjudicado y celebrado,DOP,700000.0,2024-10-24,15:03:43,No,No,Servicios,No,No,No,https://comunidad.comprasdominicana.gob.do//Public/Tendering/OpportunityDetail/Index?noticeUID=DO1.NTC.1464750
HDMTD-DAF-CM-2024-0092,1390,Hospital General de Especialidades Dr. Mario Tolentino Dipp,Contratación Menor,Proceso ordinario,SERVICIO DE REPARACIÒN PARA TOMOGRAFO VOLUMETRICO,Proceso adjudicado y celebrado,DOP,765000.0,2024-10-28,16:40:03,No,No,Bienes,No,No,No,https://comunidad.comprasdominicana.gob.do//Public/Tendering/OpportunityDetail/Index?noticeUID=DO1.NTC.1466146
JDMDM-CCC-CP-2024-0002,1341,Junta del Distrito Municipal de Maimon,Comparación de Precios,Proceso ordinario,CAMION COMPACTADOR DE BASURA,Proceso adjudicado y celebrado,DOP,5310000.0,2024-10-28,12:05:53,No,No,Bienes,No,No,No,https://comunidad.comprasdominicana.gob.do//Public/Tendering/OpportunityDetail/Index?noticeUID=DO1.NTC.1465917
DNCD-DAF-CM-2024-0025,701,DIRECCION NACIONAL DE CONTROL DE DROGAS,Contratación Menor,Proceso ordinario,ADQUISICIÓN DE TINTAS Y TÓNER,Proceso adjudicado y celebrado,DOP,1710088.43,2024-10-29,15:05:27,No,No,Bienes,No,No,No,https://comunidad.comprasdominicana.gob.do//Public/Tendering/OpportunityDetail/Index?noticeUID=DO1.NTC.1466343
HUMNSA-DAF-CD-2024-0211,1139,Hospital Universitario Maternidad Nuestra Señora de la Altagracia,Compras por Debajo del Umbral,Proceso ordinario,insumos de patologia,Proceso adjudicado y celebrado,DOP,198576.3,2024-10-29,15:10:05,No,No,Bienes,No,No,No,https://comunidad.comprasdominicana.gob.do//Public/Tendering/OpportunityDetail/Index?noticeUID=DO1.NTC.1466439
CECANOT-DAF-CM-2024-0267,885,Centro Cardio-Neuro Oftalmologico y Trasplante,Contratación Menor,Proceso ordinario,ADQUISICION DE PISTOLA PRO-MAG / AGUJA DE BIOPSIA PARA PROSTATA / AGUJA DE BIOPSIA PARA MAMA / CINTA QUIRURGICA MICROPOROSA 1530-2,Proceso adjudicado y celebrado,DOP,1378000.0,2024-10-30,12:05:38,No,No,Bienes,No,No,No,https://comunidad.comprasdominicana.gob.do//Public/Tendering/OpportunityDetail/Index?noticeUID=DO1.NTC.1467025
POLICIA NACIONAL-CCC-CP-2024-0152,144,Policia Nacional,Comparación de Precios,Proceso ordinario,ADQUISICION DE EQUIPAMIENTO PARA CAMIONETAS ESTANDAR  DIRIGIDO EXCLUSIVAMENTE A EMPRESAS MIPYMES ,Proceso adjudicado y celebrado,DOP,5310000.0,2024-11-06,08:06:33,Si,No,Bienes,No,No,No,https://comunidad.comprasdominicana.gob.do//Public/Tendering/OpportunityDetail/Index?noticeUID=DO1.NTC.1469802
CESAC-DAF-CM-2024-0114,811,Cuerpo Especializado en Seguridad Aeroportuaria,Contratación Menor,Proceso ordinario,Adquisición de Equipos y Útiles Veterinarios,Proceso adjudicado y celebrado,DOP,494774.0,2024-11-12,12:31:20,Si,Si,Bienes,No,No,No,https://comunidad.comprasdominicana.gob.do//Public/Tendering/OpportunityDetail/Index?noticeUID=DO1.NTC.1472134
HOSPNEYARIAS-DAF-CD-2024-0596,862,Hospital Traumatológico Dr. Ney Arias Lora,Compras por Debajo del Umbral,Proceso ordinario,TIPS 200-100,Proceso adjudicado y celebrado,DOP,22800.0,2024-11-14,09:02:24,No,No,Bienes,No,No,No,https://comunidad.comprasdominicana.gob.do//Public/Tendering/OpportunityDetail/Index?noticeUID=DO1.NTC.1473504
MITUR-DAF-CM-2024-0111,257,Ministerio de Turismo,Contratación Menor,Proceso ordinario,"CONTRATACIÓN DE SERVICIOS TÉCNICOS PROFESIONALES PARA LA IMPLEMENTACIÓN DE UN SISTEMA INTEGRAL DE GESTIÓN DE LA PLANIFICACIÓN ESTRATÉGICA Y OPERATIVA INSTITUCIONAL, APOYADO EN LA SOLUCIÓN TECNOLOGICA ",Proceso adjudicado y celebrado,DOP,1761000.0,2024-11-18,17:59:03,Si,No,Servicios,No,No,No,https://comunidad.comprasdominicana.gob.do//Public/Tendering/OpportunityDetail/Index?noticeUID=DO1.NTC.1474566
MMUJER-DAF-CD-2024-0486,174,Ministerio de la Mujer,Compras por Debajo del Umbral,Proceso ordinario,"CONTRATACION DE DOS EMPRESAS Y/O PERSONAS FISICA PARA IMPARTIR LOS TEMAS EL FEMINISMO Y SUS APORTES EN LOS AVANCES DE LAS MUJERES DOMINICANAS Y DERECHOS HUMANOS E INCLUSION, LOS DIAS 22 Y 29 DE NOVIEM",Proceso adjudicado y celebrado,DOP,16000.0,2024-11-20,13:20:10,No,No,Servicios,No,No,No,https://comunidad.comprasdominicana.gob.do//Public/Tendering/OpportunityDetail/Index?noticeUID=DO1.NTC.1475832
HMDER-DAF-CD-2024-0134,1144,Hospital Materno Dra. Evangelina Rodríguez,Compras por Debajo del Umbral,Proceso ordinario,COMPRA  DE ALIMENTOS  PARA LA COCINA DE ESTE CENTRO DE  SALUD MATERNO DRA. EVANGELINA RODRIGUEZ ,Proceso adjudicado y celebrado,DOP,231170.0,2024-11-20,15:30:10,No,No,Bienes,No,No,No,https://comunidad.comprasdominicana.gob.do//Public/Tendering/OpportunityDetail/Index?noticeUID=DO1.NTC.1475848
CEIRD-DAF-CD-2024-0136,623,Centro de Exportación e Inversión de la Republica Dominicana,Compras por Debajo del Umbral,Proceso ordinario,MD-Adquisición de Insumos  Alimentos y Bebidas para la Institución,Proceso adjudicado y celebrado,DOP,147300.0,2024-11-22,11:02:11,No,No,Bienes,No,No,No,https://comunidad.comprasdominicana.gob.do//Public/Tendering/OpportunityDetail/Index?noticeUID=DO1.NTC.1477215
INFOTEP-DAF-CD-2024-0124,581,Instituto Nacional de formación Técnico Profesional,Compras por Debajo del Umbral,Proceso ordinario,Adquisición de impresoras para uso institucional,Proceso adjudicado y celebrado,DOP,234908.0,2024-11-22,15:45:04,No,No,Bienes,No,No,No,https://comunidad.comprasdominicana.gob.do//Public/Tendering/OpportunityDetail/Index?noticeUID=DO1.NTC.1477355
COAAROM-DAF-CD-2024-0130,627,Corporación de Acueducto y Alcantarillado de la Romana,Compras por Debajo del Umbral,Proceso ordinario,SERVICIOS DE MANTENIMIENTO Y REBOBINADO,Proceso adjudicado y celebrado,DOP,106200.0,2024-11-22,13:01:19,No,No,Servicios,No,No,No,https://comunidad.comprasdominicana.gob.do//Public/Tendering/OpportunityDetail/Index?noticeUID=DO1.NTC.1477227
INFOTEP-DAF-CD-2024-0130,581,Instituto Nacional de formación Técnico Profesional,Compras por Debajo del Umbral,Proceso ordinario,"""Adquisición Licuadoras Industriales Eléctricas, para uso de Taller Hotel Villa Suiza""",Proceso desierto,DOP,165000.0,2024-11-25,11:30:38,No,No,Bienes,No,No,No,https://comunidad.comprasdominicana.gob.do//Public/Tendering/OpportunityDetail/Index?noticeUID=DO1.NTC.1477622
PROMESECAL-DAF-CM-2024-0091,582,Programa de Medicamentos Esenciales,Contratación Menor,Proceso ordinario,SERVICIO DE RECARGA PARA PASO RÁPIDO DE LA FLOTILLA VEHICULAR DE LA INSTITUCIÓN. (PEAJE).,Proceso adjudicado y celebrado,DOP,1250000.0,2024-12-02,15:32:27,No,No,Servicios,No,No,No,https://comunidad.comprasdominicana.gob.do//Public/Tendering/OpportunityDetail/Index?noticeUID=DO1.NTC.1480955
ARD-DAF-CM-2024-0167,172,Armada de República Dominicana,Contratación Menor,Proceso ordinario,"ADQUISICIÓN DE INDUMENTARIA MILITAR, PARA SER UTILIZADAS POR MIEMBROS DE ESTA INSTITUCIÓN QUE PARTICIPARAN EN EL MAGNO DESFILE MILITAR DEL PRÓXIMO 27 DE FEBRERO DEL AÑO 2025, ARD.",Proceso adjudicado y celebrado,DOP,1698500.0,2024-12-03,10:06:16,No,No,Bienes,No,No,No,https://comunidad.comprasdominicana.gob.do//Public/Tendering/OpportunityDetail/Index?noticeUID=DO1.NTC.1481711
HGENSA-DAF-CD-2024-0100,1007,Hospital Nuestra Señora de la Altagracia,Compras por Debajo del Umbral,Proceso ordinario,Adquisicion de alimentos preparados y conservados 					,Proceso adjudicado y celebrado,DOP,18586.0,2024-12-03,14:20:03,No,No,Bienes,No,No,No,https://comunidad.comprasdominicana.gob.do//Public/Tendering/OpportunityDetail/Index?noticeUID=DO1.NTC.1481652
INAGUJA-DAF-CD-2024-0108,258,Industria Nacional de la Aguja,Compras por Debajo del Umbral,Proceso ordinario,"CONTRATACIÓN DE SERVICIO DE MANTENIMIENTO Y REPARACIÓN DE AIRES ACONDICIONADOS, DESTINADO A MIPYMES",Proceso adjudicado y celebrado,DOP,234000.0,2024-12-11,13:10:04,No,No,Servicios,No,No,No,https://comunidad.comprasdominicana.gob.do//Public/Tendering/OpportunityDetail/Index?noticeUID=DO1.NTC.1485958
DIECOM-DAF-CD-2024-0080,1155,Dirección de Estrategia y Comunicación Gubernamental,Compras por Debajo del Umbral,Proceso ordinario,"Adquisición de 50 Galones de Gasoil Óptimo, para uso de la planta eléctrica C/ Moisés García, 4to. trimestre",Proceso adjudicado y celebrado,DOP,11955.0,2024-12-13,12:55:04,No,No,Bienes,No,No,No,https://comunidad.comprasdominicana.gob.do//Public/Tendering/OpportunityDetail/Index?noticeUID=DO1.NTC.1487631
HOSPITAL CENTRAL FFA-DAF-CD-2024-0377,157,Hospital Central de las FFAA,Compras por Debajo del Umbral,Proceso ordinario,ADQUISICION DE MEDICAMENTO.,Proceso adjudicado y celebrado,DOP,225420.0,2024-12-13,11:05:05,No,No,Bienes,No,No,No,https://comunidad.comprasdominicana.gob.do//Public/Tendering/OpportunityDetail/Index?noticeUID=DO1.NTC.1487822
ASC-DAF-CD-2024-0003,992,Ayuntamiento del Municipio de San Cristóbal,Compras por Debajo del Umbral,Proceso ordinario,CONTRATACION DE UNA EMPRESA PARA LA DECORACION NAVIDEÑA  DEL EDIFICIO DE ESTE AMSC,Proceso adjudicado y celebrado,DOP,225000.0,2024-12-16,14:04:28,No,No,Servicios,No,No,No,https://comunidad.comprasdominicana.gob.do//Public/Tendering/OpportunityDetail/Index?noticeUID=DO1.NTC.1488233
CORAASAN-CCC-PEPB-2024-0014,626,Corporación de Acueducto y Alcantarillado de Santiago,Procesos de Excepción,Publicidad,Publicidad,Proceso adjudicado y celebrado,DOP,2950000.0,2024-12-30,13:50:04,No,No,Servicios,No,No,No,https://comunidad.comprasdominicana.gob.do//Public/Tendering/OpportunityDetail/Index?noticeUID=DO1.NTC.1493606
Hosp. Reid Cabral-DAF-CD-2025-0007,942,Hospital Infantil Robert Reid Cabral,Compras por Debajo del Umbral,Proceso ordinario,"SERVICIO EXTERNO DE RESANAMIENTO, PULIDO Y CRISTALIZADO DEL PRIMER PISO CONSULTA EXTERNA DEL HOSPITAL PEDIATRICO DR. ROBERT REID CABRAL.",Proceso adjudicado y celebrado,DOP,106200.0,2025-01-08,10:10:06,No,No,Servicios,No,No,No,https://comunidad.comprasdominicana.gob.do//Public/Tendering/OpportunityDetail/Index?noticeUID=DO1.NTC.1497501
HME-DAF-CD-2025-0009,1117,Hospital Municipal Engombe,Compras por Debajo del Umbral,Proceso ordinario,MATERIAL MEDICO GASTABLE,Proceso adjudicado y celebrado,DOP,144530.0,2025-01-13,15:01:19,No,No,Bienes,No,No,No,https://comunidad.comprasdominicana.gob.do//Public/Tendering/OpportunityDetail/Index?noticeUID=DO1.NTC.1499015
HRLMK-DAF-CM-2025-0006,1289,Hospital Regional Luís Morillo King,Contratación Menor,Proceso ordinario,Equipos y suministros dentales,Proceso adjudicado y celebrado,DOP,434372.28,2025-01-28,11:40:06,No,No,Bienes,No,No,No,https://comunidad.comprasdominicana.gob.do//Public/Tendering/OpportunityDetail/Index?noticeUID=DO1.NTC.1503513
PROMESECAL-DAF-CM-2025-0002,582,Programa de Medicamentos Esenciales,Contratación Menor,Proceso ordinario,"Servicio de peritaje financiero en procesos de medicamentos e insumos, misceláneos, farmacias del pueblo y el sistema público nacional de salud, por un periodo de 6 meses.",Proceso adjudicado y celebrado,DOP,1499968.8,2025-02-03,15:50:05,No,No,Servicios,No,No,No,https://comunidad.comprasdominicana.gob.do//Public/Tendering/OpportunityDetail/Index?noticeUID=DO1.NTC.1506342
MIMARENA-DAF-CD-2025-0015,260,Ministerio de Medio Ambiente,Compras por Debajo del Umbral,Proceso ordinario, Adquisición de botiquines para uso del Viceministerio de Áreas Protegidas.,Proceso adjudicado y celebrado,DOP,200000.0,2025-02-03,14:07:11,No,No,Bienes,No,No,No,https://comunidad.comprasdominicana.gob.do//Public/Tendering/OpportunityDetail/Index?noticeUID=DO1.NTC.1506230
CHN-DAF-CD-2025-0010,987,Comisión Hípica Nacional,Compras por Debajo del Umbral,Proceso ordinario,Adquisición Servicio de Mantenimiento Tractores del HVC,Proceso adjudicado y celebrado,DOP,172300.0,2025-02-07,15:40:01,No,No,Servicios,No,No,No,https://comunidad.comprasdominicana.gob.do//Public/Tendering/OpportunityDetail/Index?noticeUID=DO1.NTC.1508833
IPE-DAF-CM-2025-0002,145,Instituto Policial de Educación Superior,Contratación Menor,Proceso ordinario,ADQUISICIÓN DE CARPETAS TIMBRADAS,Proceso adjudicado y celebrado,DOP,301490.0,2025-02-12,09:02:24,Si,Si,Bienes,No,No,No,https://comunidad.comprasdominicana.gob.do//Public/Tendering/OpportunityDetail/Index?noticeUID=DO1.NTC.1511201
DGCP-DAF-CM-2025-0005,7,Dirección General de Contrataciones Públicas,Contratación Menor,Proceso ordinario,"Adquisición de Neveras ejecutivas, Misceláneos y accesorios para cocina y baños ",Proceso adjudicado y celebrado,DOP,271647.0,2025-02-13,10:04:11,No,No,Servicios,No,No,No,https://comunidad.comprasdominicana.gob.do//Public/Tendering/OpportunityDetail/Index?noticeUID=DO1.NTC.1512303
HPDHG-DAF-CM-2025-0008,928,Hospital Pediátrico Dr. Hugo De Mendoza (HPHM),Contratación Menor,Proceso ordinario,ADQUISICIÓN DE MANEJADORA,Proceso adjudicado y celebrado,DOP,500000.0,2025-02-13,10:04:52,No,No,Bienes,No,No,No,https://comunidad.comprasdominicana.gob.do//Public/Tendering/OpportunityDetail/Index?noticeUID=DO1.NTC.1512204
HRT-DAF-CD-2025-0032,1104,Hospital Regional Taiwán,Compras por Debajo del Umbral,Proceso ordinario,COMPRA DE TARJETAS Y GAFETES,Proceso adjudicado y celebrado,DOP,8500.0,2025-02-13,17:00:02,No,No,Bienes,No,No,No,https://comunidad.comprasdominicana.gob.do//Public/Tendering/OpportunityDetail/Index?noticeUID=DO1.NTC.1514924
MISPAS-DAF-CM-2025-0001,240,Ministerio de Salud Pública y Asistencia Social,Contratación Menor,Proceso ordinario,"CONTRATACIÓN SERVICIOS DE ASISTENCIAS TÉCNICAS, DIRIGIDO A MIPYMES",Proceso desierto,DOP,1860000.0,2025-02-25,15:00:04,Si,No,Servicios,No,No,No,https://comunidad.comprasdominicana.gob.do//Public/Tendering/OpportunityDetail/Index?noticeUID=DO1.NTC.1519727
MIP-CCC-SI-2025-0003,141,Ministerio de Interior y Policía,Subasta Inversa,Proceso ordinario,Adquisición de Uniformes para uso de la Policía Auxiliar,Cancelado,DOP,24990000.0,2025-02-25,18:00:57,No,No,Bienes,No,No,No,https://comunidad.comprasdominicana.gob.do//Public/Tendering/OpportunityDetail/Index?noticeUID=DO1.NTC.1519751
INDOMET-DAF-CM-2025-0003,228,Instituto Dominicano de Meteorología,Contratación Menor,Proceso ordinario,Adquisición de equipos y  accesorios informáticos 1er semestre.,Proceso adjudicado y celebrado,DOP,1002750.0,2025-03-03,14:01:09,No,No,Bienes,No,No,No,https://comunidad.comprasdominicana.gob.do//Public/Tendering/OpportunityDetail/Index?noticeUID=DO1.NTC.1521238
CESP-DAF-CD-2025-0008,167,Cuerpo Especializado de Seguridad Portuaria,Compras por Debajo del Umbral,Proceso ordinario,ACCESORIOS INFORMATICOS,Proceso adjudicado y celebrado,DOP,13980.0,2025-03-07,14:20:05,No,No,Bienes,No,No,No,https://comunidad.comprasdominicana.gob.do//Public/Tendering/OpportunityDetail/Index?noticeUID=DO1.NTC.1524435
TESORERIA NACIONAL-DAF-CD-2025-0026,222,Tesorería Nacional,Compras por Debajo del Umbral,Proceso ordinario,"CONTRATACIÓN DE SERVICIO DE GESTIÓN DE EVENTOS, PARA LA SEMANA ECONÓMICA Y FINANCIERA DEL BANCO CENTRAL. LA CUAL SE LLEVARÁ A CABO DEL 17 AL 21 DE MARZO 2025.",Proceso adjudicado y celebrado,DOP,120950.0,2025-03-12,08:45:01,No,No,Servicios,No,No,No,https://comunidad.comprasdominicana.gob.do//Public/Tendering/OpportunityDetail/Index?noticeUID=DO1.NTC.1525904
PLCM-DAF-CD-2025-0007,1349,Proyecto La Cruz de Manzanillo,Compras por Debajo del Umbral,Proceso ordinario,ADQUISICION DE UN TRANSFORMADOR DE SUMINISTRO Y UN  POSTE DE HORMIGON.,Cancelado,DOP,126297.89,2025-03-14,10:30:32,No,No,Bienes,No,No,No,https://comunidad.comprasdominicana.gob.do//Public/Tendering/OpportunityDetail/Index?noticeUID=DO1.NTC.1527405
CECANOT-DAF-CD-2025-0084,885,Centro Cardio-Neuro Oftalmologico y Trasplante,Compras por Debajo del Umbral,Proceso ordinario,MANTENIMIENTO PREVENTIVO PARA PLANTA DE OSMOSIS POR UN PERIODO DE DOS  (2) MESES,Proceso adjudicado y celebrado,DOP,113666.66,2025-03-18,14:01:24,No,No,Servicios,No,No,No,https://comunidad.comprasdominicana.gob.do//Public/Tendering/OpportunityDetail/Index?noticeUID=DO1.NTC.1528732
EDESUR-DAF-CM-2025-0012,815,Empresa Distribuidora de Electricidad del Sur,Contratación Menor,Proceso ordinario, Adquisiición de Consuctores para Mantenimeinto de Redes y Alumbrado Publico ,Proceso adjudicado y celebrado,DOP,1417065.24,2025-03-28,17:00:01,No,No,Bienes,No,No,No,https://comunidad.comprasdominicana.gob.do//Public/Tendering/OpportunityDetail/Index?noticeUID=DO1.NTC.1533838
CGLEA-DAF-CD-2025-0091,989,Centro de Gastroenterología Doctor Luis Eduardo Aybar,Compras por Debajo del Umbral,Proceso ordinario,COMPRA DE REACTIVOS PARA EQUIPO MINI VIDAS UTILIZADOS EN EL DEPARTAMENTO DE PRUEBAS ESPECIALES,Proceso adjudicado y celebrado,DOP,199953.0,2025-04-01,11:25:04,No,No,Bienes,No,No,No,https://comunidad.comprasdominicana.gob.do//Public/Tendering/OpportunityDetail/Index?noticeUID=DO1.NTC.1535312
ETED-DAF-CD-2025-0165,612,Empresa de Transmisión Eléctrica Dominicana,Compras por Debajo del Umbral,Proceso ordinario,SERVICIO DE CONFECCION DE GABINET HIDROFUGO MELAMINA,Proceso adjudicado y celebrado,DOP,23600.0,2025-04-02,12:02:30,No,No,Servicios,No,No,No,https://comunidad.comprasdominicana.gob.do//Public/Tendering/OpportunityDetail/Index?noticeUID=DO1.NTC.1535910
CECANOT-DAF-CM-2025-0084,885,Centro Cardio-Neuro Oftalmologico y Trasplante,Contratación Menor,Proceso ordinario,ADQUISICION LEVETIRACETAM 500 MG/5ML (concentrado solución para perfusión).,Proceso adjudicado y celebrado,DOP,890000.0,2025-04-04,12:01:48,No,No,Bienes,No,No,No,https://comunidad.comprasdominicana.gob.do//Public/Tendering/OpportunityDetail/Index?noticeUID=DO1.NTC.1537014
IDOPPRIL-DAF-CD-2025-0043,735,Instituto Dominicano de la Prevención y Protección de Riesgos Laborales,Compras por Debajo del Umbral,Proceso ordinario,ADECUACION DEL NUEVO  LOCAL OFICINA PROVICIONAL DE NAGUA ,Proceso con etapa cerrada,DOP,190000.0,2025-04-08,12:02:23,No,No,Bienes,No,No,No,https://comunidad.comprasdominicana.gob.do//Public/Tendering/OpportunityDetail/Index?noticeUID=DO1.NTC.1538012
ASDE-DAF-CD-2025-0038,615,Ayuntamiento Santo Domingo Este,Compras por Debajo del Umbral,Proceso ordinario,SOLICITUD DE COMPRA DE MUEBLES PARA OFICINA DE LA MINI-ALCALDIA CIUDAD JUAN BOSH,Proceso adjudicado y celebrado,DOP,246095.0,2025-04-10,15:40:17,No,No,Bienes,No,No,No,https://comunidad.comprasdominicana.gob.do//Public/Tendering/OpportunityDetail/Index?noticeUID=DO1.NTC.1539444
CONAVIHSIDA-DAF-CD-2025-0013,243,Consejo Nacional para el VIH y el SIDA,Compras por Debajo del Umbral,Proceso ordinario,"ADQUISICION DE 200 FARDOS DE AGUA, PARA CONSUMO EN EL CONAVIHSIDA.",Proceso adjudicado y celebrado,DOP,28000.0,2025-04-14,12:02:47,No,No,Bienes,No,No,No,https://comunidad.comprasdominicana.gob.do//Public/Tendering/OpportunityDetail/Index?noticeUID=DO1.NTC.1540728
BATALLA CARRERAS-DAF-CD-2025-0021,170,Academia Militar Batalla de las Carreras,Compras por Debajo del Umbral,Proceso ordinario,SOLITUD DE UNA BOMBA DE AGUA ,Proceso adjudicado y celebrado,DOP,114460.0,2025-04-22,16:15:01,No,No,Bienes,No,No,No,https://comunidad.comprasdominicana.gob.do//Public/Tendering/OpportunityDetail/Index?noticeUID=DO1.NTC.1543649
ADN-DAF-CD-2025-0114,617,Ayuntamiento del Distrito Nacional (ADN),Compras por Debajo del Umbral,Proceso ordinario,"Adquisición de Centellas, sirena parlante y luces",Proceso adjudicado y celebrado,DOP,152000.0,2025-04-22,15:01:26,No,No,Bienes,No,No,No,https://comunidad.comprasdominicana.gob.do//Public/Tendering/OpportunityDetail/Index?noticeUID=DO1.NTC.1543638
IDECOOP-DAF-CD-2025-0030,839,Instituto de Desarrollo y Crédito Cooperativo,Compras por Debajo del Umbral,Proceso ordinario,Servicio de instalación de aires acondicionados.,Proceso adjudicado y celebrado,DOP,168105.0,2025-04-25,12:05:12,No,No,Servicios,No,No,No,https://comunidad.comprasdominicana.gob.do//Public/Tendering/OpportunityDetail/Index?noticeUID=DO1.NTC.1545516
SUPBANCO-DAF-CM-2025-0035,639,Superintendencia de Bancos,Contratación Menor,Proceso ordinario,"[PRESENTAR OFERTA SIN ITBIS] Adquisición e instalación de la estructura exterior para completar la mejora de la eficiencia energética en el edificio anexo de la sede central, (2da Convocatoria).",Proceso desierto,DOP,1858760.2,2025-04-28,13:30:01,No,No,Servicios,No,No,No,https://comunidad.comprasdominicana.gob.do//Public/Tendering/OpportunityDetail/Index?noticeUID=DO1.NTC.1546131
ARD-DAF-CM-2025-0042,172,Armada de República Dominicana,Contratación Menor,Proceso ordinario,"ADQUISICIÓN DE MATERIALES ELÉCTRICOS, PARA SER UTILIZADOS EN LA ACADEMIA NAVAL “VICEALMIRANTE CESAR A. DE WINDT LAVANDIER”, ARD.",Proceso adjudicado y celebrado,DOP,1452730.0,2025-04-29,12:03:04,Si,Si,Bienes,No,No,No,https://comunidad.comprasdominicana.gob.do//Public/Tendering/OpportunityDetail/Index?noticeUID=DO1.NTC.1546917
SIUBEN-DAF-CD-2025-0024,195,Sistema Unico de Beneficiarios (SIUBEN),Compras por Debajo del Umbral,Proceso ordinario,"Contratación del servicio de lavado y planchado para manteles, topes y bambalinas de la oficina principal del SIUBEN",Proceso adjudicado y celebrado,DOP,40000.0,2025-05-01,10:20:05,No,No,Servicios,No,Si,No,https://comunidad.comprasdominicana.gob.do//Public/Tendering/OpportunityDetail/Index?noticeUID=DO1.NTC.1548107
ASDE-DAF-CM-2025-0069,615,Ayuntamiento Santo Domingo Este,Contratación Menor,Proceso ordinario,SOLICITUD DE COMPRAS DE FUNDAS DE CEMENTO GRIS EL CUAL SERA UTILIZADO POR LA DIRECCIÓN DE INGENIERÍA Y OBRAS MUNICIPALES DEL ASDE ,Proceso adjudicado y celebrado,DOP,1800000.0,2025-05-06,11:01:14,No,No,Bienes,No,No,No,https://comunidad.comprasdominicana.gob.do//Public/Tendering/OpportunityDetail/Index?noticeUID=DO1.NTC.1549612
POLITUR-DAF-CD-2025-0010,146,Dirección Central de Policía de Turismo,Compras por Debajo del Umbral,Proceso ordinario,SOLICITUD DE ADQUISICION DE VEGETALES,Proceso adjudicado y celebrado,DOP,247999.75,2025-05-06,14:00:45,No,No,Bienes,No,No,No,https://comunidad.comprasdominicana.gob.do//Public/Tendering/OpportunityDetail/Index?noticeUID=DO1.NTC.1549334
VIGILANCIA PRIVADA-DAF-CD-2025-0013,181,Superintendencia de Vigilancia y Seguridad Privada,Compras por Debajo del Umbral,Proceso ordinario,ADQUISICION DE GABINETE PARA COCINA,Proceso desierto,DOP,150000.0,2025-05-07,14:30:14,No,No,Bienes,No,No,No,https://comunidad.comprasdominicana.gob.do//Public/Tendering/OpportunityDetail/Index?noticeUID=DO1.NTC.1550137
PNMN-DAF-CM-2025-0005,1021,Parque Nacional Mirador Norte,Contratación Menor,Proceso ordinario,Adquisición de lubricantes,Proceso adjudicado y celebrado,DOP,252500.0,2025-05-08,13:00:55,No,No,Bienes,No,No,No,https://comunidad.comprasdominicana.gob.do//Public/Tendering/OpportunityDetail/Index?noticeUID=DO1.NTC.1550730
LMD-DAF-CD-2025-0072,828,Liga Municipal Dominicana,Compras por Debajo del Umbral,Proceso ordinario,ADQUISICION DE AZUCAR Y CAFE,Proceso adjudicado y celebrado,DOP,153500.0,2025-05-09,17:00:48,No,No,Bienes,No,No,No,https://comunidad.comprasdominicana.gob.do//Public/Tendering/OpportunityDetail/Index?noticeUID=DO1.NTC.1551460
TSS-DAF-CM-2025-0030,545,Tesorería de la Seguridad Social,Contratación Menor,Proceso ordinario,Adquisición de Artículos de Limpieza e Higiene Dirigido a MiPymes Mujer,Proceso adjudicado y celebrado,DOP,359107.09,2025-05-15,15:30:02,Si,Si,Bienes,No,Si,No,https://comunidad.comprasdominicana.gob.do//Public/Tendering/OpportunityDetail/Index?noticeUID=DO1.NTC.1553749
PRO CONSUMIDOR-CCC-PEOR-2025-0001,636,Instituto Nacional de Protección de los Derechos del Consumidor,Procesos de Excepción,"Obras Científicas, Técnicas, Artísticas, Restauración de monumentos",SERVICIOS ASESRORIA EXTERNA LEGAL PARA ASISTIR A LA DIRECCION EJECUTIVA DE PROCONSUMIDOR,Proceso adjudicado y celebrado,DOP,731000.0,2025-05-15,15:45:01,No,No,Servicios,No,No,No,https://comunidad.comprasdominicana.gob.do//Public/Tendering/OpportunityDetail/Index?noticeUID=DO1.NTC.1553449
HSBG-DAF-CD-2025-0099,1136,Hospital Dr. Salvador B. Gautier,Compras por Debajo del Umbral,Proceso ordinario,Adquisición de MEDICAMENTOS VARIOS ( LEVETIRACETAM 500MG ).,Proceso adjudicado y celebrado,DOP,99000.0,2025-05-19,08:30:04,No,No,Bienes,No,No,No,https://comunidad.comprasdominicana.gob.do//Public/Tendering/OpportunityDetail/Index?noticeUID=DO1.NTC.1554902
MICM-DAF-CM-2025-0059,251,"Ministerio de Industria, Comercio y Mipymes",Contratación Menor,Proceso ordinario,Contratación de Servicios para la Adquisición e Instalación de Neumáticos para la Flotilla Vehicular de este MICM - Compras Verdes..,Cancelado,DOP,1700000.0,2025-05-21,17:01:06,No,No,Servicios,No,Si,No,https://comunidad.comprasdominicana.gob.do//Public/Tendering/OpportunityDetail/Index?noticeUID=DO1.NTC.1556065
ARD-DAF-CD-2025-0069,172,Armada de República Dominicana,Compras por Debajo del Umbral,Proceso ordinario,"ADQUISICIÓN DE REPUESTOS, PARA SER UTILIZADOS EN LOS MANTENIMIENTOS A LOS MOTORES DE LAS LANCHAS AUXILIARES ¨PIRAÑA- 01, PIRAÑA-02 Y RIO CUMAYASA LA-04¨, ARD.",Proceso adjudicado y celebrado,DOP,238880.0,2025-05-22,17:01:35,No,No,Bienes,No,No,No,https://comunidad.comprasdominicana.gob.do//Public/Tendering/OpportunityDetail/Index?noticeUID=DO1.NTC.1556551
MIREX-DAF-CM-2025-0053,1,Ministerio de Relaciones Exteriores,Contratación Menor,Proceso ordinario,SERVICIO DE CAPACITACIÓN PARA EL PERSONAL DEL MIREX (DIRIGIDO A MIPYMES)(ITEM DECLARADO DESIERTO MEDIANTE PROCESO MIREX-DAF-CM-2025-0024).,Proceso adjudicado y celebrado,DOP,330000.0,2025-05-27,15:00:16,Si,No,Servicios,No,No,No,https://comunidad.comprasdominicana.gob.do//Public/Tendering/OpportunityDetail/Index?noticeUID=DO1.NTC.1558744
SGN-DAF-CD-2025-0020,854,Servicio Geológico Nacional,Compras por Debajo del Umbral,Proceso ordinario,"ADQUISICION DE TONER, PARA SER USADO EN LAS IMPRESORAS DE LOS DIFERENTES DEPARTAMENTOS DE ESTA INSTITUCION.",Proceso adjudicado y celebrado,DOP,203900.0,2025-06-02,13:00:13,No,No,Bienes,No,No,No,https://comunidad.comprasdominicana.gob.do//Public/Tendering/OpportunityDetail/Index?noticeUID=DO1.NTC.1561227
ONAPI-DAF-CD-2025-0076,717,Oficina Nacional de la Propiedad Industrial,Compras por Debajo del Umbral,Proceso ordinario,"Capacitación para colaboradores del departamento de asesoría de ONAPI, en el XXIII Congreso Regional de Auditoria Interna, Control de Gestión, Riesgo y Finanzas (CRAICG 2025) a realizarse del 19 al 22",Proceso adjudicado y celebrado,DOP,240000.0,2025-06-03,14:00:25,No,No,Servicios,No,No,No,https://comunidad.comprasdominicana.gob.do//Public/Tendering/OpportunityDetail/Index?noticeUID=DO1.NTC.1561419
MAP-DAF-CM-2025-0034,175,Ministerio de Administración Pública,Contratación Menor,Proceso ordinario,SOLICITUD DE ADQUISICIÓN DE EQUIPOS MOBILIARIOS PARA LAS DIFERENTES AREAS DE ESTE MINISTERIO DE ADMINISTRACIÓN PÚBLICA (MAP). MIPYMES MUJER.,Proceso adjudicado y celebrado,DOP,517000.0,2025-06-03,10:02:53,Si,Si,Bienes,No,No,No,https://comunidad.comprasdominicana.gob.do//Public/Tendering/OpportunityDetail/Index?noticeUID=DO1.NTC.1561713
SREV-DAF-CD-2025-0034,1083,Servicio Regional de Salud El Valle,Compras por Debajo del Umbral,Proceso ordinario,Mantenimiento y reparacion de cisterna,Proceso adjudicado y celebrado,DOP,210000.0,2025-06-03,10:02:53,No,No,Servicios,No,No,No,https://comunidad.comprasdominicana.gob.do//Public/Tendering/OpportunityDetail/Index?noticeUID=DO1.NTC.1561905
GCPS-DAF-CM-2025-0142,178,Gabinete de Coordinación de Políticas Sociales,Contratación Menor,Proceso ordinario,Adquisición de Equipo Maker para el Proyecto de Robótica para los Centros Tecnológicos Comunitarios CTC,Proceso desierto,DOP,1490000.0,2025-06-04,17:00:37,No,No,Bienes,No,No,No,https://comunidad.comprasdominicana.gob.do//Public/Tendering/OpportunityDetail/Index?noticeUID=DO1.NTC.1562053
CORAAVEGA-DAF-CD-2025-0098,712,Corporación de Acueductos y Alcantarillados de La Vega,Compras por Debajo del Umbral,Proceso ordinario,"ADQUISICION DE PINTURAS Y MATERIALES COMPLETIVO USO OFICINA, PROGRAMA MODERNIZACION SECTOR AGUA.",Proceso adjudicado y celebrado,DOP,5399.97,2025-06-04,10:02:31,No,No,Bienes,No,No,No,https://comunidad.comprasdominicana.gob.do//Public/Tendering/OpportunityDetail/Index?noticeUID=DO1.NTC.1562409
HRLMK-DAF-CD-2025-0188,1289,Hospital Regional Luís Morillo King,Compras por Debajo del Umbral,Proceso ordinario,Servicios de reproducciones ,Proceso adjudicado y celebrado,DOP,245700.0,2025-06-04,11:20:01,No,No,Servicios,No,No,No,https://comunidad.comprasdominicana.gob.do//Public/Tendering/OpportunityDetail/Index?noticeUID=DO1.NTC.1562316
HOSPNEYARIAS-DAF-CM-2025-0251,862,Hospital Traumatológico Dr. Ney Arias Lora,Contratación Menor,Proceso ordinario,REMIFENTANILO ,Proceso adjudicado y celebrado,DOP,920000.0,2025-06-11,12:02:52,No,No,Bienes,No,No,No,https://comunidad.comprasdominicana.gob.do//Public/Tendering/OpportunityDetail/Index?noticeUID=DO1.NTC.1565223
MMUJER-CCC-PEPU-2025-0029,174,Ministerio de la Mujer,Procesos de Excepción,Proveedor único,CONTRATACIÓN DE SERVICIO DE ALQUILER DE UN LOCAL PARA SER OCUPADO POR EL CENTRO DE CAPACITACIÓN PROFESORA CÁNDIDA PERALTA EN DAJABÓN. ,Proceso adjudicado y celebrado,DOP,452726.04,2025-06-11,12:30:03,No,No,Servicios,No,No,No,https://comunidad.comprasdominicana.gob.do//Public/Tendering/OpportunityDetail/Index?noticeUID=DO1.NTC.1565230
GCPS-DAF-CM-2025-0163,178,Gabinete de Coordinación de Políticas Sociales,Contratación Menor,Proceso ordinario,Adquisición de Camisetas  (t-shirts) para diferentes Actividades de los Centros Tecnológicos Comunitarios CTC,Proceso adjudicado y celebrado,DOP,254250.0,2025-06-12,10:03:27,No,No,Bienes,No,No,No,https://comunidad.comprasdominicana.gob.do//Public/Tendering/OpportunityDetail/Index?noticeUID=DO1.NTC.1565712
DGBN-DAF-CD-2025-0025,122,Dirección General de Bienes Nacionales,Compras por Debajo del Umbral,Proceso ordinario,"Adquisición de Resmas de Papel Bond 20, para uso de la institución. Dirigido a Mipymes",Proceso adjudicado y celebrado,DOP,199750.0,2025-06-17,10:30:49,Si,No,Bienes,No,No,No,https://comunidad.comprasdominicana.gob.do//Public/Tendering/OpportunityDetail/Index?noticeUID=DO1.NTC.1567906
SNS-DAF-CD-2025-0008,983,Servicio Nacional de Salud,Compras por Debajo del Umbral,Proceso ordinario,"ADQUISICIÓN DE MATERIALES TERAPIA DEL LENGUAJE PARA USO DEL  PROGRAMA DETECCIÓN TEMPRANA DEL DÉFICIT AUDITIVO DEL PROGRAMA POR RESULTADOS (POR) 44, DEL SERVICIO NACIONAL DE SALUD 						",Proceso desierto,DOP,105717.3,2025-06-17,12:00:50,No,No,Bienes,No,No,No,https://comunidad.comprasdominicana.gob.do//Public/Tendering/OpportunityDetail/Index?noticeUID=DO1.NTC.1567725
PRO CONSUMIDOR-DAF-CD-2025-0041,636,Instituto Nacional de Protección de los Derechos del Consumidor,Compras por Debajo del Umbral,Proceso ordinario,ADQUISICION DE SISTEMA ELECTRONICO PAGA PAGO PEAJE (PASO RAPIDO),Proceso adjudicado y celebrado,DOP,45000.0,2025-06-18,11:30:01,No,No,Bienes,No,No,No,https://comunidad.comprasdominicana.gob.do//Public/Tendering/OpportunityDetail/Index?noticeUID=DO1.NTC.1568315
MIDEREC-DAF-CM-2025-0042,225,"Ministerio de Deportes, Educación Física y Recreación",Contratación Menor,Proceso ordinario,Servicios de Montaje de Eventos Institucionales en la Región Zona Norte. Dirigido a MIPYMES Mujer.,Proceso adjudicado y celebrado,DOP,1850000.0,2025-06-25,09:00:46,Si,Si,Servicios,No,No,No,https://comunidad.comprasdominicana.gob.do//Public/Tendering/OpportunityDetail/Index?noticeUID=DO1.NTC.1570704
SIV-DAF-CD-2025-0068,809,Superintendencia de Valores,Compras por Debajo del Umbral,Proceso ordinario,Servicio de Diseño Arquitectónico en Diferentes áreas de la Superintendencia del Mercado de Valores,Proceso adjudicado y celebrado,DOP,247800.0,2025-06-27,14:10:05,No,No,Servicios,No,No,No,https://comunidad.comprasdominicana.gob.do//Public/Tendering/OpportunityDetail/Index?noticeUID=DO1.NTC.1571834
HOSPNEYARIAS-DAF-CD-2025-0434,862,Hospital Traumatológico Dr. Ney Arias Lora,Compras por Debajo del Umbral,Proceso ordinario,CILINDRO DE OXIGENO,Proceso adjudicado y celebrado,DOP,16843.0,2025-06-27,09:35:03,No,No,Servicios,No,No,No,https://comunidad.comprasdominicana.gob.do//Public/Tendering/OpportunityDetail/Index?noticeUID=DO1.NTC.1571705
ISFODOSU-DAF-CM-2025-0129,883,Instituto Superior de Formación Docente Salomé Ureña,Contratación Menor,Proceso ordinario,"Recinto-03-RLNNM-Licey Al Medio- -Contratación de servicio, mantenimiento y/o reparación de vehículos",Proceso adjudicado y celebrado,DOP,920000.0,2025-06-30,15:30:03,No,No,Servicios,No,No,No,https://comunidad.comprasdominicana.gob.do//Public/Tendering/OpportunityDetail/Index?noticeUID=DO1.NTC.1572838
CONTRALORIA-DAF-CM-2025-0040,139,Contraloría Gral de la República,Contratación Menor,Proceso ordinario,ADQUISICIÓN DE MATERIAL GASTABLE PARA USO DE LA INSTITUCIÓN. ,Proceso adjudicado y celebrado,DOP,489360.0,2025-06-30,13:00:17,No,No,Bienes,No,No,No,https://comunidad.comprasdominicana.gob.do//Public/Tendering/OpportunityDetail/Index?noticeUID=DO1.NTC.1572324
INEFI-DAF-CM-2025-0040,875,Instituto Nacional de Educacion Fisica,Contratación Menor,Proceso ordinario,SOLICITUD DE COMPRAS DE BANDERA,Proceso adjudicado y celebrado,DOP,333191.1,2025-07-04,10:02:41,No,No,Bienes,No,No,No,https://comunidad.comprasdominicana.gob.do//Public/Tendering/OpportunityDetail/Index?noticeUID=DO1.NTC.1575204
ETED-DAF-CM-2025-0183,612,Empresa de Transmisión Eléctrica Dominicana,Contratación Menor,Proceso ordinario,POSTE DE MADERA TRATADA DE 65-CLASE-2,Proceso adjudicado y celebrado,DOP,1260000.0,2025-07-07,17:00:18,Si,No,Bienes,No,No,No,https://comunidad.comprasdominicana.gob.do//Public/Tendering/OpportunityDetail/Index?noticeUID=DO1.NTC.1575443
INDOMET-DAF-CM-2025-0015,228,Instituto Dominicano de Meteorología,Contratación Menor,Proceso ordinario,Adquisición de Materiales Ferreteros,Proceso adjudicado y celebrado,DOP,1471042.95,2025-07-07,10:08:04,No,No,Bienes,No,No,No,https://comunidad.comprasdominicana.gob.do//Public/Tendering/OpportunityDetail/Index?noticeUID=DO1.NTC.1575610
HPDHG-DAF-CD-2025-0632,928,Hospital Pediátrico Dr. Hugo De Mendoza (HPHM),Compras por Debajo del Umbral,Proceso ordinario,COMPRA DE REACTIVOS LABORATORIOS ,Proceso adjudicado y celebrado,DOP,89200.0,2025-07-14,13:10:05,No,No,Bienes,No,No,No,https://comunidad.comprasdominicana.gob.do//Public/Tendering/OpportunityDetail/Index?noticeUID=DO1.NTC.1578932
Hosp. Juan Bosch-DAF-CD-2025-0191,945,Hospital Traumatológico y Quirúrgico del Cibao Central Juan Bosch,Compras por Debajo del Umbral,Proceso ordinario,CONTRATACION DE SERVICIO DE ALQUILER DE TRANSPORTE (CAMION REFRIGERADO) PARA LOS VIAJES DE PROMESECAL  DEL 3ER TRIMESTRE DEL  2025.,Proceso adjudicado y celebrado,DOP,247200.0,2025-07-18,13:00:49,No,No,Servicios,No,No,No,https://comunidad.comprasdominicana.gob.do//Public/Tendering/OpportunityDetail/Index?noticeUID=DO1.NTC.1581528
CONADIS-DAF-CM-2025-0015,205,Consejo Nacional de Discapacitados,Contratación Menor,Proceso ordinario,"Contratación de Salón con Alimentos, Bebidas y Misceláneos para Talleres de Capacitación del Sistema Nacional de Valoración del Conadis",Proceso adjudicado y celebrado,DOP,1000000.0,2025-07-21,13:00:25,No,No,Servicios,No,No,No,https://comunidad.comprasdominicana.gob.do//Public/Tendering/OpportunityDetail/Index?noticeUID=DO1.NTC.1581926
CECANOT-DAF-CM-2025-0130,885,Centro Cardio-Neuro Oftalmologico y Trasplante,Contratación Menor,Proceso ordinario,ADQUISICION E INSTALACION DE AIRE ACONDICIONADO PARA EQUIPO ANGIOGRAFO EN EL SEGUNDO PISO BLOQUE A,Proceso adjudicado y celebrado,DOP,413000.0,2025-07-21,13:00:02,No,No,Servicios,No,No,No,https://comunidad.comprasdominicana.gob.do//Public/Tendering/OpportunityDetail/Index?noticeUID=DO1.NTC.1582230
DIGESETT-DAF-CM-2025-0056,180,Dirección General de Seguridad de Tránsito y Transporte Terrestre,Contratación Menor,Proceso ordinario,"ADQUISICION DE BANDERAS NACIONAL Y BANDERA INSTITUCIONAL, DIRIGIDO EXCLUSIVAMENTEA MIPYMES MUJERES ",Proceso adjudicado y celebrado,DOP,477900.0,2025-07-21,08:03:08,Si,Si,Bienes,No,No,No,https://comunidad.comprasdominicana.gob.do//Public/Tendering/OpportunityDetail/Index?noticeUID=DO1.NTC.1581806
INABIE-DAF-CD-2025-0051,856,INSTITUTO NACIONAL DE BIENESTAR ESTUDIANTIL,Compras por Debajo del Umbral,Proceso ordinario,Adquisición de insumo tecnológico para ser utilizado en el INABIE,Proceso adjudicado y celebrado,DOP,112693.0,2025-07-23,15:30:20,No,No,Bienes,No,No,No,https://comunidad.comprasdominicana.gob.do//Public/Tendering/OpportunityDetail/Index?noticeUID=DO1.NTC.1583540
INEFI-DAF-CM-2025-0046,875,Instituto Nacional de Educacion Fisica,Contratación Menor,Proceso ordinario,PRODUCCIÓN AUDIOVISUAL PARA LOS JUEGOS ESCOLARES DEPORTIVOS NACIONALES 2025.,Proceso adjudicado y celebrado,DOP,1711000.0,2025-07-29,10:02:43,No,No,Servicios,No,No,No,https://comunidad.comprasdominicana.gob.do//Public/Tendering/OpportunityDetail/Index?noticeUID=DO1.NTC.1585510
IIBI-DAF-CD-2025-0091,694,Instituto de Innovación en Biotecnología e Industria,Compras por Debajo del Umbral,Proceso ordinario,COMPRA DE GALONES DE AGUA DESTILADA PARA USO DEL LABORATORIO DE MICROBIOLOGIA,Proceso adjudicado y celebrado,DOP,35350.0,2025-08-01,11:00:39,No,No,Bienes,No,No,No,https://comunidad.comprasdominicana.gob.do//Public/Tendering/OpportunityDetail/Index?noticeUID=DO1.NTC.1587416
UNADE-DAF-CD-2025-0081,546,Universidad Nacional para la Defensa,Compras por Debajo del Umbral,Proceso ordinario,"Servicio de instalación de inversor, en esta Universidad Nacional Para la Defensa.",Proceso adjudicado y celebrado,DOP,42480.0,2025-08-08,13:01:17,No,No,Servicios,No,No,No,https://comunidad.comprasdominicana.gob.do//Public/Tendering/OpportunityDetail/Index?noticeUID=DO1.NTC.1590428
Hosp. Juan Bosch-DAF-CD-2025-0224,945,Hospital Traumatológico y Quirúrgico del Cibao Central Juan Bosch,Compras por Debajo del Umbral,Proceso ordinario,ADQUISICION DE MATERIAL MEDICO GASTABLE (HILOS)  PARA EL T3 DEL  HRTQPJB.,Proceso adjudicado y celebrado,DOP,225000.0,2025-08-12,09:30:02,No,No,Bienes,No,No,No,https://comunidad.comprasdominicana.gob.do//Public/Tendering/OpportunityDetail/Index?noticeUID=DO1.NTC.1592506
INDRHI-DAF-CD-2025-0466,640,Instituto Nacional de Recursos Hidráulicos,Compras por Debajo del Umbral,Proceso ordinario,"ALQUILER DE CAMIONETA, PARA SER USADA POR LA SUB-DIRETOR, COORDINADOR PROYECTO AZUA II, PUEBLO VIEJO  , DEBIDO  A QUE A LA ASIGNADA  ESTAN EN MANTENIMIENTO",Proceso adjudicado y celebrado,DOP,47500.0,2025-08-13,15:21:04,No,No,Servicios,No,No,No,https://comunidad.comprasdominicana.gob.do//Public/Tendering/OpportunityDetail/Index?noticeUID=DO1.NTC.1593162
OPRET-DAF-CD-2025-0148,247,Oficina para el Reordenamiento del Transporte,Compras por Debajo del Umbral,Proceso ordinario,AQUISICION DE PIEZAS PARA EQUIPOS DE COMPUTO,Proceso adjudicado y celebrado,DOP,23989.85,2025-09-04,15:40:04,No,No,Bienes,No,No,No,https://comunidad.comprasdominicana.gob.do//Public/Tendering/OpportunityDetail/Index?noticeUID=DO1.NTC.1602843
PROCOMPETENCIA-DAF-CD-2025-0044,831,Comisión Nacional de Defensa de la Competencia,Compras por Debajo del Umbral,Proceso ordinario,CONTRATACIÓN DE SERVICIO DE MENSAJERIA PARA ENTREGA DE INVITACIONES DE ACTIVIDADES DE PROCOMPETENCIA,Proceso adjudicado y celebrado,DOP,115395.0,2025-09-05,16:10:00,No,No,Servicios,No,No,No,https://comunidad.comprasdominicana.gob.do//Public/Tendering/OpportunityDetail/Index?noticeUID=DO1.NTC.1603444
DIGEMAPS-DAF-CM-2025-0018,1416,"Dirección General de Medicamentos, Alimentos y Productos Sanitarios",Contratación Menor,Proceso ordinario,"Adquisición de Neumáticos para Vehículos de esta Dirección General de Medicamentos, Alimentos y Productos Sanitarios (DIGEMAPS)",Proceso adjudicado y celebrado,DOP,760896.0,2025-09-05,15:20:19,No,No,Bienes,No,No,No,https://comunidad.comprasdominicana.gob.do//Public/Tendering/OpportunityDetail/Index?noticeUID=DO1.NTC.1603434
MAPRE-DAF-CD-2025-0129,134,Ministerio Administrativo de la Presidencia,Compras por Debajo del Umbral,Proceso ordinario,ADQUISICION DE DISPLAY Y MANTENIMIENTO DE MAQUINAS PARA PANTRYS ,Proceso adjudicado y celebrado,DOP,146941.86,2025-09-15,15:55:00,No,No,Servicios,No,No,No,https://comunidad.comprasdominicana.gob.do//Public/Tendering/OpportunityDetail/Index?noticeUID=DO1.NTC.1606832
CNCCMDL-DAF-CD-2025-0047,723,Consejo Nacional para el Cambio Climático y Mercado de Carbono,Compras por Debajo del Umbral,Proceso ordinario,ADQUISICIÓN MATERIALES DE OFICINA.,Proceso adjudicado y celebrado,DOP,67310.0,2025-09-19,15:02:26,No,No,Bienes,No,No,No,https://comunidad.comprasdominicana.gob.do//Public/Tendering/OpportunityDetail/Index?noticeUID=DO1.NTC.1609629
Inst. Nac. de Cancer-DAF-CM-2025-0178,876,Instituto Nacional de Cancer 'Rosa E. Tavares',Contratación Menor,Proceso ordinario,Adquisicion de insumos medicos ,Proceso adjudicado y celebrado,DOP,1813847.86,2025-09-23,12:00:18,No,No,Bienes,No,No,No,https://comunidad.comprasdominicana.gob.do//Public/Tendering/OpportunityDetail/Index?noticeUID=DO1.NTC.1610814
HDSSD-CCC-PEEX-2025-0017,747,Hospital Docente SEMMA,Procesos de Excepción,Exclusividad,Compra de Botellones de Agua Lleno,Proceso adjudicado y celebrado,DOP,64500.0,2025-09-23,15:00:44,No,No,Bienes,No,No,No,https://comunidad.comprasdominicana.gob.do//Public/Tendering/OpportunityDetail/Index?noticeUID=DO1.NTC.1610743
Ayun. Bajos de Haina-CCC-CP-2025-0004,917,Ayuntamiento Municipal de Bajos de Haina,Comparación de Precios,Proceso ordinario,"Contratación de Obras del Presupuesto Participativo Municipal 2025 por Lotes, dirigido a Mipymes.",Proceso desierto,DOP,9233050.48,2025-10-01,17:00:57,No,No,Obras,No,No,No,https://comunidad.comprasdominicana.gob.do//Public/Tendering/OpportunityDetail/Index?noticeUID=DO1.NTC.1613738
INEFI-DAF-CD-2025-0145,875,Instituto Nacional de Educacion Fisica,Compras por Debajo del Umbral,Proceso ordinario,SOLICITUD DE SERVICIO DE MURALES (EXCLUSIVAMENTE PARA MIPYMES),Proceso adjudicado y celebrado,DOP,230100.0,2025-10-06,15:20:01,Si,No,Servicios,No,No,No,https://comunidad.comprasdominicana.gob.do//Public/Tendering/OpportunityDetail/Index?noticeUID=DO1.NTC.1616239
FAD-DAF-CM-2025-0074,173,Fuerza Aérea Dominicana,Contratación Menor,Proceso ordinario,Aquisicion de Materiales de Limpieza,Proceso adjudicado y celebrado,DOP,521281.52,2025-10-13,15:02:00,No,No,Bienes,No,No,No,https://comunidad.comprasdominicana.gob.do//Public/Tendering/OpportunityDetail/Index?noticeUID=DO1.NTC.1618953
CONADIS-DAF-CD-2025-0056,205,Consejo Nacional de Discapacitados,Compras por Debajo del Umbral,Proceso ordinario,Contratación para suministro e instalación de Puerta de Cristal Lateral y Muro de Sheetrock (Reposición),Proceso adjudicado y celebrado,DOP,65000.0,2025-10-20,11:30:02,No,No,Servicios,No,No,No,https://comunidad.comprasdominicana.gob.do//Public/Tendering/OpportunityDetail/Index?noticeUID=DO1.NTC.1622317
INAP-DAF-CD-2025-0128,176,Instituto Nacional de Administración Pública,Compras por Debajo del Umbral,Proceso ordinario,ADQUISICION DE MANTELES PARA USO DEL COMEDOR DEL INAP 	,Proceso desierto,DOP,14400.0,2025-10-20,15:02:51,No,No,Bienes,No,No,No,https://comunidad.comprasdominicana.gob.do//Public/Tendering/OpportunityDetail/Index?noticeUID=DO1.NTC.1622341
ADN-DAF-CD-2025-0343,617,Ayuntamiento del Distrito Nacional (ADN),Compras por Debajo del Umbral,Proceso ordinario,Adquisición de materiales de plomería,Proceso adjudicado y celebrado,DOP,26200.0,2025-10-21,12:03:17,Si,No,Bienes,No,No,No,https://comunidad.comprasdominicana.gob.do//Public/Tendering/OpportunityDetail/Index?noticeUID=DO1.NTC.1622629
MUSEO HISTORIA NAT.-DAF-CD-2025-0132,842,Museo Nacional de Historia Natural (Prof. Eugenio de Jesús Marcano),Compras por Debajo del Umbral,Proceso ordinario,SERVICIOS MANTENIMIENTO PREVENTIVO DE DOS ASCENSORES Y UN MONTACARGA ,Proceso adjudicado y celebrado,DOP,100000.0,2025-10-28,10:02:42,No,No,Servicios,No,No,No,https://comunidad.comprasdominicana.gob.do//Public/Tendering/OpportunityDetail/Index?noticeUID=DO1.NTC.1625810
CUSEP-CCC-CP-2025-0009,1360,Cuerpo de Seguridad Presidencial,Comparación de Precios,Proceso ordinario,ADQUISICION DE MATERIALES FERRETERO Y HERRAMIENTA PARA SER UTILIZADOS EN LA UNIDAD K-9 Y EN LA SEDE CENTRAL DEL CUERPO DE SEGURIDAD PRESIDENCIAL,Proceso adjudicado y celebrado,DOP,2884589.06,2025-10-31,13:00:22,No,No,Bienes,No,No,No,https://comunidad.comprasdominicana.gob.do//Public/Tendering/OpportunityDetail/Index?noticeUID=DO1.NTC.1627624
ERD-DAF-CM-2025-0147,171,Ejército de República Dominicana,Contratación Menor,Proceso ordinario,ADQUISICIÓN DE PASAJE AÉREO.,Proceso adjudicado y celebrado,DOP,483003.0,2025-11-04,12:02:49,No,No,Bienes,No,No,No,https://comunidad.comprasdominicana.gob.do//Public/Tendering/OpportunityDetail/Index?noticeUID=DO1.NTC.1629619
ICM-DAF-CD-2025-0093,158,Instituto Cartográfico Militar,Compras por Debajo del Umbral,Proceso ordinario,Adquisición de Materiales Eléctricos.,Proceso adjudicado y celebrado,DOP,38030.0,2025-11-04,12:10:25,No,No,Bienes,No,No,No,https://comunidad.comprasdominicana.gob.do//Public/Tendering/OpportunityDetail/Index?noticeUID=DO1.NTC.1629431
HMRA-DAF-CD-2025-0803,978,Hospital Materno Dr. Reynaldo Almanzar,Compras por Debajo del Umbral,Proceso ordinario,INSUMOS VARIOS,Proceso adjudicado y celebrado,DOP,228500.0,2025-11-06,14:03:21,No,No,Bienes,No,No,No,https://comunidad.comprasdominicana.gob.do//Public/Tendering/OpportunityDetail/Index?noticeUID=DO1.NTC.1630639
POLICIA NACIONAL-DAF-CM-2025-0064,144,Policia Nacional,Contratación Menor,Proceso ordinario,"COMPRA DE RESMAS DE PAPEL, DIRIGIDO A EMPRESAS MIPYMES MUJERES",Proceso adjudicado y celebrado,DOP,1686000.0,2025-11-06,10:04:35,Si,Si,Bienes,No,No,No,https://comunidad.comprasdominicana.gob.do//Public/Tendering/OpportunityDetail/Index?noticeUID=DO1.NTC.1630615
GCPS-DAF-CM-2025-0306,178,Gabinete de Coordinación de Políticas Sociales,Contratación Menor,Proceso ordinario,Adquisición de Materiales de Construcción para Donación ,Proceso adjudicado y celebrado,DOP,1808400.0,2025-11-07,15:20:04,No,No,Bienes,No,No,No,https://comunidad.comprasdominicana.gob.do//Public/Tendering/OpportunityDetail/Index?noticeUID=DO1.NTC.1631644
TNR-DAF-CD-2025-0074,1158,Tecnificación Nacional de Riego,Compras por Debajo del Umbral,Proceso ordinario,Adquisición de Flash para Cámara de TNR,Proceso adjudicado y celebrado,DOP,17158.97,2025-11-12,14:10:16,No,No,Bienes,No,No,No,https://comunidad.comprasdominicana.gob.do//Public/Tendering/OpportunityDetail/Index?noticeUID=DO1.NTC.1632544
CEIRD-CCC-PEPB-2025-0003,623,Centro de Exportación e Inversión de la Republica Dominicana,Procesos de Excepción,Publicidad,EP- Promoción de acciones de la Institución en Medios de Comunicación Tradicionales,Proceso adjudicado y celebrado,DOP,1260240.0,2025-11-14,10:20:02,No,No,Servicios,No,No,No,https://comunidad.comprasdominicana.gob.do//Public/Tendering/OpportunityDetail/Index?noticeUID=DO1.NTC.1634011
DGDF-DAF-CM-2025-0019,201,Dirección General de Desarrollo Fronterizo,Contratación Menor,Proceso ordinario,MANTENIMIENTO EQUIPOS LIVIANOS T4,Proceso desierto,DOP,500000.0,2025-11-17,14:30:56,Si,No,Servicios,No,No,No,https://comunidad.comprasdominicana.gob.do//Public/Tendering/OpportunityDetail/Index?noticeUID=DO1.NTC.1634646
TSS-DAF-CD-2025-0106,545,Tesorería de la Seguridad Social,Compras por Debajo del Umbral,Proceso ordinario,Servicios De Almuerzo Ejecutivo ,Proceso adjudicado y celebrado,DOP,150000.0,2025-11-21,16:01:34,No,No,Servicios,No,No,No,https://comunidad.comprasdominicana.gob.do//Public/Tendering/OpportunityDetail/Index?noticeUID=DO1.NTC.1637142
DPP-DAF-CD-2025-0050,1156,Dirección de Prensa del Presidente,Compras por Debajo del Umbral,Proceso ordinario,"ADQUISICIÓN DE UNIFORME, PARA ESTA DIRECCIÓN DE PRENSA DEL PRESIDENTE.",Proceso adjudicado y celebrado,DOP,73368.0,2025-11-28,12:30:21,No,No,Bienes,No,No,No,https://comunidad.comprasdominicana.gob.do//Public/Tendering/OpportunityDetail/Index?noticeUID=DO1.NTC.1640931
CHN-DAF-CM-2025-0038,987,Comisión Hípica Nacional,Contratación Menor,Proceso ordinario,Adquisición de trofeos para premiaciones de Clásicos,Proceso adjudicado y celebrado,DOP,614990.0,2025-12-03,16:03:21,No,No,Bienes,No,No,No,https://comunidad.comprasdominicana.gob.do//Public/Tendering/OpportunityDetail/Index?noticeUID=DO1.NTC.1642760
INCORT-DAF-CD-2025-0156,937,Instituto Nacional de Coordinación de Transplante,Compras por Debajo del Umbral,Proceso ordinario,Llenado de 3 tanques de GLP para uso Incort,Proceso adjudicado y celebrado,DOP,8210.0,2025-12-09,13:15:03,No,No,Bienes,No,No,No,https://comunidad.comprasdominicana.gob.do//Public/Tendering/OpportunityDetail/Index?noticeUID=DO1.NTC.1646031
INABIE-CCC-LPN-2025-0050,856,INSTITUTO NACIONAL DE BIENESTAR ESTUDIANTIL,Licitación Pública Nacional,Proceso ordinario,"Adquisición de tres (3) vehículos tipo furgoneta debidamente equipados, para ser utilizados como unidades móviles por el departamento de Gestión de Salud Escolar.”",Proceso adjudicado y celebrado,DOP,43000000.0,2025-12-11,15:03:37,No,No,Bienes,No,No,No,https://comunidad.comprasdominicana.gob.do//Public/Tendering/OpportunityDetail/Index?noticeUID=DO1.NTC.1647648
DGAP-DAF-CD-2025-0441,223,Dirección General de Aduanas y Puertos,Compras por Debajo del Umbral,Proceso ordinario,"Adquisición de insumos veterinarios y transportador para perros, DGA..",Proceso adjudicado y celebrado,DOP,230853.21,2025-12-17,14:20:04,No,No,Bienes,No,No,No,https://comunidad.comprasdominicana.gob.do//Public/Tendering/OpportunityDetail/Index?noticeUID=DO1.NTC.1650337
CORAAVEGA-DAF-CD-2025-0243,712,Corporación de Acueductos y Alcantarillados de La Vega,Compras por Debajo del Umbral,Proceso ordinario,ADQUISICION DE MATERIALES PARA CONSTRUCCION DE REGISTRO DE SENSORES PARA USO DEL DEPARTAMENTO DE OPERACIONES.,Proceso adjudicado y celebrado,DOP,93820.0,2025-12-17,15:40:41,No,No,Bienes,No,No,No,https://comunidad.comprasdominicana.gob.do//Public/Tendering/OpportunityDetail/Index?noticeUID=DO1.NTC.1650441
Hosp. Reid Cabral-DAF-CD-2025-0877,942,Hospital Infantil Robert Reid Cabral,Compras por Debajo del Umbral,Proceso ordinario,COMPRA DE PRISMA PARA TERAPIA RENAL DE PACIENTE EN UCIP DEL HOSPITAL PEDIATRICO DR. ROBERT REID CABRAL,Proceso adjudicado y celebrado,DOP,219106.05,2025-12-18,13:15:01,No,No,Bienes,No,No,No,https://comunidad.comprasdominicana.gob.do//Public/Tendering/OpportunityDetail/Index?noticeUID=DO1.NTC.1651226
MINERD-DAF-CD-2025-0445,237,Ministerio de Educación,Compras por Debajo del Umbral,Proceso ordinario,"ADQUISICIÓN DE CERRADURA MAGNETICA CON HUELLAS Y BOTÓN DE SALIDA, PARA SER UTILIZADOS EN ESTE MINISTERIO DE EDUCACIÓN. 								",Proceso adjudicado y celebrado,DOP,76072.24,2025-12-29,15:00:43,No,No,Bienes,No,No,No,https://comunidad.comprasdominicana.gob.do//Public/Tendering/OpportunityDetail/Index?noticeUID=DO1.NTC.1654617
HDMTD-DAF-CD-2026-0005,1390,Hospital General de Especialidades Dr. Mario Tolentino Dipp,Compras por Debajo del Umbral,Proceso ordinario,SERVICIO DE MANTENIMIENTO CORRECTIVO A LAVADORAS DE ESTERILIZACION.,Proceso adjudicado y celebrado,DOP,240000.0,2026-01-12,15:25:17,No,No,Servicios,No,No,No,https://comunidad.comprasdominicana.gob.do//Public/Tendering/OpportunityDetail/Index?noticeUID=DO1.NTC.1659615
DGAP-DAF-CD-2026-0008,223,Dirección General de Aduanas y Puertos,Compras por Debajo del Umbral,Proceso ordinario,"Suministros de bateria para la planta de parqueo Agora Mall, DGA",Proceso adjudicado y celebrado,DOP,226560.0,2026-01-13,08:30:02,No,No,Bienes,No,No,No,https://comunidad.comprasdominicana.gob.do//Public/Tendering/OpportunityDetail/Index?noticeUID=DO1.NTC.1660105
COE-CCC-CP-2026-0002,892,Centro de Operaciones de Emergencias,Comparación de Precios,Proceso ordinario,"ADQUISICIÓN DE TIKETS DE COMBUSTIBLE PREPAGADO (ENERO – DICIEMBRE 2026), PARA SER UTILIZADO POR EL PERSONAL QUE TIENE ASIGNACIÓN Y PARA LOS SERVICIOS QUE SE REALIZAN EN EL COE.",Proceso adjudicado y celebrado,DOP,2850000.0,2026-01-22,10:30:38,No,No,Bienes,No,No,No,https://comunidad.comprasdominicana.gob.do//Public/Tendering/OpportunityDetail/Index?noticeUID=DO1.NTC.1664507
CORPHOTEL-DAF-CD-2026-0003,733,Corporación de Fomento Industria Hotelera y Desarrollo del Turismo,Compras por Debajo del Umbral,Proceso ordinario,CONTRATACIÓN DE UN CURSO DE FOTOGRAFÍA DIRIGIDO A TRES (3) COLABORADORES”.,Proceso adjudicado y celebrado,DOP,18525.0,2026-01-30,12:01:39,No,No,Servicios,No,No,No,https://comunidad.comprasdominicana.gob.do//Public/Tendering/OpportunityDetail/Index?noticeUID=DO1.NTC.1667813
ARS SENASA-DAF-CD-2026-0001,690,Seguro Nacional de Salud (SENASA),Compras por Debajo del Umbral,Proceso ordinario,"Servicio de Reparación de la fibra óptica de SEDE-CASITA para el Seguro Nacional de Salud, SeNaSa.",Proceso adjudicado y celebrado,DOP,184561.44,2026-02-03,16:30:04,No,No,Servicios,No,No,No,https://comunidad.comprasdominicana.gob.do//Public/Tendering/OpportunityDetail/Index?noticeUID=DO1.NTC.1668638
CSSD-DAF-CD-2026-0003,1094,Centro Sanitario de Santo Domingo,Compras por Debajo del Umbral,Proceso ordinario,ADQUISICION DE MATERIALES DE LIMPIEZA,Proceso adjudicado y celebrado,DOP,109935.0,2026-02-03,15:02:20,No,No,Bienes,No,No,No,https://comunidad.comprasdominicana.gob.do//Public/Tendering/OpportunityDetail/Index?noticeUID=DO1.NTC.1669021
ODAC-DAF-CD-2026-0003,872,Organismo Dominicano de Acreditación,Compras por Debajo del Umbral,Proceso ordinario,"Adquisición de alimentos, bebidas y removedores de café correspondientes al 1er trimestre 2026, para ser utilizados por el Organismo Dominicano de Acreditación (ODAC).",Proceso adjudicado y celebrado,DOP,28775.6,2026-02-05,10:03:32,No,No,Bienes,No,No,No,https://comunidad.comprasdominicana.gob.do//Public/Tendering/OpportunityDetail/Index?noticeUID=DO1.NTC.1670009
HOSPNEYARIAS-DAF-CD-2026-0018,862,Hospital Traumatológico Dr. Ney Arias Lora,Compras por Debajo del Umbral,Proceso ordinario,PAN,Proceso adjudicado y celebrado,DOP,54150.0,2026-02-10,09:01:55,No,No,Bienes,No,No,No,https://comunidad.comprasdominicana.gob.do//Public/Tendering/OpportunityDetail/Index?noticeUID=DO1.NTC.1672805
ERD-DAF-CM-2026-0016,171,Ejército de República Dominicana,Contratación Menor,Proceso ordinario,ADQUISICIÓN DE INVERSOR Y BATERÍAS.,Cancelado,DOP,1860484.76,2026-02-10,08:02:23,No,No,Bienes,No,No,No,https://comunidad.comprasdominicana.gob.do//Public/Tendering/OpportunityDetail/Index?noticeUID=DO1.NTC.1672703
Ayto. Verón-DAF-CM-2026-0004,938,Ayuntamiento Distrito Municipal Turístico Verón Punta Cana,Contratación Menor,Proceso ordinario,Adquisición de ataúdes para las funerarias del distrito municipal Verón Punta Cana.,Proceso adjudicado y celebrado,DOP,510000.0,2026-02-11,10:03:22,No,No,Bienes,No,No,No,https://comunidad.comprasdominicana.gob.do//Public/Tendering/OpportunityDetail/Index?noticeUID=DO1.NTC.1673009
ETED-DAF-CD-2026-0075,612,Empresa de Transmisión Eléctrica Dominicana,Compras por Debajo del Umbral,Proceso ordinario,SERVICIO DE MONTAJE Y DESMONTAJE PARA GRADUACION DEL PERSONAL MILITAR DE LA ETED,Proceso adjudicado y celebrado,DOP,224701.5,2026-02-16,10:50:05,Si,No,Servicios,No,No,No,https://comunidad.comprasdominicana.gob.do//Public/Tendering/OpportunityDetail/Index?noticeUID=DO1.NTC.1675011
HSBG-DAF-CD-2026-0031,1136,Hospital Dr. Salvador B. Gautier,Compras por Debajo del Umbral,Proceso ordinario,Adquisición Sellos Pretinados.					,Proceso adjudicado y celebrado,DOP,247878.0,2026-02-17,11:30:02,No,No,Bienes,No,No,No,https://comunidad.comprasdominicana.gob.do//Public/Tendering/OpportunityDetail/Index?noticeUID=DO1.NTC.1675410
HLA-DAF-CD-2026-0019,1161,Hospital Local El Almirante,Compras por Debajo del Umbral,Proceso ordinario,SERVICIO DE SANEAMIENTO Y LAVADO DE AGUA RESIDUALES ,Proceso adjudicado y celebrado,DOP,90000.0,2026-02-18,09:00:36,No,No,Servicios,No,No,No,https://comunidad.comprasdominicana.gob.do//Public/Tendering/OpportunityDetail/Index?noticeUID=DO1.NTC.1676303
FAD-DAF-CM-2026-0013,173,Fuerza Aérea Dominicana,Contratación Menor,Proceso ordinario,Servicio de alquiler de autobuses ,Cancelado,DOP,1859999.85,2026-02-19,16:45:01,No,No,Servicios,No,No,No,https://comunidad.comprasdominicana.gob.do//Public/Tendering/OpportunityDetail/Index?noticeUID=DO1.NTC.1676854
COREPOL-DAF-CD-2026-0002,152,Comité de Retiro de la Policia Nacional,Compras por Debajo del Umbral,Proceso ordinario,SOLICITUD COMPRA MATERIALES DE LIMPIEZA E HIGIENES.,Proceso adjudicado y celebrado,DOP,182820.0,2026-02-20,10:02:15,No,No,Bienes,No,No,No,https://comunidad.comprasdominicana.gob.do//Public/Tendering/OpportunityDetail/Index?noticeUID=DO1.NTC.1677406
INAZUCAR-DAF-CD-2026-0005,897,Instituto Azucarero Dominicano,Compras por Debajo del Umbral,Proceso ordinario,Servicio de Renovacion de Poliza de Seguro,Proceso adjudicado y celebrado,DOP,200000.0,2026-02-26,21:57:37,No,No,Servicios,No,No,No,https://comunidad.comprasdominicana.gob.do//Public/Tendering/OpportunityDetail/Index?noticeUID=DO1.NTC.1680701
SIUBEN-DAF-CM-2026-0005,195,Sistema Unico de Beneficiarios (SIUBEN),Contratación Menor,Proceso ordinario,"Contratación de servicio de mantenimiento preventivo y correctivo de la flotilla vehicular, con criterios de compras verdes, destinado a empresas Mipymes",Proceso adjudicado y celebrado,DOP,500000.0,2026-03-02,10:03:10,No,No,Servicios,No,Si,No,https://comunidad.comprasdominicana.gob.do//Public/Tendering/OpportunityDetail/Index?noticeUID=DO1.NTC.1681111
HFVCS-DAF-CD-2026-0067,1446,Hospital Dr. Francisco Vicente Castro Sandoval,Compras por Debajo del Umbral,Proceso ordinario,AQUISICION DE UTILES DE LIMPIEZA ,Proceso adjudicado y celebrado,DOP,108150.0,2026-03-04,10:04:31,No,No,Bienes,No,No,No,https://comunidad.comprasdominicana.gob.do//Public/Tendering/OpportunityDetail/Index?noticeUID=DO1.NTC.1682108
MUSEO HISTORIA NAT.-DAF-CD-2026-0012,842,Museo Nacional de Historia Natural (Prof. Eugenio de Jesús Marcano),Compras por Debajo del Umbral,Proceso ordinario,SERVICIOS REFRIGERIO INTEGRACION CELEBRACION DIA INTERNACIONAL DE LAS MUJERES,Proceso adjudicado y celebrado,DOP,21859.5,2026-03-04,14:02:47,No,No,Servicios,No,No,No,https://comunidad.comprasdominicana.gob.do//Public/Tendering/OpportunityDetail/Index?noticeUID=DO1.NTC.1682629
MIMARENA-CCC-PEPU-2026-0001,260,Ministerio de Medio Ambiente,Procesos de Excepción,Proveedor único,Adquisición y Renovación de licencias para uso de este Ministerio de Medio Ambiente,Proceso adjudicado y celebrado,DOP,88334164.26,2026-03-05,11:01:17,No,No,Bienes,No,No,No,https://comunidad.comprasdominicana.gob.do//Public/Tendering/OpportunityDetail/Index?noticeUID=DO1.NTC.1682713
MMUJER-DAF-CM-2026-0008,174,Ministerio de la Mujer,Contratación Menor,Proceso ordinario,"Adquisición de Materiales de Oficina para uso del Ministerio de la Mujer, dirigido a Mipymes.",Proceso adjudicado y celebrado,DOP,730964.5,2026-03-06,14:30:04,Si,No,Bienes,No,No,No,https://comunidad.comprasdominicana.gob.do//Public/Tendering/OpportunityDetail/Index?noticeUID=DO1.NTC.1683530
HUMNSA-DAF-CM-2026-0017,1139,Hospital Universitario Maternidad Nuestra Señora de la Altagracia,Contratación Menor,Proceso ordinario,REMODELACION LABORATORIO,Proceso adjudicado y celebrado,DOP,980000.0,2026-03-13,08:00:50,No,No,Servicios,No,No,No,https://comunidad.comprasdominicana.gob.do//Public/Tendering/OpportunityDetail/Index?noticeUID=DO1.NTC.1686502
HPDHG-DAF-CD-2026-0143,928,Hospital Pediátrico Dr. Hugo De Mendoza (HPHM),Compras por Debajo del Umbral,Proceso ordinario,COMPRA DE HILOS VICRYL Y SEDA ,Proceso adjudicado y celebrado,DOP,247800.0,2026-03-17,11:45:03,No,No,Bienes,No,No,No,https://comunidad.comprasdominicana.gob.do//Public/Tendering/OpportunityDetail/Index?noticeUID=DO1.NTC.1687513
AMT-DAF-CD-2026-0008,1066,Ayuntamiento Municipal de Tamboril,Compras por Debajo del Umbral,Proceso ordinario,Adquisicion de Servicio de Compras de materiales de oficina. ,Sobres abiertos o aperturados,DOP,114125.0,2026-03-19,18:00:04,No,No,Bienes,No,No,No,https://comunidad.comprasdominicana.gob.do//Public/Tendering/OpportunityDetail/Index?noticeUID=DO1.NTC.1688834
HMRA-DAF-CM-2026-0037,978,Hospital Materno Dr. Reynaldo Almanzar,Contratación Menor,Proceso ordinario,SERVICIO DE MANTENIMIENTOS,Proceso adjudicado y celebrado,DOP,1700000.0,2026-03-27,14:40:04,No,No,Servicios,No,No,No,https://comunidad.comprasdominicana.gob.do//Public/Tendering/OpportunityDetail/Index?noticeUID=DO1.NTC.1693633
SIUBEN-DAF-CD-2026-0016,195,Sistema Unico de Beneficiarios (SIUBEN),Compras por Debajo del Umbral,Proceso ordinario,Adquisición de Baterías para uso en equipos institucionales. ,Proceso adjudicado y celebrado,DOP,129742.5,2026-03-30,13:00:34,No,No,Bienes,No,No,No,https://comunidad.comprasdominicana.gob.do//Public/Tendering/OpportunityDetail/Index?noticeUID=DO1.NTC.1693824
PROCOMPETENCIA-DAF-CM-2026-0002,831,Comisión Nacional de Defensa de la Competencia,Contratación Menor,Proceso ordinario,CONTRATACION DE SERVICIOS DE IMPRESION DE MATERIAL PROMOCIONAL Y TIMBRADO PARA USO DE PROCOMPETENCIA,Proceso adjudicado y celebrado,DOP,1665845.0,2026-03-31,17:40:03,No,No,Bienes,No,No,No,https://comunidad.comprasdominicana.gob.do//Public/Tendering/OpportunityDetail/Index?noticeUID=DO1.NTC.1694557
DGJP-DAF-CD-2026-0005,908,Dirección Generales de Jubilaciones y Pensiones,Compras por Debajo del Umbral,Proceso ordinario,Adquisición de Letreros Institucionales ,Proceso adjudicado y celebrado,DOP,124997.4,2026-03-31,17:55:02,No,No,Bienes,No,No,No,https://comunidad.comprasdominicana.gob.do//Public/Tendering/OpportunityDetail/Index?noticeUID=DO1.NTC.1694560
INFOTEP-DAF-CD-2026-0274,581,Instituto Nacional de formación Técnico Profesional,Compras por Debajo del Umbral,Proceso ordinario,"Servicio de rotulado, para Taller Móvil de Plomería (Dirigido a MIPYMES)",Proceso adjudicado y celebrado,DOP,171000.0,2026-04-10,08:01:00,Si,No,Servicios,No,No,No,https://comunidad.comprasdominicana.gob.do//Public/Tendering/OpportunityDetail/Index?noticeUID=DO1.NTC.1699502
PROCURADURIA-DAF-CD-2026-0024,6,Procuraduría General de la República,Compras por Debajo del Umbral,Proceso ordinario,Contratación de Servicio de Poda y Corte de Árbol para el Centro de Atención de Sobrevivientes de Violencia del Distrito Nacional,Proceso adjudicado y celebrado,DOP,225000.0,2026-04-14,15:30:19,No,No,Servicios,No,No,No,https://comunidad.comprasdominicana.gob.do//Public/Tendering/OpportunityDetail/Index?noticeUID=DO1.NTC.1700550
MIDE-DAF-CM-2026-0051,153,Ministerio de Defensa,Contratación Menor,Proceso ordinario,Adquisicion de Inversor Solar y Baterias de Litios ,Proceso adjudicado y celebrado,DOP,1447679.99,2026-04-14,10:35:05,Si,Si,Bienes,No,No,No,https://comunidad.comprasdominicana.gob.do//Public/Tendering/OpportunityDetail/Index?noticeUID=DO1.NTC.1700315
SRS-Higuamo-DAF-CM-2026-0023,1047,Servicio Regional de Salud Higuamo (Región 9),Contratación Menor,Proceso ordinario,ADQUISICION DE MATERIALES DE LIMPIEZA,Proceso adjudicado y celebrado,DOP,1458305.0,2026-04-16,15:01:24,No,No,Bienes,No,No,No,https://comunidad.comprasdominicana.gob.do//Public/Tendering/OpportunityDetail/Index?noticeUID=DO1.NTC.1701530
DIECOM-DAF-CD-2026-0034,1155,Dirección de Estrategia y Comunicación Gubernamental,Compras por Debajo del Umbral,Proceso ordinario,"“Adquisición de materiales de oficina para 2do. trimestre, proceso dirigido a MiPymes Mujer”.",Proceso adjudicado y celebrado,DOP,36887.14,2026-04-16,15:30:01,Si,Si,Servicios,No,No,No,https://comunidad.comprasdominicana.gob.do//Public/Tendering/OpportunityDetail/Index?noticeUID=DO1.NTC.1701650
HUMNSA-DAF-CD-2026-0144,1139,Hospital Universitario Maternidad Nuestra Señora de la Altagracia,Compras por Debajo del Umbral,Proceso ordinario,DESPENSA,Proceso adjudicado y celebrado,DOP,229090.0,2026-04-20,10:02:05,No,No,Bienes,No,No,No,https://comunidad.comprasdominicana.gob.do//Public/Tendering/OpportunityDetail/Index?noticeUID=DO1.NTC.1703114
HGDVC-DAF-CM-2026-0044,986,Hospital General Dr. Vinicio Calventi,Contratación Menor,Proceso ordinario,"COMPRA DE TELAS Y ARTICULOS PARA EL AREA DE COSTURA, DIRIGIDO A MIPYMES MUJER",Proceso adjudicado y celebrado,DOP,1997016.0,2026-04-21,11:00:15,Si,Si,Bienes,No,No,No,https://comunidad.comprasdominicana.gob.do//Public/Tendering/OpportunityDetail/Index?noticeUID=DO1.NTC.1703517
CECANOT-DAF-CD-2026-0143,885,Centro Cardio-Neuro Oftalmologico y Trasplante,Compras por Debajo del Umbral,Proceso ordinario,CONTRATACION DE SERVICIO DE CONTROLES DE ACCESO DE PUERTAS.,Proceso adjudicado y celebrado,DOP,138414.0,2026-04-23,12:02:12,No,No,Servicios,No,No,No,https://comunidad.comprasdominicana.gob.do//Public/Tendering/OpportunityDetail/Index?noticeUID=DO1.NTC.1704822
INDRHI-DAF-CD-2026-0184,640,Instituto Nacional de Recursos Hidráulicos,Compras por Debajo del Umbral,Proceso ordinario,"COMPRA  DE  (12)    COUPLING   DE 8""   HIERRO   NEGRO  PARA  LA ESTACION  DE  BOMBEO  B-25,  UBICADA  EN  LA FINCA  NO.4  DIRECCION  REGIONAL  SISTEMA  DE RIEGO  VALLE DE AZUA ",Proceso adjudicado y celebrado,DOP,189152.52,2026-04-23,16:40:02,No,No,Bienes,No,No,No,https://comunidad.comprasdominicana.gob.do//Public/Tendering/OpportunityDetail/Index?noticeUID=DO1.NTC.1704948
CNE-DAF-CD-2026-0037,909,Comisión Nacional de Energía,Compras por Debajo del Umbral,Proceso ordinario,ADQUISICIÓN INSUMOS DE COCINA PARA ESTA CNE.,Proceso adjudicado y celebrado,DOP,268025.0,2026-04-24,14:30:05,No,No,Bienes,No,No,No,https://comunidad.comprasdominicana.gob.do//Public/Tendering/OpportunityDetail/Index?noticeUID=DO1.NTC.1705733
GCPS-DAF-CD-2026-0044,178,Gabinete de Coordinación de Políticas Sociales,Compras por Debajo del Umbral,Proceso ordinario,Adquisicion de materiales para la ruta formativa de belleza del Programa Oportunidad 14-24,Proceso adjudicado y celebrado,DOP,90530.0,2026-04-29,14:30:18,No,No,Bienes,No,No,No,https://comunidad.comprasdominicana.gob.do//Public/Tendering/OpportunityDetail/Index?noticeUID=DO1.NTC.1707533
CDC-DAF-CD-2026-0033,866,Comision de Defensa Comercial,Compras por Debajo del Umbral,Proceso ordinario,IMPLEMENTACION DE GUIAS Y REPUESTA (CHATBOT),Proceso adjudicado y celebrado,DOP,112100.0,2026-04-29,10:10:01,No,No,Servicios,No,No,No,https://comunidad.comprasdominicana.gob.do//Public/Tendering/OpportunityDetail/Index?noticeUID=DO1.NTC.1707111
INAVI-DAF-CD-2026-0032,670,Instituto Nacional de Auxilios y Viviendas,Compras por Debajo del Umbral,Proceso ordinario,ADQUISICION DE GORRAS Y POLOCHIRT,Proceso adjudicado y celebrado,DOP,173412.8,2026-04-29,15:32:04,No,No,Bienes,No,No,No,https://comunidad.comprasdominicana.gob.do//Public/Tendering/OpportunityDetail/Index?noticeUID=DO1.NTC.1707453
MUSEO HISTORIA NAT.-CCC-CP-2026-0001,842,Museo Nacional de Historia Natural (Prof. Eugenio de Jesús Marcano),Comparación de Precios,Proceso ordinario,ADQUISICION E INSTALACION DE UN (1) MONTACARGASS PARA EL MUSEO NACIONAL DE HISTORIA NATURAL,Proceso desierto,DOP,2500000.0,2026-04-30,10:30:04,No,No,Bienes,No,No,No,https://comunidad.comprasdominicana.gob.do//Public/Tendering/OpportunityDetail/Index?noticeUID=DO1.NTC.1708207
APORDOM-CCC-SI-2026-0001,687,APORDOM (Autoridad Portuaria Dominicana),Subasta Inversa,Proceso ordinario,Adquisición de Autobuses para el Transporte del Personal de APRODOM,Proceso adjudicado y celebrado,DOP,12480000.0,2026-05-01,12:30:10,No,No,Bienes,No,No,No,https://comunidad.comprasdominicana.gob.do//Public/Tendering/OpportunityDetail/Index?noticeUID=DO1.NTC.1708517
SUPBANCO-DAF-CD-2026-0061,639,Superintendencia de Bancos,Compras por Debajo del Umbral,Proceso ordinario,[PRESENTAR OFERTA SIN ITBIS] Contratación de servicio de charla para colaboradoras de la Superintendencia de Bancos.,Proceso adjudicado y celebrado,DOP,60000.0,2026-05-06,12:10:02,No,No,Servicios,No,No,No,https://comunidad.comprasdominicana.gob.do//Public/Tendering/OpportunityDetail/Index?noticeUID=DO1.NTC.1709626
MINJUS-DAF-CD-2026-0015,1551,Ministerio de Justicia,Compras por Debajo del Umbral,Proceso ordinario,Capacitación en el “Programa Gestión Estratégica de Compras Públicas en base a la nueva Ley 47-25”,Proceso adjudicado y celebrado,DOP,246000.0,2026-05-08,15:10:03,No,No,Servicios,No,No,No,https://comunidad.comprasdominicana.gob.do//Public/Tendering/OpportunityDetail/Index?noticeUID=DO1.NTC.1711826
AMLG-DAF-CD-2026-0002,1317,Ayuntamiento Municipal de las Guaranas,Compras por Debajo del Umbral,Proceso ordinario,ADQUISION DE BOCINA,Proceso adjudicado y celebrado,DOP,16000.0,2026-05-08,12:01:57,No,No,Bienes,No,No,No,https://comunidad.comprasdominicana.gob.do//Public/Tendering/OpportunityDetail/Index?noticeUID=DO1.NTC.1710826
CND-DAF-CD-2026-0037,893,Consejo Nacional de Drogas,Compras por Debajo del Umbral,Proceso ordinario,"COMPRA DE DIVERSOS ELECTRODOMÉSTICOS Y AIRE ACONDICIONADO PARA SER UTILIZADOS EN LOS DIFERENTES DEPARTAMENTOS DE ESTE CONSEJO NACIONAL DE DROGAS, DETALLES SEGUN DOCUMENTOS ANEXOS.",Proceso adjudicado y celebrado,DOP,199785.0,2026-05-11,11:40:00,No,No,Bienes,No,No,No,https://comunidad.comprasdominicana.gob.do//Public/Tendering/OpportunityDetail/Index?noticeUID=DO1.NTC.1712032
INFOTEP-DAF-CD-2026-0385,581,Instituto Nacional de formación Técnico Profesional,Compras por Debajo del Umbral,Proceso ordinario,CONTRATACION DE SERVICIOS DE MANTENIMIENTOS PREVENTIVOS Y CORRECTIVOS DE GENERADORES ELECTRICOS PARA SEDE REGIONAL ORIENTAL Y DEPENDENCIAS (DRO).,Proceso adjudicado y celebrado,DOP,268000.0,2026-05-14,12:01:26,No,No,Servicios,No,No,No,https://comunidad.comprasdominicana.gob.do//Public/Tendering/OpportunityDetail/Index?noticeUID=DO1.NTC.1714317
HFMP-CCC-LPN-2026-0002,1062,"Hospital Docente Universitario Doctor Francisco E, Moscoso Puello",Licitación Pública Nacional,Proceso ordinario,ADQUISICIÓN DE PLATAFORMA TECNOLÓGICA HOSPITALARIA INTEGRAL POR UN AÑO PARA USO DEL HOSPITAL ,Proceso con etapa cerrada,DOP,7476250.0,2026-05-14,15:30:19,No,No,Bienes,No,No,No,https://comunidad.comprasdominicana.gob.do//Public/Tendering/OpportunityDetail/Index?noticeUID=DO1.NTC.1714048
Hosp. Juan Bosch-DAF-CD-2026-0159,945,Hospital Traumatológico y Quirúrgico del Cibao Central Juan Bosch,Compras por Debajo del Umbral,Proceso ordinario,ADQUISICION DE COMPLETIVO AZTREONAM 1GR PARA EL HRTQPJ 2026,Proceso adjudicado y celebrado,DOP,267000.0,2026-05-15,12:32:02,No,No,Bienes,No,No,No,https://comunidad.comprasdominicana.gob.do//Public/Tendering/OpportunityDetail/Index?noticeUID=DO1.NTC.1714916
CPADB-CCC-CP-2026-0012,204,Comisión Presidencial Apoyo Desarrollo Barrial,Comparación de Precios,Proceso ordinario,ADQUISICION DE ELECTRODOMESTICOS PARA SER DONADOS A FAMILIAS DE ESCASOS RECURSOS,Proceso adjudicado y celebrado,DOP,4325000.0,2026-05-18,11:25:02,No,No,Bienes,No,No,No,https://comunidad.comprasdominicana.gob.do//Public/Tendering/OpportunityDetail/Index?noticeUID=DO1.NTC.1715622
RDGP-DAF-CD-2026-0044,1449,"1er. Regimiento Dominicano Guardia Presidencial, ERD.",Compras por Debajo del Umbral,Proceso ordinario,"ADQUISICION DE MATERIALES, ACCESORIOS DE LIMPIEZA Y LENTES DE SEGURIDAD, PARA SER UTILIZADOS EN ESTE 1ER. REG. DOM. GDIA. PRES. ERD",Proceso adjudicado y celebrado,DOP,45480.38,2026-05-20,10:05:27,No,No,Bienes,No,No,No,https://comunidad.comprasdominicana.gob.do//Public/Tendering/OpportunityDetail/Index?noticeUID=DO1.NTC.1716512
DGAP-DAF-CD-2026-0205,223,Dirección General de Aduanas y Puertos,Compras por Debajo del Umbral,Proceso ordinario,Servicio de reparación de fuga en tubería en planta eléctrica,Proceso adjudicado y celebrado,DOP,158182.0,2026-05-20,13:01:31,No,No,Servicios,No,No,No,https://comunidad.comprasdominicana.gob.do//Public/Tendering/OpportunityDetail/Index?noticeUID=DO1.NTC.1716329
TESORERIA NACIONAL-DAF-CD-2026-0056,222,Tesorería Nacional,Compras por Debajo del Umbral,Proceso ordinario,"CONTRATACION DE SERVICIO DE ALQUILER PARA 12 PARQUEOS POR UN PERIODO DE 3 MESES, PARA USO DE LOS SERVIDORES DE LA INSTITUCION",Proceso adjudicado y celebrado,DOP,268000.0,2026-05-22,10:02:13,No,No,Servicios,No,No,No,https://comunidad.comprasdominicana.gob.do//Public/Tendering/OpportunityDetail/Index?noticeUID=DO1.NTC.1717706
HMDAG-DAF-CD-2026-0082,1501,Hospital Municipal Dra. Armida García,Compras por Debajo del Umbral,Proceso ordinario,envases y tapas ,Proceso adjudicado y celebrado,DOP,165000.0,2026-06-02,11:53:01,No,No,Bienes,No,No,No,https://comunidad.comprasdominicana.gob.do//Public/Tendering/OpportunityDetail/Index?noticeUID=DO1.NTC.1723616
PRO CONSUMIDOR-DAF-CD-2026-0046,636,Instituto Nacional de Protección de los Derechos del Consumidor,Compras por Debajo del Umbral,Proceso ordinario,CALIBRACION DE TERMOMETROS INFRARROJOS PARA EL DESARROLLO DEL DEPARTAMENTO DE INSPECCION Y VIGILANCIA,Proceso adjudicado y celebrado,DOP,44975.7,2026-06-03,15:15:04,No,No,Servicios,No,No,No,https://comunidad.comprasdominicana.gob.do//Public/Tendering/OpportunityDetail/Index?noticeUID=DO1.NTC.1724236
SUPBANCO-DAF-CD-2026-0068,639,Superintendencia de Bancos,Compras por Debajo del Umbral,Proceso ordinario,[PRESENTAR OFERTA SIN ITBIS] [DIRIGIDO A MIPYMES] Contratación servicio de transporte para los colaboradores y de carga de la Superintendencia de Bancos. ,Proceso adjudicado y celebrado,DOP,248000.0,2026-06-10,11:00:02,Si,No,Servicios,No,No,No,https://comunidad.comprasdominicana.gob.do//Public/Tendering/OpportunityDetail/Index?noticeUID=DO1.NTC.1726818
RSCS-DAF-CM-2026-0070,1079,Servicio Regional de Salud Cibao Sur,Contratación Menor,Proceso ordinario,MEDICAMENTOS ANTIINFECCIOSOS Y MEDICAMENTOS AGENTES ANTITUMORALES,Proceso adjudicado y celebrado,DOP,1013170.0,2026-06-10,11:01:09,Si,No,Bienes,No,No,No,https://comunidad.comprasdominicana.gob.do//Public/Tendering/OpportunityDetail/Index?noticeUID=DO1.NTC.1727109
SUPBANCO-DAF-CD-2026-0088,639,Superintendencia de Bancos,Compras por Debajo del Umbral,Proceso ordinario,[PRESENTAR OFERTA SIN ITBIS] [Dirigido a MIPYMES] Adquisición de insumos de seguridad para fortalecimiento preventivo ante la temporada ciclónica en la SB (sede y dependencias).,Proceso adjudicado y celebrado,DOP,57330.0,2026-06-11,13:01:06,Si,No,Bienes,No,No,No,https://comunidad.comprasdominicana.gob.do//Public/Tendering/OpportunityDetail/Index?noticeUID=DO1.NTC.1727331
MINERD-DAF-CD-2026-0069,237,Ministerio de Educación,Compras por Debajo del Umbral,Proceso ordinario,"Adquisición de utilería deportiva para ser utilizados por estidiantes en el evento ""Deporte con Valores"", dirigido a MiPymes.",Proceso adjudicado y celebrado,DOP,68870.0,2026-06-15,14:00:11,Si,No,Bienes,No,No,No,https://comunidad.comprasdominicana.gob.do//Public/Tendering/OpportunityDetail/Index?noticeUID=DO1.NTC.1728528
AYUNTAMIENTO SAN P.-DAF-CD-2026-0028,682,Ayuntamiento de San Pedro de Macoris,Compras por Debajo del Umbral,Proceso ordinario,"ADQUISICIÓN DE CONTRATACIÓN DE SERVICIO DE IMPRESIÓN DE BANNERS Y MATERIALES PROMOCIONALES, PARA LA FERIA GASTRONÓMICA DE SAN PEDRO DE MACORÍS 2026. A CELEBRARSE EN EL MES DE JUNIO DEL PRESENTE AÑO 20",Proceso adjudicado y celebrado,DOP,250000.0,2026-06-17,10:00:11,Si,No,Servicios,No,No,No,https://comunidad.comprasdominicana.gob.do//Public/Tendering/OpportunityDetail/Index?noticeUID=DO1.NTC.1730103
SRSV-DAF-CM-2026-0029,1077,Servicio Regional de Salud Valdesia,Contratación Menor,Proceso ordinario,compra de materiales e insumos para las fisioterapias de los cdx de este srsv.,Proceso adjudicado y celebrado,DOP,1981500.0,2026-06-18,16:00:57,No,No,Bienes,No,No,No,https://comunidad.comprasdominicana.gob.do//Public/Tendering/OpportunityDetail/Index?noticeUID=DO1.NTC.1730239
PROINDUSTRIA-DAF-CD-2026-0090,677,Centro de Desarrollo y Competitividad Industrial,Compras por Debajo del Umbral,Proceso ordinario,"""ADQUISICIÓN DE ARTÍCULOS DE COCINA PARA SER UTILIZADOS EN LOS SERVICIOS DE MAYORDOMÍA DE PROINDUSTRIA"".",Proceso adjudicado y celebrado,DOP,186071.4,2026-06-22,17:30:01,No,No,Bienes,No,No,No,https://comunidad.comprasdominicana.gob.do//Public/Tendering/OpportunityDetail/Index?noticeUID=DO1.NTC.1731859
CONAPE-DAF-CM-2026-0016,210,Consejo Nacional de la Persona Envejeciente,Contratación Menor,Proceso ordinario,COMPRA DE ÚTILES  MENORES MÉDICO QUIRÚRGICOS. ,Proceso adjudicado y celebrado,DOP,599641.0,2026-06-24,10:01:18,No,No,Bienes,No,No,No,https://comunidad.comprasdominicana.gob.do//Public/Tendering/OpportunityDetail/Index?noticeUID=DO1.NTC.1733207
CONTRALORIA-DAF-CD-2026-0043,139,Contraloría Gral de la República,Compras por Debajo del Umbral,Proceso ordinario,“CONTRATACION DE SERVICIO DE DESCARGO DE ACTIVOS FIJOS  DE LA INSTITUCION A LA DIRECCION GENERAL DE BIENES  NACIONALES (DGBN),Proceso adjudicado y celebrado,DOP,70000.0,2026-06-24,12:10:03,No,No,Servicios,No,No,No,https://comunidad.comprasdominicana.gob.do//Public/Tendering/OpportunityDetail/Index?noticeUID=DO1.NTC.1732923
GCPS-DAF-CD-2026-0084,178,Gabinete de Coordinación de Políticas Sociales,Compras por Debajo del Umbral,Proceso ordinario,Adquisicion de Pin Metal con Lazo Prevencion de Cancer de Mama,Proceso adjudicado y celebrado,DOP,20000.0,2026-06-25,16:00:46,No,No,Bienes,No,No,No,https://comunidad.comprasdominicana.gob.do//Public/Tendering/OpportunityDetail/Index?noticeUID=DO1.NTC.1733952
INTRANT-DAF-CD-2026-0003,249,Instituto Nacional de Transito y Transporte Terrestre,Compras por Debajo del Umbral,Proceso ordinario,Adquisición de materiales de trabajo para personal del INTRANT que realiza operativos - Destinado a MIPYMES,Sobres abiertos o aperturados,DOP,190100.0,2026-06-26,15:00:05,Si,No,Bienes,No,No,No,https://comunidad.comprasdominicana.gob.do//Public/Tendering/OpportunityDetail/Index?noticeUID=DO1.NTC.1734136
